customer_id,country,plan,tenure_months,age,acquisition_channel,signup_discount,price_per_box_eur,late_deliveries_6m,complaints_6m,satisfaction,email_open_rate,app_user,churned_6m
C100000,CH,monthly,10,52,paid_search,0,29.9,3,1,7,0.735,1,0
C100001,DE,quarterly,1,33,paid_search,0,21.99,0,0,8,0.476,1,1
C100002,DE,quarterly,27,45,paid_search,0,21.99,0,0,8,0.486,0,0
C100003,AT,quarterly,3,33,influencer,0,22.91,0,1,9,0.657,1,0
C100004,CH,monthly,11,44,referral,0,29.9,1,0,6,0.768,0,0
C100005,DE,monthly,16,46,paid_social,1,23.9,0,0,7,0.527,0,0
C100006,CH,monthly,26,18,paid_search,1,29.9,1,0,7,0.607,1,0
C100007,DE,monthly,22,39,tv_campaign,0,23.9,0,0,9,0.497,0,0
C100008,DE,monthly,7,30,paid_social,1,23.9,0,0,7,0.784,0,0
C100009,DE,quarterly,15,50,referral,0,21.99,4,0,5,0.289,0,0
C100010,DE,quarterly,9,30,tv_campaign,1,21.99,0,0,8,0.383,1,0
C100011,DE,monthly,9,41,paid_social,1,23.9,1,0,8,0.541,1,0
C100012,DE,monthly,21,48,paid_search,0,23.9,0,0,8,0.429,0,1
C100013,DE,monthly,2,51,tv_campaign,1,23.9,0,0,9,0.057,1,0
C100014,DE,monthly,18,18,paid_social,0,23.9,0,0,7,0.649,1,0
C100015,DE,monthly,5,43,paid_social,1,23.9,1,0,10,0.273,0,0
C100016,CH,monthly,23,54,tv_campaign,0,29.9,2,0,7,0.354,0,1
C100017,DE,quarterly,3,44,influencer,1,21.99,0,0,9,0.527,0,0
C100018,DE,quarterly,2,36,paid_social,1,21.99,0,0,9,0.416,0,1
C100019,CH,monthly,6,35,referral,0,29.9,0,1,6,0.401,0,0
C100020,DE,monthly,31,58,paid_social,1,23.9,0,0,8,0.216,0,0
C100021,DE,monthly,6,46,paid_social,0,23.9,0,0,8,0.546,0,0
C100022,CH,quarterly,15,30,tv_campaign,0,27.51,1,1,7,0.721,0,0
C100023,DE,monthly,4,41,paid_search,0,23.9,1,0,6,0.902,0,0
C100024,AT,monthly,13,48,paid_social,1,24.9,1,0,6,0.47,0,0
C100025,DE,monthly,7,32,influencer,0,23.9,0,0,9,0.45,1,0
C100026,AT,monthly,22,34,influencer,0,24.9,0,0,8,0.536,1,0
C100027,AT,quarterly,4,40,influencer,1,22.91,1,0,8,0.654,0,0
C100028,DE,monthly,21,49,paid_search,0,23.9,1,1,6,0.512,1,1
C100029,AT,monthly,25,56,referral,0,24.9,1,0,8,0.407,0,0
C100030,DE,monthly,8,44,influencer,1,23.9,2,1,4,0.353,0,1
C100031,AT,quarterly,13,31,paid_social,0,22.91,1,0,6,0.285,0,0
C100032,CH,monthly,9,35,paid_search,0,29.9,1,1,6,0.547,0,1
C100033,DE,monthly,23,32,referral,1,23.9,1,0,5,0.476,1,1
C100034,DE,monthly,4,52,paid_social,1,23.9,1,0,7,0.187,0,0
C100035,DE,monthly,22,44,paid_social,0,23.9,1,0,9,0.358,0,0
C100036,AT,monthly,5,36,referral,0,24.9,0,0,9,0.351,0,0
C100037,DE,monthly,11,47,paid_search,0,23.9,3,1,4,0.3,0,0
C100038,AT,monthly,12,35,influencer,1,24.9,1,0,7,0.219,0,1
C100039,AT,monthly,3,46,influencer,1,24.9,1,2,6,0.565,0,1
C100040,AT,monthly,10,22,paid_social,0,24.9,1,1,7,0.253,1,0
C100041,DE,monthly,12,42,tv_campaign,0,23.9,0,0,8,0.569,1,0
C100042,AT,monthly,16,44,paid_search,1,24.9,1,1,5,0.501,0,0
C100043,AT,monthly,27,39,paid_search,1,24.9,1,1,6,0.737,1,0
C100044,DE,quarterly,14,48,paid_search,0,21.99,1,1,3,0.453,0,0
C100045,DE,quarterly,7,51,paid_search,0,21.99,0,0,7,0.198,0,0
C100046,DE,quarterly,2,53,influencer,1,21.99,0,0,8,0.211,1,1
C100047,DE,monthly,5,70,referral,0,23.9,0,0,7,0.15,0,1
C100048,DE,monthly,5,51,paid_social,0,23.9,0,0,7,0.321,0,0
C100049,AT,monthly,11,41,paid_search,0,24.9,0,0,8,0.368,1,0
C100050,DE,quarterly,3,20,tv_campaign,1,21.99,0,0,7,0.261,0,1
C100051,DE,quarterly,11,26,tv_campaign,1,21.99,0,0,10,0.481,1,0
C100052,AT,monthly,17,51,tv_campaign,1,24.9,1,0,9,0.645,0,0
C100053,AT,quarterly,7,55,paid_search,0,22.91,0,1,8,0.242,0,0
C100054,AT,quarterly,11,37,tv_campaign,0,22.91,0,0,10,0.522,0,0
C100055,DE,monthly,4,30,paid_social,1,23.9,2,0,6,0.381,0,1
C100056,AT,quarterly,11,40,paid_search,0,22.91,1,1,5,0.729,1,0
C100057,CH,quarterly,33,34,referral,0,27.51,2,0,5,0.627,1,0
C100058,DE,monthly,19,19,paid_search,0,23.9,0,0,9,0.435,1,0
C100059,CH,monthly,9,38,paid_search,1,29.9,0,0,7,0.608,1,0
C100060,DE,monthly,11,30,paid_social,1,23.9,1,0,6,0.251,1,1
C100061,AT,monthly,26,41,paid_social,0,24.9,0,0,8,0.627,1,0
C100062,CH,monthly,14,56,influencer,1,29.9,1,0,9,0.163,1,0
C100063,AT,monthly,3,26,referral,1,24.9,0,0,5,0.553,1,1
C100064,AT,quarterly,4,33,paid_social,0,22.91,0,0,8,0.482,0,0
C100065,DE,monthly,6,48,paid_search,0,23.9,0,0,7,0.366,0,0
C100066,AT,monthly,2,39,referral,1,24.9,2,0,8,0.467,0,1
C100067,DE,monthly,19,18,paid_social,0,23.9,0,0,10,0.31,1,0
C100068,DE,quarterly,3,56,influencer,0,21.99,2,1,9,0.634,1,0
C100069,DE,monthly,26,32,influencer,0,23.9,1,0,6,0.492,1,0
C100070,DE,monthly,10,36,influencer,1,23.9,0,0,6,0.17,1,0
C100071,AT,quarterly,24,23,paid_search,0,22.91,1,1,8,0.731,0,0
C100072,DE,monthly,34,61,referral,0,23.9,1,1,7,0.915,0,0
C100073,DE,monthly,11,54,referral,0,23.9,1,0,6,0.413,1,0
C100074,AT,monthly,4,44,referral,0,24.9,1,0,6,0.626,0,0
C100075,CH,quarterly,14,51,influencer,0,27.51,0,0,7,0.226,0,0
C100076,DE,quarterly,27,35,paid_search,0,21.99,0,0,10,0.765,0,0
C100077,DE,monthly,21,40,influencer,1,23.9,0,1,9,0.519,0,0
C100078,DE,monthly,10,33,tv_campaign,1,23.9,0,1,5,0.408,1,0
C100079,DE,monthly,7,55,paid_search,0,23.9,0,0,7,0.438,0,0
C100080,AT,monthly,12,53,tv_campaign,0,24.9,0,0,7,0.574,0,0
C100081,AT,quarterly,3,31,paid_search,0,22.91,0,1,5,0.699,0,0
C100082,DE,quarterly,3,53,referral,1,21.99,1,0,6,0.492,0,0
C100083,AT,monthly,20,47,influencer,0,24.9,0,0,6,0.672,1,0
C100084,AT,monthly,10,29,influencer,1,24.9,0,0,7,0.238,0,0
C100085,DE,monthly,14,18,paid_social,1,23.9,0,0,9,0.548,1,0
C100086,CH,monthly,5,34,tv_campaign,0,29.9,0,0,8,0.182,0,0
C100087,DE,monthly,15,18,paid_search,1,23.9,2,0,7,0.489,0,0
C100088,DE,quarterly,1,47,paid_search,1,21.99,0,0,9,0.597,0,0
C100089,DE,monthly,3,20,influencer,0,23.9,0,0,8,0.806,1,0
C100090,AT,quarterly,10,50,paid_social,0,22.91,0,0,7,0.484,0,0
C100091,DE,monthly,13,49,tv_campaign,0,23.9,0,0,8,0.485,1,0
C100092,DE,monthly,2,64,paid_search,0,23.9,0,0,8,0.571,0,1
C100093,AT,quarterly,5,53,paid_search,1,22.91,1,0,5,0.455,0,0
C100094,AT,monthly,23,59,influencer,1,24.9,0,0,9,0.395,1,0
C100095,DE,monthly,9,31,paid_social,1,23.9,1,0,6,0.562,0,0
C100096,DE,monthly,29,50,paid_search,0,23.9,0,0,9,0.258,0,0
C100097,DE,monthly,29,48,paid_search,0,23.9,2,1,5,0.284,1,0
C100098,AT,monthly,16,51,paid_search,0,24.9,1,0,6,0.406,1,0
C100099,DE,monthly,1,43,paid_social,0,23.9,1,0,7,0.542,0,1
C100100,DE,quarterly,2,32,paid_social,1,21.99,0,0,10,0.157,1,0
C100101,AT,quarterly,13,41,referral,1,22.91,0,0,9,0.781,0,0
C100102,DE,monthly,8,36,referral,1,23.9,2,2,5,0.169,0,0
C100103,DE,monthly,4,42,paid_social,0,23.9,1,0,9,0.423,0,1
C100104,DE,quarterly,9,18,tv_campaign,0,21.99,0,0,9,0.681,1,0
C100105,AT,monthly,23,28,tv_campaign,1,24.9,2,0,7,0.356,0,1
C100106,DE,monthly,12,58,paid_social,1,23.9,0,0,7,0.51,0,0
C100107,DE,quarterly,40,52,tv_campaign,0,21.99,0,0,7,0.33,0,0
C100108,AT,monthly,9,46,paid_search,0,24.9,1,0,8,0.415,0,0
C100109,DE,monthly,10,56,paid_search,0,23.9,1,1,7,0.547,0,0
C100110,AT,monthly,9,28,influencer,1,24.9,1,0,9,0.806,1,0
C100111,AT,monthly,4,48,paid_social,0,24.9,1,1,5,0.388,0,0
C100112,CH,monthly,2,54,paid_search,0,29.9,0,1,7,0.23,0,0
C100113,DE,monthly,7,38,paid_search,1,23.9,0,0,7,0.686,0,0
C100114,AT,quarterly,2,39,tv_campaign,1,22.91,1,0,7,0.424,0,1
C100115,CH,quarterly,6,58,paid_social,1,27.51,3,0,5,0.495,0,0
C100116,AT,monthly,3,67,paid_search,0,24.9,1,0,7,0.323,0,0
C100117,CH,monthly,27,52,paid_search,0,29.9,0,0,6,0.841,0,0
C100118,AT,quarterly,15,37,paid_search,0,22.91,0,1,8,0.347,0,1
C100119,DE,monthly,19,50,tv_campaign,0,23.9,2,0,8,0.397,0,0
C100120,CH,quarterly,6,44,paid_search,0,27.51,1,1,5,0.251,0,1
C100121,DE,quarterly,3,29,tv_campaign,0,21.99,0,0,8,0.524,1,0
C100122,DE,monthly,15,34,paid_search,1,23.9,1,1,5,0.394,0,1
C100123,CH,quarterly,4,50,tv_campaign,0,27.51,0,0,5,0.101,1,0
C100124,CH,monthly,8,39,paid_search,0,29.9,2,1,6,0.303,0,1
C100125,AT,monthly,15,30,tv_campaign,1,24.9,1,0,8,0.226,1,0
C100126,AT,monthly,37,56,paid_social,0,24.9,1,0,8,0.22,0,1
C100127,DE,quarterly,10,54,referral,1,21.99,1,0,9,0.65,0,0
C100128,AT,monthly,8,28,paid_search,0,24.9,0,1,6,0.736,0,1
C100129,CH,quarterly,6,39,paid_search,0,27.51,0,1,7,0.554,1,0
C100130,DE,quarterly,41,18,referral,0,21.99,0,0,8,0.492,1,0
C100131,DE,monthly,40,51,paid_search,0,23.9,0,0,9,0.33,0,0
C100132,DE,monthly,10,66,influencer,1,23.9,1,1,8,0.253,0,0
C100133,DE,monthly,18,56,referral,0,23.9,2,0,6,0.37,0,1
C100134,DE,quarterly,8,21,referral,0,21.99,1,0,8,0.211,1,0
C100135,CH,quarterly,18,42,paid_search,1,27.51,1,0,8,0.663,0,0
C100136,CH,monthly,13,30,influencer,1,29.9,0,0,7,0.42,0,0
C100137,DE,monthly,8,41,paid_search,0,23.9,0,0,6,0.172,0,0
C100138,AT,quarterly,4,52,paid_search,0,22.91,2,1,4,0.483,1,0
C100139,DE,monthly,8,45,influencer,0,23.9,1,0,10,0.347,1,0
C100140,CH,quarterly,9,26,paid_social,0,27.51,0,0,9,0.767,0,0
C100141,DE,monthly,3,28,paid_social,0,23.9,0,0,6,0.154,0,1
C100142,DE,monthly,9,41,paid_search,1,23.9,0,0,8,0.624,0,0
C100143,DE,quarterly,14,28,paid_search,0,21.99,1,1,7,0.316,1,0
C100144,DE,quarterly,23,24,tv_campaign,0,21.99,1,0,8,0.374,1,0
C100145,CH,monthly,24,51,paid_search,0,29.9,0,0,8,0.991,0,0
C100146,DE,quarterly,17,37,paid_search,0,21.99,0,0,8,0.634,0,0
C100147,DE,monthly,7,25,referral,0,23.9,2,0,7,0.39,0,0
C100148,AT,quarterly,21,44,influencer,0,22.91,0,0,10,0.242,0,0
C100149,CH,monthly,8,23,paid_search,0,29.9,1,0,6,0.621,0,0
C100150,CH,monthly,30,18,paid_social,1,29.9,0,0,9,0.486,0,0
C100151,DE,monthly,11,31,referral,1,23.9,1,0,8,0.142,1,1
C100152,AT,monthly,15,70,referral,0,24.9,0,0,9,0.405,0,0
C100153,DE,monthly,7,46,paid_search,0,23.9,1,0,9,0.682,0,0
C100154,DE,monthly,7,36,paid_search,0,23.9,0,1,7,0.671,1,0
C100155,DE,monthly,8,35,paid_search,0,23.9,2,1,5,0.447,0,0
C100156,AT,monthly,7,43,influencer,0,24.9,0,0,7,0.412,0,0
C100157,DE,monthly,3,57,paid_social,1,23.9,0,0,5,0.546,0,1
C100158,DE,monthly,14,62,referral,1,23.9,0,0,8,0.424,0,0
C100159,DE,quarterly,18,49,paid_social,1,21.99,2,0,6,0.605,0,0
C100160,DE,quarterly,21,60,influencer,0,21.99,0,0,8,0.321,1,0
C100161,DE,quarterly,16,39,paid_search,0,21.99,0,0,6,0.686,1,0
C100162,DE,monthly,14,18,paid_social,1,23.9,0,0,9,0.486,0,1
C100163,DE,quarterly,5,19,paid_search,0,21.99,1,1,6,0.574,0,0
C100164,AT,monthly,8,30,paid_social,1,24.9,0,0,10,0.414,0,0
C100165,AT,quarterly,7,28,paid_social,0,22.91,0,0,9,0.517,0,1
C100166,DE,quarterly,9,18,referral,0,21.99,2,0,9,0.125,0,0
C100167,AT,monthly,9,37,paid_social,0,24.9,2,2,4,0.291,1,1
C100168,AT,monthly,13,44,referral,0,24.9,0,1,10,0.355,0,0
C100169,DE,monthly,13,35,paid_social,1,23.9,0,1,5,0.76,1,0
C100170,CH,monthly,9,43,paid_search,0,29.9,0,0,9,0.153,1,0
C100171,AT,monthly,12,33,referral,0,24.9,1,0,8,0.579,0,0
C100172,DE,monthly,7,45,paid_search,1,23.9,0,0,7,0.473,0,1
C100173,AT,quarterly,8,35,referral,0,22.91,0,1,6,0.654,0,1
C100174,DE,quarterly,15,38,referral,0,21.99,0,1,7,0.395,1,0
C100175,CH,monthly,16,37,paid_social,0,29.9,0,0,7,0.421,0,0
C100176,DE,quarterly,17,18,paid_search,0,21.99,1,1,7,0.39,0,0
C100177,AT,quarterly,7,18,influencer,1,22.91,1,0,8,0.595,0,0
C100178,DE,quarterly,9,44,paid_social,1,21.99,1,0,7,0.441,0,0
C100179,DE,quarterly,10,48,paid_social,1,21.99,0,1,6,0.493,1,0
C100180,CH,monthly,13,49,paid_search,0,29.9,1,1,8,0.308,0,0
C100181,DE,quarterly,2,47,paid_search,0,21.99,0,0,7,0.429,0,1
C100182,AT,monthly,20,47,influencer,0,24.9,2,1,6,0.309,1,0
C100183,AT,monthly,18,43,paid_search,0,24.9,0,0,9,0.815,0,0
C100184,AT,monthly,28,37,paid_search,0,24.9,0,0,5,0.458,0,0
C100185,DE,quarterly,4,41,paid_social,0,21.99,0,0,10,0.525,1,0
C100186,DE,quarterly,3,30,paid_search,0,21.99,0,2,7,0.468,1,0
C100187,DE,monthly,9,32,paid_search,0,23.9,0,0,10,0.422,0,0
C100188,DE,monthly,2,65,tv_campaign,1,23.9,1,0,8,0.24,0,1
C100189,AT,monthly,19,28,tv_campaign,0,24.9,0,0,8,0.777,0,0
C100190,DE,quarterly,5,40,referral,0,21.99,0,0,9,0.644,1,0
C100191,CH,quarterly,6,32,paid_search,0,27.51,1,0,7,0.529,0,0
C100192,DE,quarterly,5,52,paid_social,0,21.99,0,0,5,0.66,1,0
C100193,DE,quarterly,5,40,paid_search,1,21.99,1,0,7,0.34,1,0
C100194,AT,monthly,6,58,referral,1,24.9,0,0,6,0.574,1,0
C100195,CH,quarterly,7,47,paid_search,1,27.51,1,1,7,0.549,0,0
C100196,DE,monthly,12,44,paid_search,0,23.9,0,0,9,0.558,0,0
C100197,DE,quarterly,16,44,influencer,1,21.99,1,2,7,0.885,1,0
C100198,DE,monthly,20,47,tv_campaign,1,23.9,0,0,9,0.543,0,0
C100199,AT,quarterly,6,27,paid_search,0,22.91,0,0,10,0.414,0,0
C100200,DE,monthly,10,61,influencer,1,23.9,0,0,9,0.573,0,0
C100201,CH,monthly,11,52,paid_social,1,29.9,0,0,8,0.715,0,0
C100202,DE,quarterly,5,36,tv_campaign,0,21.99,0,0,6,0.626,1,0
C100203,DE,quarterly,11,46,referral,1,21.99,0,0,8,0.829,0,1
C100204,DE,quarterly,29,43,tv_campaign,0,21.99,1,1,7,0.332,0,0
C100205,DE,quarterly,8,36,referral,0,21.99,0,1,7,0.447,1,0
C100206,CH,monthly,7,29,paid_social,1,29.9,2,0,9,0.564,0,1
C100207,AT,monthly,6,45,paid_search,0,24.9,0,1,8,0.424,1,0
C100208,AT,monthly,5,31,tv_campaign,0,24.9,0,1,10,0.081,0,0
C100209,AT,monthly,15,40,paid_search,0,24.9,0,0,7,0.69,0,0
C100210,DE,monthly,2,38,referral,1,23.9,0,1,7,0.311,0,1
C100211,DE,monthly,5,60,paid_social,1,23.9,1,0,8,0.186,0,1
C100212,DE,quarterly,8,48,paid_social,1,21.99,0,0,7,0.802,1,0
C100213,DE,monthly,15,27,paid_search,1,23.9,0,0,6,0.477,1,0
C100214,DE,monthly,15,45,paid_search,1,23.9,0,0,9,0.317,0,0
C100215,DE,monthly,4,54,referral,1,23.9,0,0,8,0.529,1,0
C100216,DE,monthly,3,57,influencer,0,23.9,0,0,9,0.52,1,0
C100217,DE,monthly,11,25,tv_campaign,0,23.9,1,0,6,0.426,1,1
C100218,AT,quarterly,22,54,referral,1,22.91,0,0,10,0.808,1,0
C100219,DE,monthly,15,52,paid_social,1,23.9,0,0,6,0.578,0,0
C100220,DE,quarterly,13,45,paid_search,0,21.99,1,0,9,0.485,0,0
C100221,DE,quarterly,8,18,paid_search,0,21.99,1,1,7,0.456,0,0
C100222,CH,quarterly,8,40,tv_campaign,0,27.51,1,0,6,0.264,1,1
C100223,DE,monthly,9,35,paid_social,0,23.9,2,1,7,0.396,0,0
C100224,DE,quarterly,14,25,tv_campaign,0,21.99,1,1,6,0.371,0,0
C100225,AT,monthly,6,51,influencer,0,24.9,1,1,5,0.647,0,0
C100226,DE,monthly,10,53,paid_search,1,23.9,2,1,7,0.203,1,0
C100227,DE,quarterly,8,49,referral,1,21.99,0,0,9,0.179,1,0
C100228,DE,quarterly,19,47,paid_social,1,21.99,0,1,9,0.221,0,0
C100229,CH,monthly,22,38,paid_search,0,29.9,2,1,8,0.759,0,1
C100230,DE,monthly,10,34,paid_search,1,23.9,2,0,8,0.429,0,0
C100231,DE,quarterly,5,28,paid_search,1,21.99,0,0,7,0.592,1,0
C100232,CH,quarterly,38,57,paid_search,0,27.51,1,0,7,0.366,0,0
C100233,DE,monthly,21,29,referral,0,23.9,1,0,7,0.204,1,0
C100234,DE,quarterly,9,20,tv_campaign,0,21.99,0,0,10,0.366,0,0
C100235,DE,monthly,8,46,paid_search,0,23.9,0,1,8,0.191,1,1
C100236,CH,monthly,7,42,paid_search,0,29.9,0,0,7,0.377,1,0
C100237,AT,monthly,3,51,paid_social,1,24.9,0,0,7,0.267,1,0
C100238,DE,quarterly,10,51,referral,0,21.99,0,0,7,0.196,0,0
C100239,DE,quarterly,11,40,referral,0,21.99,0,0,9,0.477,0,0
C100240,DE,monthly,9,28,paid_social,0,23.9,0,0,6,0.356,1,0
C100241,DE,monthly,6,53,influencer,0,23.9,1,0,10,0.22,1,0
C100242,DE,quarterly,4,66,paid_social,0,21.99,0,0,8,0.674,1,0
C100243,DE,monthly,7,28,referral,1,23.9,0,0,8,0.685,0,0
C100244,DE,monthly,31,40,paid_search,1,23.9,0,0,8,0.271,0,0
C100245,DE,monthly,8,55,paid_social,1,23.9,0,0,7,0.339,0,1
C100246,DE,monthly,14,35,paid_social,0,23.9,0,0,9,0.211,1,0
C100247,DE,quarterly,24,34,paid_social,0,21.99,2,1,5,0.446,1,0
C100248,DE,quarterly,12,35,paid_search,0,21.99,1,1,5,0.295,1,0
C100249,AT,monthly,13,42,paid_search,0,24.9,0,0,9,0.532,1,0
C100250,DE,quarterly,12,35,influencer,0,21.99,0,0,7,0.308,1,0
C100251,DE,monthly,7,35,paid_search,0,23.9,0,0,7,0.726,1,0
C100252,DE,monthly,9,26,paid_social,0,23.9,0,0,9,0.433,0,0
C100253,CH,monthly,20,75,influencer,1,29.9,1,1,6,0.517,1,0
C100254,DE,monthly,15,21,paid_search,1,23.9,2,1,6,0.491,1,1
C100255,DE,monthly,4,59,paid_social,0,23.9,0,0,9,0.288,1,0
C100256,AT,quarterly,20,49,referral,1,22.91,2,1,4,0.517,1,0
C100257,AT,quarterly,45,38,paid_social,1,22.91,0,0,8,0.724,0,0
C100258,AT,quarterly,2,50,paid_social,0,22.91,0,0,9,0.358,0,0
C100259,CH,monthly,17,46,tv_campaign,1,29.9,1,0,9,0.89,0,0
C100260,CH,monthly,16,57,influencer,0,29.9,2,1,5,0.21,0,0
C100261,DE,monthly,20,45,referral,1,23.9,1,0,7,0.497,1,0
C100262,AT,monthly,9,54,referral,0,24.9,0,0,9,0.483,0,0
C100263,AT,quarterly,8,24,influencer,1,22.91,0,0,8,0.376,1,0
C100264,AT,monthly,13,42,referral,0,24.9,1,0,7,0.319,1,0
C100265,DE,monthly,11,53,referral,1,23.9,0,0,9,0.429,1,0
C100266,DE,monthly,12,18,paid_search,1,23.9,0,0,10,0.932,1,0
C100267,AT,monthly,6,19,influencer,1,24.9,0,0,9,0.528,1,0
C100268,DE,monthly,15,33,referral,1,23.9,0,1,6,0.504,1,0
C100269,CH,quarterly,5,62,paid_search,1,27.51,0,0,8,0.245,0,1
C100270,DE,monthly,20,34,paid_search,1,23.9,2,0,6,0.521,1,1
C100271,AT,monthly,3,42,influencer,1,24.9,2,1,8,0.501,0,0
C100272,DE,quarterly,21,18,paid_search,0,21.99,0,0,8,0.658,0,0
C100273,AT,monthly,6,25,paid_search,0,24.9,0,0,9,0.561,0,1
C100274,DE,monthly,11,50,influencer,0,23.9,1,0,10,0.353,0,1
C100275,DE,monthly,11,33,tv_campaign,0,23.9,0,0,7,0.537,1,0
C100276,DE,monthly,4,57,paid_search,0,23.9,2,1,6,0.218,0,0
C100277,AT,monthly,3,51,referral,0,24.9,0,0,8,0.144,1,1
C100278,DE,monthly,4,32,tv_campaign,0,23.9,0,0,8,0.41,1,0
C100279,DE,quarterly,20,26,paid_social,0,21.99,0,1,6,0.191,1,0
C100280,DE,quarterly,1,29,paid_social,1,21.99,0,2,5,0.247,1,1
C100281,DE,monthly,10,36,paid_search,0,23.9,0,0,8,0.489,1,0
C100282,DE,quarterly,31,45,referral,0,21.99,0,0,7,0.535,1,0
C100283,DE,quarterly,7,47,paid_search,0,21.99,0,0,9,0.605,0,0
C100284,DE,monthly,23,34,referral,0,23.9,1,0,7,0.393,1,0
C100285,CH,quarterly,8,45,paid_search,1,27.51,0,0,8,0.54,1,0
C100286,AT,monthly,25,61,paid_social,1,24.9,0,0,7,0.252,0,0
C100287,CH,monthly,12,48,paid_search,1,29.9,1,0,5,0.568,0,0
C100288,DE,quarterly,4,34,paid_social,1,21.99,0,0,6,0.523,0,0
C100289,DE,quarterly,6,31,referral,0,21.99,0,0,7,0.516,1,0
C100290,DE,monthly,5,46,paid_search,0,23.9,0,0,8,0.292,1,0
C100291,AT,monthly,11,46,referral,0,24.9,0,0,9,0.743,0,0
C100292,DE,monthly,7,47,referral,1,23.9,0,0,10,0.163,0,0
C100293,CH,monthly,7,29,referral,1,29.9,0,0,8,0.364,1,0
C100294,DE,quarterly,7,51,paid_search,0,21.99,0,0,9,0.327,0,0
C100295,DE,quarterly,11,23,influencer,1,21.99,0,0,8,0.457,0,1
C100296,AT,quarterly,3,30,referral,0,22.91,0,0,9,0.316,0,0
C100297,CH,monthly,12,18,tv_campaign,1,29.9,1,2,6,0.755,0,0
C100298,DE,quarterly,1,61,paid_social,0,21.99,0,0,7,0.554,1,0
C100299,AT,monthly,3,45,influencer,1,24.9,0,0,9,0.09,0,1
C100300,DE,monthly,22,49,tv_campaign,0,23.9,0,1,6,0.743,0,1
C100301,DE,quarterly,4,42,referral,0,21.99,0,1,7,0.189,0,0
C100302,AT,monthly,21,39,paid_search,0,24.9,0,0,8,0.487,1,0
C100303,DE,quarterly,20,33,paid_search,0,21.99,0,0,8,0.308,0,0
C100304,DE,monthly,9,46,referral,0,23.9,0,0,8,0.474,0,0
C100305,CH,monthly,35,24,paid_search,0,29.9,0,0,7,0.177,1,0
C100306,DE,quarterly,15,38,paid_social,1,21.99,0,0,10,0.636,0,0
C100307,DE,monthly,5,18,referral,0,23.9,0,0,8,0.513,0,1
C100308,DE,monthly,8,64,influencer,1,23.9,0,0,10,0.139,0,0
C100309,DE,monthly,14,31,paid_social,1,23.9,0,0,8,0.428,1,0
C100310,DE,quarterly,4,72,paid_social,0,21.99,0,0,8,0.331,0,0
C100311,DE,monthly,1,54,referral,1,23.9,0,0,7,0.723,1,0
C100312,DE,quarterly,4,47,referral,1,21.99,0,1,9,0.335,0,0
C100313,DE,quarterly,6,41,tv_campaign,0,21.99,3,1,4,0.659,0,0
C100314,AT,quarterly,2,28,referral,0,22.91,0,0,6,0.286,1,0
C100315,AT,monthly,28,39,influencer,1,24.9,0,0,8,0.321,1,0
C100316,DE,monthly,11,38,referral,0,23.9,1,0,6,0.48,1,0
C100317,DE,quarterly,16,45,influencer,1,21.99,0,0,10,0.285,0,0
C100318,DE,quarterly,22,36,paid_social,0,21.99,0,0,8,0.676,1,0
C100319,DE,monthly,10,33,paid_search,1,23.9,0,0,9,0.51,0,0
C100320,DE,quarterly,15,36,tv_campaign,0,21.99,0,0,8,0.359,0,0
C100321,AT,monthly,5,31,paid_social,1,24.9,0,1,8,0.423,0,0
C100322,DE,monthly,7,29,paid_social,0,23.9,0,0,9,0.27,0,0
C100323,AT,monthly,3,40,influencer,0,24.9,0,0,7,0.424,0,1
C100324,CH,monthly,8,25,referral,0,29.9,1,1,7,0.387,0,0
C100325,DE,monthly,6,28,paid_search,0,23.9,0,1,7,0.145,1,1
C100326,CH,quarterly,19,59,paid_social,0,27.51,1,1,6,0.584,0,0
C100327,DE,monthly,12,51,paid_social,1,23.9,1,0,8,0.062,0,1
C100328,DE,quarterly,14,28,tv_campaign,0,21.99,0,1,8,0.713,0,0
C100329,DE,monthly,7,58,paid_search,1,23.9,1,0,7,0.216,0,0
C100330,DE,monthly,2,49,referral,0,23.9,0,0,9,0.435,0,0
C100331,CH,monthly,2,63,influencer,1,29.9,2,0,6,0.545,0,1
C100332,CH,quarterly,2,47,referral,0,27.51,0,0,5,0.44,1,0
C100333,DE,monthly,2,38,referral,0,23.9,0,0,9,0.397,0,0
C100334,DE,monthly,1,46,tv_campaign,0,23.9,1,0,8,0.37,0,1
C100335,CH,monthly,14,36,referral,0,29.9,0,0,10,0.349,1,0
C100336,DE,monthly,4,43,paid_search,1,23.9,0,0,6,0.473,0,0
C100337,CH,quarterly,16,18,referral,0,27.51,2,0,7,0.775,1,0
C100338,AT,monthly,11,21,paid_search,0,24.9,2,2,5,0.164,0,1
C100339,DE,monthly,1,27,paid_social,0,23.9,0,0,9,0.716,0,1
C100340,DE,monthly,4,28,paid_social,1,23.9,1,1,6,0.662,1,1
C100341,AT,monthly,14,69,paid_social,1,24.9,1,0,10,0.388,1,0
C100342,DE,monthly,5,37,influencer,0,23.9,0,0,8,0.453,1,0
C100343,DE,monthly,1,48,paid_search,0,23.9,0,0,9,0.497,0,0
C100344,DE,quarterly,7,36,paid_social,1,21.99,0,0,7,0.122,0,1
C100345,DE,quarterly,26,70,paid_social,0,21.99,1,2,6,0.444,0,0
C100346,DE,monthly,13,51,paid_search,0,23.9,1,0,7,0.377,0,0
C100347,DE,monthly,35,32,paid_search,0,23.9,1,0,8,0.733,0,0
C100348,DE,monthly,3,31,referral,0,23.9,1,2,5,0.553,1,1
C100349,CH,quarterly,3,42,paid_social,0,27.51,0,0,8,0.352,0,1
C100350,DE,quarterly,8,46,paid_social,1,21.99,0,0,8,0.364,0,0
C100351,DE,monthly,17,48,paid_search,0,23.9,1,0,8,0.441,0,0
C100352,DE,monthly,14,27,paid_search,0,23.9,0,1,8,0.114,0,0
C100353,DE,quarterly,8,28,paid_search,0,21.99,0,0,10,0.133,0,1
C100354,DE,quarterly,8,43,referral,0,21.99,1,0,8,0.15,0,0
C100355,DE,monthly,17,35,paid_social,1,23.9,0,0,9,0.413,0,0
C100356,DE,monthly,7,56,tv_campaign,1,23.9,0,1,8,0.473,0,0
C100357,DE,monthly,4,20,paid_search,1,23.9,1,1,7,0.554,0,0
C100358,CH,quarterly,16,44,paid_search,1,27.51,2,1,6,0.854,1,0
C100359,DE,quarterly,4,24,paid_search,0,21.99,0,0,4,0.806,0,0
C100360,DE,monthly,1,49,paid_social,1,23.9,0,0,9,0.086,0,1
C100361,DE,monthly,36,39,influencer,1,23.9,1,0,8,0.373,0,0
C100362,DE,monthly,6,44,paid_search,1,23.9,0,0,9,0.488,0,0
C100363,CH,quarterly,12,42,tv_campaign,1,27.51,2,1,5,0.373,1,0
C100364,DE,monthly,12,18,paid_social,0,23.9,0,0,10,0.308,0,0
C100365,AT,monthly,2,36,paid_social,1,24.9,0,0,10,0.756,1,0
C100366,AT,monthly,7,32,paid_social,1,24.9,0,0,9,0.396,0,0
C100367,CH,monthly,16,36,paid_search,0,29.9,1,0,10,0.112,1,0
C100368,DE,quarterly,30,42,paid_search,0,21.99,0,0,7,0.505,1,0
C100369,DE,quarterly,2,50,paid_social,1,21.99,0,0,7,0.333,0,1
C100370,CH,quarterly,8,62,tv_campaign,1,27.51,0,0,8,0.548,1,0
C100371,AT,quarterly,5,38,paid_social,0,22.91,0,0,7,0.631,0,0
C100372,AT,monthly,5,35,influencer,0,24.9,0,0,6,0.449,0,0
C100373,CH,quarterly,10,55,paid_search,1,27.51,0,0,6,0.078,0,1
C100374,DE,monthly,10,54,paid_search,0,23.9,1,2,8,0.242,0,0
C100375,DE,quarterly,11,28,referral,0,21.99,0,0,9,0.497,1,0
C100376,DE,monthly,31,18,paid_social,0,23.9,0,2,4,0.664,1,0
C100377,DE,quarterly,6,36,influencer,0,21.99,2,1,8,0.297,1,0
C100378,DE,quarterly,4,42,paid_search,1,21.99,0,0,6,0.137,0,1
C100379,AT,monthly,7,32,paid_social,1,24.9,0,0,10,0.148,0,0
C100380,AT,monthly,9,45,paid_search,0,24.9,0,1,7,0.33,0,0
C100381,DE,monthly,9,65,referral,1,23.9,0,0,7,0.11,0,0
C100382,DE,monthly,3,31,paid_search,1,23.9,2,1,6,0.434,1,0
C100383,DE,quarterly,5,59,paid_social,0,21.99,1,0,9,0.475,0,1
C100384,DE,monthly,15,49,paid_social,1,23.9,1,1,7,0.635,0,0
C100385,DE,monthly,18,42,influencer,1,23.9,0,0,7,0.666,1,0
C100386,AT,monthly,12,49,paid_search,0,24.9,0,0,9,0.536,0,0
C100387,DE,monthly,29,42,influencer,0,23.9,1,1,8,0.925,0,0
C100388,DE,monthly,2,36,paid_search,0,23.9,2,0,7,0.4,1,0
C100389,DE,monthly,19,28,referral,1,23.9,0,0,7,0.834,0,0
C100390,AT,monthly,14,38,referral,0,24.9,0,0,9,0.371,0,1
C100391,DE,quarterly,10,53,tv_campaign,1,21.99,1,0,7,0.37,0,0
C100392,DE,quarterly,14,48,referral,0,21.99,0,0,7,0.404,0,0
C100393,DE,monthly,3,41,paid_social,1,23.9,0,1,7,0.21,0,1
C100394,DE,monthly,6,31,influencer,1,23.9,0,0,8,0.261,0,1
C100395,DE,quarterly,6,52,tv_campaign,0,21.99,1,0,6,0.303,1,0
C100396,DE,monthly,26,36,paid_social,1,23.9,1,0,8,0.643,0,0
C100397,DE,monthly,16,51,referral,1,23.9,0,1,7,0.383,0,0
C100398,DE,quarterly,7,36,influencer,1,21.99,1,1,6,0.324,0,0
C100399,CH,quarterly,4,57,paid_search,1,27.51,0,1,10,0.821,1,0
C100400,DE,monthly,14,64,tv_campaign,1,23.9,0,0,5,0.717,0,0
C100401,DE,monthly,4,47,tv_campaign,1,23.9,0,0,7,0.561,1,0
C100402,CH,monthly,18,56,paid_social,1,29.9,0,0,9,0.341,0,0
C100403,AT,monthly,6,37,paid_search,1,24.9,0,0,8,0.227,1,0
C100404,DE,monthly,9,44,paid_search,0,23.9,0,0,8,0.461,0,0
C100405,DE,monthly,12,44,paid_social,1,23.9,0,0,5,0.678,0,0
C100406,DE,monthly,16,30,referral,0,23.9,1,0,6,0.745,1,0
C100407,CH,quarterly,6,44,tv_campaign,0,27.51,0,0,10,0.659,1,0
C100408,DE,monthly,8,37,paid_search,0,23.9,1,1,6,0.658,0,0
C100409,AT,quarterly,5,36,paid_search,0,22.91,0,0,8,0.463,0,0
C100410,DE,monthly,2,67,paid_search,0,23.9,0,1,7,0.321,0,0
C100411,AT,quarterly,4,51,paid_search,0,22.91,0,0,8,0.478,0,0
C100412,DE,monthly,9,71,paid_social,1,23.9,1,0,4,0.378,0,1
C100413,DE,quarterly,5,36,tv_campaign,0,21.99,0,0,8,0.297,0,0
C100414,AT,quarterly,7,29,tv_campaign,0,22.91,1,1,8,0.2,0,0
C100415,DE,quarterly,10,43,influencer,1,21.99,0,1,6,0.266,1,1
C100416,DE,monthly,6,40,referral,0,23.9,0,0,8,0.289,1,0
C100417,DE,quarterly,2,42,paid_search,1,21.99,1,1,9,0.362,1,0
C100418,DE,monthly,3,43,influencer,1,23.9,2,1,8,0.685,1,1
C100419,DE,monthly,3,50,referral,1,23.9,0,0,10,0.568,0,0
C100420,DE,monthly,22,34,referral,0,23.9,1,1,5,0.347,0,0
C100421,DE,monthly,4,43,referral,1,23.9,0,0,7,0.224,0,0
C100422,DE,quarterly,2,32,tv_campaign,0,21.99,0,0,8,0.191,1,0
C100423,AT,monthly,13,64,paid_search,0,24.9,0,0,7,0.661,0,0
C100424,DE,monthly,12,32,tv_campaign,1,23.9,1,0,9,0.538,0,0
C100425,DE,quarterly,21,18,paid_search,0,21.99,0,0,10,0.537,0,0
C100426,CH,quarterly,19,51,paid_search,0,27.51,0,0,9,0.266,1,0
C100427,DE,monthly,3,49,paid_search,0,23.9,0,0,8,0.125,0,0
C100428,DE,monthly,4,28,paid_social,1,23.9,3,1,4,0.437,1,0
C100429,DE,monthly,17,61,paid_search,1,23.9,0,0,8,0.605,0,0
C100430,DE,monthly,4,42,paid_search,0,23.9,0,0,8,0.544,1,0
C100431,AT,quarterly,15,35,influencer,1,22.91,0,1,7,0.607,0,0
C100432,DE,monthly,11,35,referral,1,23.9,1,1,7,0.606,1,0
C100433,DE,quarterly,26,18,influencer,1,21.99,0,0,8,0.313,0,0
C100434,DE,quarterly,25,28,influencer,0,21.99,0,0,8,0.361,0,0
C100435,DE,quarterly,19,63,paid_search,0,21.99,0,0,9,0.678,0,0
C100436,DE,monthly,15,46,paid_search,0,23.9,0,0,9,0.627,0,0
C100437,DE,monthly,6,54,tv_campaign,1,23.9,2,1,4,0.344,0,1
C100438,DE,monthly,3,34,paid_social,0,23.9,0,0,8,0.347,0,1
C100439,DE,quarterly,5,28,paid_search,1,21.99,0,0,9,0.597,1,0
C100440,CH,monthly,8,42,influencer,1,29.9,0,0,8,0.691,1,0
C100441,DE,quarterly,7,34,referral,0,21.99,0,0,9,0.655,1,0
C100442,DE,monthly,25,56,paid_search,0,23.9,0,0,7,0.421,0,0
C100443,DE,monthly,3,18,tv_campaign,1,23.9,0,1,8,0.382,1,0
C100444,AT,monthly,4,40,paid_social,0,24.9,1,1,7,0.171,0,0
C100445,DE,quarterly,7,39,influencer,1,21.99,0,0,8,0.232,0,0
C100446,DE,monthly,14,21,paid_search,0,23.9,3,0,7,0.401,0,1
C100447,DE,quarterly,10,42,paid_search,1,21.99,0,0,6,0.359,1,1
C100448,DE,monthly,1,42,paid_search,1,23.9,2,1,3,0.49,0,1
C100449,DE,monthly,9,30,tv_campaign,1,23.9,0,0,8,0.557,0,0
C100450,DE,monthly,12,42,influencer,0,23.9,0,0,8,0.437,0,0
C100451,DE,monthly,5,51,paid_social,1,23.9,1,0,7,0.3,0,1
C100452,CH,monthly,7,40,paid_search,0,29.9,1,0,7,0.366,0,1
C100453,AT,monthly,17,39,paid_social,1,24.9,2,1,6,0.293,0,0
C100454,AT,monthly,3,36,influencer,1,24.9,0,0,8,0.444,0,0
C100455,DE,monthly,15,34,paid_social,1,23.9,1,0,9,0.47,1,0
C100456,CH,monthly,19,48,paid_social,0,29.9,0,1,6,0.625,0,0
C100457,AT,quarterly,6,35,referral,1,22.91,0,0,10,0.845,0,0
C100458,DE,monthly,7,55,tv_campaign,0,23.9,1,0,5,0.275,0,1
C100459,CH,quarterly,9,28,referral,1,27.51,2,1,7,0.56,0,0
C100460,DE,quarterly,5,45,referral,0,21.99,0,0,6,0.171,1,0
C100461,DE,quarterly,18,45,paid_search,0,21.99,0,0,8,0.661,0,0
C100462,AT,quarterly,6,43,paid_social,1,22.91,0,0,9,0.261,0,0
C100463,AT,monthly,8,40,paid_search,0,24.9,0,1,6,0.776,0,0
C100464,DE,quarterly,13,52,tv_campaign,0,21.99,0,0,10,0.252,1,0
C100465,DE,monthly,5,44,paid_social,0,23.9,0,0,8,0.331,0,1
C100466,AT,monthly,21,45,tv_campaign,1,24.9,0,1,7,0.397,0,1
C100467,DE,monthly,15,36,paid_search,0,23.9,0,0,8,0.432,0,0
C100468,DE,monthly,13,61,paid_social,1,23.9,0,1,6,0.322,1,0
C100469,DE,monthly,12,39,tv_campaign,0,23.9,1,0,7,0.733,1,0
C100470,DE,quarterly,8,41,influencer,1,21.99,0,0,8,0.184,1,0
C100471,DE,quarterly,10,23,influencer,1,21.99,1,0,5,0.344,0,0
C100472,CH,monthly,5,26,paid_search,0,29.9,0,0,8,0.494,0,0
C100473,DE,quarterly,4,61,influencer,1,21.99,0,0,8,0.091,1,0
C100474,DE,monthly,4,54,influencer,1,23.9,0,0,6,0.241,0,1
C100475,CH,quarterly,3,61,paid_social,0,27.51,1,0,7,0.656,0,0
C100476,DE,monthly,3,67,paid_social,1,23.9,1,1,7,0.461,0,1
C100477,DE,monthly,5,35,paid_social,0,23.9,0,1,8,0.571,0,0
C100478,DE,monthly,17,47,paid_search,0,23.9,0,0,9,0.79,0,0
C100479,DE,monthly,15,40,paid_search,1,23.9,0,0,9,0.745,1,0
C100480,DE,monthly,30,51,tv_campaign,0,23.9,0,0,6,0.324,0,0
C100481,CH,monthly,6,61,paid_social,0,29.9,2,0,10,0.155,1,0
C100482,DE,quarterly,4,40,influencer,1,21.99,0,0,6,0.324,0,0
C100483,DE,monthly,8,23,referral,1,23.9,0,0,8,0.542,0,0
C100484,AT,quarterly,8,46,referral,0,22.91,1,0,8,0.487,1,0
C100485,DE,quarterly,6,51,paid_social,1,21.99,1,1,7,0.855,0,0
C100486,DE,monthly,6,52,paid_social,1,23.9,0,0,8,0.441,1,0
C100487,DE,quarterly,12,73,tv_campaign,0,21.99,1,0,7,0.181,0,0
C100488,DE,monthly,15,66,paid_search,0,23.9,0,0,9,0.608,0,0
C100489,DE,monthly,4,42,paid_social,0,23.9,0,0,9,0.881,0,0
C100490,CH,monthly,42,34,paid_search,0,29.9,0,0,8,0.665,1,0
C100491,CH,quarterly,5,38,paid_search,0,27.51,1,0,4,0.255,0,1
C100492,AT,monthly,18,51,paid_social,1,24.9,0,0,8,0.628,1,1
C100493,DE,monthly,9,47,paid_social,0,23.9,2,0,8,0.775,1,1
C100494,DE,monthly,18,33,influencer,0,23.9,2,0,7,0.922,1,0
C100495,DE,quarterly,5,18,tv_campaign,0,21.99,0,0,9,0.468,1,0
C100496,AT,monthly,13,37,paid_social,0,24.9,2,0,8,0.539,0,0
C100497,CH,monthly,7,28,referral,1,29.9,1,0,6,0.451,1,0
C100498,DE,monthly,4,23,tv_campaign,0,23.9,1,0,10,0.848,1,0
C100499,DE,monthly,9,34,paid_search,0,23.9,0,0,6,0.588,1,0
C100500,CH,quarterly,3,29,paid_social,1,27.51,0,0,9,0.296,0,0
C100501,AT,monthly,6,48,paid_social,0,24.9,0,0,8,0.488,1,1
C100502,DE,quarterly,11,29,paid_search,0,21.99,1,0,9,0.496,0,0
C100503,AT,monthly,12,41,referral,1,24.9,0,0,9,0.74,0,0
C100504,DE,quarterly,19,62,tv_campaign,1,21.99,1,0,7,0.633,0,0
C100505,AT,monthly,11,45,tv_campaign,0,24.9,0,1,8,0.391,1,0
C100506,DE,monthly,11,59,influencer,1,23.9,0,0,6,0.504,1,0
C100507,DE,monthly,8,44,paid_social,1,23.9,0,0,8,0.85,1,0
C100508,DE,monthly,27,51,paid_search,1,23.9,1,0,7,0.234,0,1
C100509,DE,monthly,8,39,referral,0,23.9,0,0,9,0.358,1,0
C100510,DE,quarterly,18,50,paid_search,0,21.99,0,1,8,0.675,0,0
C100511,DE,quarterly,23,30,paid_search,1,21.99,1,1,6,0.415,1,0
C100512,DE,quarterly,10,38,paid_search,0,21.99,2,2,4,0.744,1,0
C100513,DE,monthly,18,37,paid_social,0,23.9,1,1,9,0.446,0,0
C100514,DE,monthly,15,36,paid_search,0,23.9,0,0,6,0.459,0,0
C100515,AT,monthly,4,43,paid_search,0,24.9,0,0,6,0.445,0,1
C100516,CH,monthly,27,34,paid_social,1,29.9,1,0,8,0.311,1,0
C100517,DE,quarterly,3,61,referral,1,21.99,0,0,10,0.487,0,0
C100518,DE,monthly,21,36,tv_campaign,1,23.9,0,0,8,0.57,1,1
C100519,AT,quarterly,5,56,paid_social,1,22.91,2,0,10,0.797,0,0
C100520,CH,quarterly,12,33,tv_campaign,0,27.51,1,2,6,0.659,1,0
C100521,DE,quarterly,2,35,tv_campaign,0,21.99,0,0,8,0.814,1,0
C100522,DE,monthly,5,36,tv_campaign,0,23.9,0,0,9,0.472,0,0
C100523,DE,monthly,7,27,paid_social,0,23.9,0,0,9,0.169,0,1
C100524,DE,quarterly,9,53,paid_search,1,21.99,0,0,9,0.653,0,0
C100525,AT,monthly,1,60,referral,0,24.9,0,1,10,0.292,1,1
C100526,DE,monthly,19,36,paid_search,1,23.9,1,0,6,0.222,0,0
C100527,AT,quarterly,6,20,influencer,1,22.91,0,0,7,0.467,1,0
C100528,DE,monthly,10,21,referral,0,23.9,0,0,8,0.214,0,0
C100529,DE,monthly,21,58,referral,1,23.9,0,0,7,0.422,0,0
C100530,AT,quarterly,5,42,influencer,1,22.91,1,0,5,0.443,0,0
C100531,DE,monthly,5,46,referral,0,23.9,0,0,10,0.399,0,0
C100532,AT,monthly,14,51,tv_campaign,0,24.9,0,0,9,0.456,1,0
C100533,CH,monthly,14,35,referral,0,29.9,2,1,7,0.469,0,1
C100534,AT,monthly,11,23,paid_search,0,24.9,2,0,9,0.76,1,0
C100535,AT,quarterly,7,43,referral,0,22.91,0,0,8,0.505,0,0
C100536,CH,monthly,9,51,paid_social,1,29.9,2,0,7,0.582,0,0
C100537,AT,quarterly,21,28,paid_search,0,22.91,0,0,8,0.586,1,0
C100538,AT,quarterly,13,48,tv_campaign,0,22.91,2,1,6,0.459,0,0
C100539,DE,quarterly,7,20,paid_social,1,21.99,0,0,8,0.65,0,0
C100540,DE,monthly,4,33,referral,0,23.9,0,0,6,0.519,1,0
C100541,DE,monthly,5,18,referral,0,23.9,0,0,8,0.254,1,0
C100542,DE,quarterly,7,18,influencer,0,21.99,0,0,6,0.174,1,0
C100543,AT,monthly,13,46,paid_search,1,24.9,0,0,9,0.257,0,0
C100544,DE,monthly,1,26,influencer,0,23.9,2,1,4,0.289,1,1
C100545,AT,quarterly,7,46,paid_social,1,22.91,0,0,5,0.39,1,0
C100546,DE,quarterly,22,30,paid_search,0,21.99,0,0,9,0.574,0,0
C100547,DE,monthly,10,34,tv_campaign,0,23.9,0,0,10,0.493,1,0
C100548,AT,quarterly,4,31,paid_social,1,22.91,1,0,8,0.659,0,1
C100549,DE,monthly,3,36,referral,1,23.9,0,0,8,0.635,0,0
C100550,AT,monthly,3,57,paid_social,1,24.9,3,0,6,0.63,0,1
C100551,DE,monthly,11,48,paid_social,0,23.9,1,1,5,0.213,0,1
C100552,DE,quarterly,10,60,paid_social,0,21.99,0,1,7,0.486,1,0
C100553,AT,monthly,10,52,referral,0,24.9,1,1,8,0.653,0,0
C100554,DE,quarterly,26,18,influencer,0,21.99,1,0,8,0.673,0,0
C100555,DE,monthly,14,40,referral,0,23.9,0,0,9,0.519,0,0
C100556,DE,quarterly,9,38,referral,0,21.99,0,0,7,0.37,0,0
C100557,DE,monthly,6,32,influencer,1,23.9,0,0,8,0.31,0,0
C100558,DE,monthly,24,29,influencer,0,23.9,0,0,8,0.554,1,0
C100559,DE,monthly,10,55,paid_search,1,23.9,0,0,8,0.73,0,0
C100560,DE,quarterly,16,18,paid_social,1,21.99,0,0,8,0.352,0,0
C100561,DE,quarterly,5,31,paid_social,1,21.99,0,1,8,0.428,0,0
C100562,AT,monthly,12,20,tv_campaign,1,24.9,0,0,9,0.18,1,0
C100563,AT,monthly,1,54,tv_campaign,0,24.9,0,1,6,0.522,1,0
C100564,AT,monthly,16,77,paid_search,0,24.9,3,2,4,0.304,0,1
C100565,DE,quarterly,16,40,referral,0,21.99,2,1,8,0.448,0,0
C100566,DE,quarterly,15,58,paid_social,1,21.99,0,0,8,0.876,0,0
C100567,DE,quarterly,4,39,tv_campaign,1,21.99,0,0,7,0.358,0,0
C100568,DE,monthly,3,45,tv_campaign,0,23.9,1,0,9,0.565,0,0
C100569,CH,quarterly,29,29,tv_campaign,0,27.51,2,0,8,0.575,1,0
C100570,AT,quarterly,13,36,influencer,1,22.91,0,1,8,0.489,1,0
C100571,AT,monthly,6,48,tv_campaign,0,24.9,0,0,7,0.534,0,0
C100572,CH,monthly,24,31,paid_search,0,29.9,0,0,8,0.748,0,0
C100573,AT,monthly,40,52,paid_search,1,24.9,2,1,4,0.537,1,0
C100574,DE,monthly,3,28,paid_social,1,23.9,0,0,9,0.615,0,0
C100575,DE,monthly,17,44,paid_search,0,23.9,2,3,3,0.211,1,1
C100576,DE,monthly,6,35,paid_social,0,23.9,1,1,9,0.437,1,1
C100577,CH,quarterly,5,44,influencer,1,27.51,1,0,6,0.218,1,1
C100578,DE,monthly,18,55,paid_social,1,23.9,0,0,7,0.562,1,0
C100579,DE,monthly,14,47,referral,1,23.9,1,0,7,0.735,0,0
C100580,DE,quarterly,9,35,tv_campaign,0,21.99,1,0,9,0.672,1,0
C100581,CH,monthly,32,31,paid_search,1,29.9,0,0,8,0.678,1,0
C100582,DE,monthly,8,55,tv_campaign,0,23.9,1,0,6,0.58,0,0
C100583,AT,quarterly,18,27,paid_social,1,22.91,0,0,9,0.555,1,0
C100584,AT,monthly,10,33,tv_campaign,0,24.9,1,0,8,0.59,1,0
C100585,DE,quarterly,17,50,tv_campaign,1,21.99,0,0,7,0.431,0,1
C100586,AT,monthly,6,37,paid_search,0,24.9,2,1,5,0.37,0,1
C100587,DE,quarterly,3,25,referral,0,21.99,1,1,7,0.507,0,0
C100588,DE,monthly,14,50,referral,0,23.9,1,0,6,0.669,0,0
C100589,AT,monthly,3,18,influencer,1,24.9,0,0,9,0.563,1,0
C100590,DE,quarterly,33,60,paid_search,0,21.99,0,0,7,0.385,0,1
C100591,DE,monthly,14,39,influencer,0,23.9,1,0,6,0.417,0,0
C100592,DE,monthly,21,30,paid_social,0,23.9,0,0,8,0.326,1,0
C100593,DE,quarterly,5,47,influencer,1,21.99,3,2,5,0.693,1,0
C100594,AT,quarterly,13,29,tv_campaign,0,22.91,0,1,7,0.217,0,1
C100595,DE,quarterly,22,31,referral,0,21.99,0,0,9,0.901,0,0
C100596,AT,monthly,4,37,paid_social,0,24.9,1,0,5,0.586,0,1
C100597,DE,monthly,14,66,paid_social,1,23.9,0,0,6,0.142,0,1
C100598,DE,monthly,6,51,influencer,0,23.9,0,1,6,0.428,0,1
C100599,DE,monthly,16,51,tv_campaign,0,23.9,0,0,10,0.562,1,0
C100600,CH,monthly,6,43,referral,0,29.9,0,0,10,0.435,0,0
C100601,DE,quarterly,19,26,referral,0,21.99,0,0,8,0.762,1,0
C100602,DE,quarterly,11,35,tv_campaign,0,21.99,1,0,8,0.441,1,0
C100603,DE,quarterly,8,46,paid_search,0,21.99,1,0,8,0.62,1,0
C100604,AT,monthly,21,42,referral,0,24.9,1,0,6,0.327,0,0
C100605,DE,monthly,15,37,tv_campaign,1,23.9,0,0,8,0.22,1,0
C100606,AT,monthly,4,22,referral,1,24.9,0,0,6,0.481,0,1
C100607,DE,quarterly,4,48,tv_campaign,0,21.99,2,0,7,0.206,0,0
C100608,DE,monthly,10,42,paid_search,1,23.9,1,0,8,0.276,0,0
C100609,CH,monthly,9,37,referral,0,29.9,1,0,8,0.193,1,0
C100610,CH,monthly,3,53,paid_social,1,29.9,2,0,8,0.44,0,0
C100611,AT,quarterly,7,28,paid_search,0,22.91,0,0,6,0.427,0,0
C100612,AT,monthly,9,51,paid_search,1,24.9,0,0,8,0.513,1,0
C100613,DE,monthly,10,35,paid_search,0,23.9,2,1,8,0.636,1,0
C100614,DE,monthly,16,44,tv_campaign,0,23.9,0,0,8,0.547,0,0
C100615,DE,monthly,3,40,referral,0,23.9,0,0,6,0.829,1,0
C100616,DE,quarterly,32,40,tv_campaign,0,21.99,1,0,6,0.422,0,0
C100617,CH,quarterly,23,47,referral,0,27.51,1,0,5,0.618,0,0
C100618,DE,monthly,13,57,tv_campaign,0,23.9,0,0,9,0.539,0,0
C100619,DE,quarterly,6,42,paid_social,1,21.99,0,0,9,0.206,0,0
C100620,DE,quarterly,23,37,influencer,0,21.99,1,0,8,0.584,1,0
C100621,DE,monthly,14,45,tv_campaign,0,23.9,1,0,10,0.337,1,0
C100622,AT,monthly,17,63,paid_search,1,24.9,0,0,9,0.385,0,0
C100623,AT,quarterly,10,39,paid_social,1,22.91,0,0,9,0.803,0,0
C100624,DE,quarterly,8,47,paid_social,1,21.99,0,0,7,0.397,0,1
C100625,DE,quarterly,11,43,paid_search,0,21.99,0,0,8,0.308,1,0
C100626,DE,monthly,31,37,paid_search,0,23.9,2,1,5,0.641,0,1
C100627,DE,quarterly,4,53,paid_search,0,21.99,1,1,6,0.287,1,0
C100628,DE,quarterly,6,18,referral,0,21.99,1,0,7,0.402,0,0
C100629,CH,quarterly,6,20,referral,0,27.51,1,1,4,0.575,1,0
C100630,DE,monthly,26,19,paid_search,1,23.9,1,0,4,0.547,1,1
C100631,DE,monthly,15,34,paid_search,0,23.9,0,0,7,0.579,1,1
C100632,DE,monthly,12,23,paid_social,0,23.9,1,0,8,0.617,0,0
C100633,AT,monthly,4,50,paid_search,0,24.9,0,1,7,0.486,0,0
C100634,DE,monthly,1,47,paid_social,1,23.9,0,0,6,0.599,0,0
C100635,CH,monthly,14,44,paid_social,0,29.9,1,1,10,0.611,0,0
C100636,DE,quarterly,8,30,influencer,0,21.99,1,0,10,0.877,0,0
C100637,CH,monthly,8,52,paid_social,1,29.9,0,1,7,0.142,0,1
C100638,CH,monthly,3,30,paid_search,1,29.9,1,1,5,0.403,0,1
C100639,DE,monthly,6,42,referral,0,23.9,0,0,9,0.214,1,0
C100640,DE,quarterly,29,50,tv_campaign,0,21.99,1,1,8,0.495,0,0
C100641,DE,monthly,12,41,paid_social,0,23.9,0,0,9,0.696,1,1
C100642,DE,monthly,1,46,paid_search,0,23.9,0,0,6,0.274,0,0
C100643,DE,monthly,3,33,referral,0,23.9,0,1,7,0.899,1,0
C100644,AT,monthly,8,61,paid_social,0,24.9,0,0,8,0.672,1,0
C100645,DE,quarterly,14,72,paid_search,0,21.99,0,0,8,0.151,0,0
C100646,AT,quarterly,3,53,referral,0,22.91,1,0,3,0.794,0,0
C100647,DE,monthly,10,37,referral,0,23.9,1,0,10,0.206,0,0
C100648,DE,monthly,7,36,paid_search,1,23.9,0,0,8,0.225,1,0
C100649,CH,monthly,4,46,paid_social,1,29.9,0,0,9,0.134,1,0
C100650,AT,quarterly,21,35,tv_campaign,0,22.91,2,0,9,0.608,0,1
C100651,DE,quarterly,11,58,referral,0,21.99,0,1,8,0.632,0,0
C100652,AT,monthly,12,41,paid_search,0,24.9,0,0,10,0.108,1,0
C100653,DE,monthly,4,66,paid_search,0,23.9,0,0,9,0.442,0,0
C100654,CH,quarterly,42,36,referral,1,27.51,1,1,6,0.425,1,0
C100655,DE,quarterly,4,40,paid_social,0,21.99,0,0,6,0.374,1,0
C100656,DE,quarterly,4,40,paid_social,0,21.99,1,1,6,0.619,0,1
C100657,DE,monthly,3,35,paid_search,1,23.9,2,1,7,0.366,0,1
C100658,AT,monthly,5,38,tv_campaign,0,24.9,0,0,10,0.385,1,0
C100659,DE,monthly,5,29,tv_campaign,1,23.9,1,0,8,0.211,1,0
C100660,AT,monthly,21,40,referral,0,24.9,0,0,7,0.167,1,0
C100661,AT,monthly,8,49,tv_campaign,0,24.9,0,1,9,0.332,0,0
C100662,DE,monthly,15,25,paid_search,0,23.9,0,0,7,0.586,1,0
C100663,DE,monthly,10,36,paid_search,1,23.9,1,1,8,0.393,1,0
C100664,AT,monthly,6,44,tv_campaign,0,24.9,0,0,8,0.309,1,0
C100665,DE,monthly,13,32,referral,1,23.9,0,0,8,0.383,0,0
C100666,DE,monthly,13,36,referral,0,23.9,1,0,9,0.162,0,0
C100667,AT,monthly,8,31,paid_social,1,24.9,0,0,9,0.316,1,0
C100668,CH,monthly,3,36,paid_social,1,29.9,0,0,9,0.245,1,1
C100669,CH,monthly,10,44,paid_social,0,29.9,0,1,7,0.551,0,0
C100670,CH,monthly,9,38,paid_social,1,29.9,2,2,7,0.354,1,1
C100671,AT,monthly,8,39,paid_search,0,24.9,0,0,10,0.397,0,0
C100672,DE,monthly,2,42,tv_campaign,0,23.9,0,0,8,0.514,1,0
C100673,DE,monthly,7,54,paid_social,1,23.9,0,0,6,0.712,0,1
C100674,AT,quarterly,7,53,referral,0,22.91,1,0,9,0.504,0,0
C100675,AT,monthly,19,42,influencer,1,24.9,0,1,6,0.569,0,1
C100676,DE,monthly,13,64,tv_campaign,0,23.9,0,0,9,0.682,1,0
C100677,AT,monthly,6,38,referral,0,24.9,0,0,7,0.22,0,0
C100678,DE,monthly,26,49,paid_search,0,23.9,0,0,5,0.45,1,0
C100679,AT,monthly,6,61,tv_campaign,0,24.9,0,0,7,0.696,1,0
C100680,DE,quarterly,7,24,paid_search,1,21.99,0,0,10,0.26,0,0
C100681,DE,quarterly,17,54,tv_campaign,0,21.99,0,0,10,0.689,0,0
C100682,DE,monthly,9,52,paid_search,0,23.9,0,0,7,0.18,0,0
C100683,DE,quarterly,10,58,paid_search,1,21.99,0,0,8,0.686,0,0
C100684,DE,monthly,3,42,referral,0,23.9,1,2,6,0.304,0,1
C100685,CH,monthly,13,56,tv_campaign,0,29.9,2,1,5,0.541,0,1
C100686,DE,quarterly,10,22,paid_search,0,21.99,2,1,9,0.257,1,0
C100687,CH,quarterly,9,52,referral,0,27.51,1,0,7,0.615,1,0
C100688,DE,quarterly,21,43,paid_search,1,21.99,0,1,7,0.69,0,0
C100689,DE,monthly,9,45,influencer,1,23.9,0,0,8,0.956,1,0
C100690,DE,quarterly,6,23,paid_search,0,21.99,0,0,9,0.268,0,0
C100691,DE,monthly,24,41,referral,0,23.9,0,0,6,0.499,0,0
C100692,AT,monthly,5,51,referral,0,24.9,0,0,8,0.33,0,0
C100693,DE,quarterly,14,37,paid_social,1,21.99,0,0,6,0.44,1,0
C100694,AT,monthly,9,45,paid_social,0,24.9,0,0,9,0.438,0,0
C100695,CH,quarterly,8,28,paid_social,1,27.51,2,2,4,0.354,0,1
C100696,AT,monthly,13,57,influencer,0,24.9,0,0,6,0.535,0,0
C100697,DE,monthly,8,18,influencer,1,23.9,1,1,8,0.153,0,1
C100698,DE,monthly,11,43,paid_search,1,23.9,1,1,5,0.369,0,1
C100699,AT,monthly,7,37,referral,0,24.9,1,1,7,0.41,1,0
C100700,DE,quarterly,25,39,paid_social,1,21.99,0,0,9,0.301,0,0
C100701,DE,monthly,15,39,referral,0,23.9,0,0,8,0.926,0,0
C100702,DE,monthly,18,41,paid_social,1,23.9,1,0,7,0.62,0,0
C100703,DE,quarterly,10,56,paid_search,0,21.99,0,2,6,0.775,0,0
C100704,DE,monthly,15,30,paid_search,1,23.9,0,0,9,0.627,1,0
C100705,CH,quarterly,15,48,referral,0,27.51,0,0,8,0.268,0,0
C100706,DE,monthly,2,41,referral,1,23.9,0,0,8,0.157,0,0
C100707,DE,quarterly,6,50,influencer,0,21.99,1,0,7,0.148,1,0
C100708,AT,quarterly,9,40,referral,0,22.91,0,1,7,0.123,1,0
C100709,AT,quarterly,13,45,paid_social,1,22.91,0,1,6,0.281,1,1
C100710,DE,monthly,6,18,tv_campaign,1,23.9,0,0,8,0.285,1,0
C100711,DE,monthly,6,51,influencer,0,23.9,0,0,9,0.221,0,0
C100712,AT,monthly,21,51,paid_social,1,24.9,0,1,8,0.456,0,0
C100713,DE,monthly,20,50,tv_campaign,0,23.9,1,1,6,0.579,0,0
C100714,AT,quarterly,5,22,paid_social,0,22.91,1,1,8,0.347,1,0
C100715,DE,monthly,5,34,influencer,0,23.9,0,0,6,0.319,1,0
C100716,DE,monthly,9,42,influencer,0,23.9,1,1,10,0.545,0,0
C100717,AT,monthly,21,21,referral,0,24.9,1,0,6,0.424,0,0
C100718,DE,quarterly,3,63,influencer,1,21.99,0,1,8,0.657,0,0
C100719,DE,monthly,12,37,paid_social,1,23.9,4,1,6,0.253,0,1
C100720,DE,quarterly,29,43,paid_search,1,21.99,1,1,8,0.46,0,0
C100721,DE,monthly,7,45,paid_social,0,23.9,2,1,7,0.651,0,0
C100722,DE,monthly,5,30,influencer,1,23.9,0,0,7,0.708,1,0
C100723,CH,monthly,3,21,influencer,0,29.9,1,1,5,0.737,0,0
C100724,DE,monthly,8,35,paid_search,1,23.9,0,0,8,0.636,0,0
C100725,DE,quarterly,1,55,paid_search,1,21.99,0,0,10,0.357,0,0
C100726,DE,monthly,5,42,paid_social,1,23.9,0,1,8,0.458,0,0
C100727,DE,quarterly,7,33,influencer,0,21.99,0,0,7,0.415,0,0
C100728,AT,monthly,5,29,paid_search,0,24.9,1,0,7,0.406,1,0
C100729,CH,monthly,9,32,paid_search,0,29.9,0,0,8,0.145,1,0
C100730,AT,monthly,33,37,referral,0,24.9,1,0,8,0.424,1,0
C100731,DE,monthly,13,38,paid_social,0,23.9,1,0,7,0.484,0,0
C100732,AT,monthly,16,22,paid_social,0,24.9,0,0,9,0.819,1,0
C100733,DE,quarterly,3,27,influencer,0,21.99,1,0,9,0.583,1,1
C100734,AT,monthly,15,50,influencer,1,24.9,1,0,9,0.604,0,1
C100735,DE,monthly,4,26,tv_campaign,1,23.9,1,1,7,0.237,0,1
C100736,DE,quarterly,48,51,paid_social,1,21.99,0,0,8,0.45,0,0
C100737,DE,quarterly,1,41,influencer,1,21.99,0,0,9,0.349,0,0
C100738,DE,monthly,16,66,tv_campaign,0,23.9,1,0,5,0.999,0,1
C100739,DE,quarterly,3,45,paid_search,1,21.99,0,0,8,0.16,0,0
C100740,DE,monthly,7,39,paid_social,0,23.9,0,0,6,0.27,1,0
C100741,AT,monthly,5,33,tv_campaign,1,24.9,0,0,8,0.43,0,0
C100742,DE,quarterly,30,42,referral,1,21.99,2,2,4,0.609,0,0
C100743,DE,monthly,9,28,paid_social,1,23.9,0,0,7,0.399,0,0
C100744,AT,monthly,7,64,paid_search,0,24.9,1,1,3,0.458,0,0
C100745,CH,monthly,6,35,referral,0,29.9,1,0,7,0.763,1,0
C100746,DE,quarterly,8,43,paid_social,1,21.99,0,0,9,0.675,0,0
C100747,DE,quarterly,7,25,paid_search,0,21.99,0,0,9,0.238,1,0
C100748,DE,monthly,3,45,tv_campaign,0,23.9,0,0,9,0.501,1,0
C100749,DE,monthly,4,38,paid_search,1,23.9,0,0,7,0.575,0,0
C100750,DE,monthly,32,23,referral,1,23.9,0,0,8,0.514,1,0
C100751,DE,quarterly,3,22,referral,0,21.99,1,2,6,0.355,0,1
C100752,DE,monthly,7,29,referral,0,23.9,0,0,8,0.326,1,0
C100753,CH,monthly,7,32,influencer,0,29.9,1,0,6,0.447,0,1
C100754,DE,quarterly,30,52,tv_campaign,0,21.99,0,1,10,0.183,0,0
C100755,DE,monthly,2,37,tv_campaign,1,23.9,2,3,4,0.662,0,1
C100756,DE,monthly,6,59,paid_search,1,23.9,0,0,7,0.205,1,0
C100757,DE,monthly,8,28,influencer,1,23.9,0,0,8,0.761,0,0
C100758,DE,monthly,35,55,paid_search,0,23.9,0,0,7,0.783,0,0
C100759,DE,monthly,7,56,tv_campaign,0,23.9,0,0,7,0.587,0,0
C100760,AT,monthly,4,36,paid_social,1,24.9,0,0,10,0.829,0,0
C100761,DE,quarterly,22,39,paid_search,0,21.99,1,0,8,0.567,1,0
C100762,DE,monthly,22,58,referral,1,23.9,0,0,8,0.562,1,0
C100763,DE,monthly,18,45,referral,0,23.9,1,0,7,0.611,0,0
C100764,DE,quarterly,16,62,tv_campaign,0,21.99,1,1,8,0.486,0,0
C100765,DE,monthly,26,39,paid_search,0,23.9,1,1,8,0.706,1,0
C100766,AT,quarterly,5,38,paid_search,1,22.91,0,0,7,0.624,0,0
C100767,AT,monthly,10,36,paid_search,0,24.9,1,0,6,0.263,1,0
C100768,AT,monthly,22,62,paid_search,1,24.9,1,0,8,0.489,0,0
C100769,DE,monthly,4,37,tv_campaign,1,23.9,0,0,10,0.8,1,0
C100770,DE,quarterly,9,47,paid_search,1,21.99,1,0,6,0.404,0,0
C100771,AT,monthly,13,44,tv_campaign,0,24.9,2,0,4,0.634,1,1
C100772,DE,quarterly,5,33,paid_search,0,21.99,1,1,7,0.623,0,0
C100773,DE,quarterly,24,43,referral,0,21.99,0,0,7,0.398,0,0
C100774,CH,quarterly,12,44,paid_search,0,27.51,2,2,4,0.152,1,0
C100775,DE,monthly,9,39,paid_search,1,23.9,2,1,5,0.453,1,1
C100776,DE,monthly,17,28,influencer,0,23.9,1,0,8,0.716,0,1
C100777,DE,quarterly,5,47,paid_social,0,21.99,0,0,9,0.498,0,0
C100778,CH,quarterly,18,71,paid_social,1,27.51,2,0,7,0.242,0,0
C100779,DE,monthly,10,63,influencer,0,23.9,1,0,8,0.475,0,0
C100780,AT,monthly,23,32,referral,1,24.9,0,0,8,0.565,1,0
C100781,DE,monthly,16,36,paid_social,1,23.9,0,0,8,0.279,0,1
C100782,DE,monthly,16,57,referral,1,23.9,3,1,5,0.668,1,0
C100783,DE,monthly,43,47,paid_search,1,23.9,0,0,7,0.576,0,1
C100784,CH,quarterly,29,33,tv_campaign,0,27.51,0,0,6,0.454,1,0
C100785,CH,monthly,19,33,paid_social,0,29.9,0,0,8,0.69,0,0
C100786,DE,quarterly,5,18,influencer,0,21.99,0,0,8,0.522,1,1
C100787,CH,quarterly,9,20,paid_search,1,27.51,0,0,10,0.664,0,0
C100788,AT,quarterly,1,60,referral,0,22.91,1,0,7,0.628,1,0
C100789,CH,monthly,11,55,paid_search,0,29.9,0,0,7,0.221,0,1
C100790,AT,monthly,3,64,influencer,1,24.9,0,0,7,0.63,0,0
C100791,CH,monthly,4,51,influencer,1,29.9,2,2,8,0.589,1,1
C100792,CH,monthly,2,54,referral,1,29.9,0,0,6,0.297,1,0
C100793,DE,quarterly,28,36,tv_campaign,0,21.99,2,1,3,0.501,1,0
C100794,AT,quarterly,3,35,paid_search,0,22.91,0,0,9,0.491,0,0
C100795,AT,monthly,23,35,referral,1,24.9,1,0,5,0.583,0,0
C100796,DE,quarterly,7,23,referral,0,21.99,0,0,7,0.285,0,0
C100797,AT,monthly,20,46,paid_social,0,24.9,0,0,9,0.513,0,0
C100798,DE,monthly,2,38,referral,0,23.9,1,1,6,0.614,0,0
C100799,AT,monthly,12,27,tv_campaign,1,24.9,0,0,7,0.235,0,0
C100800,DE,monthly,13,49,tv_campaign,0,23.9,0,0,7,0.444,0,0
C100801,CH,quarterly,6,53,paid_social,1,27.51,3,3,4,0.226,0,1
C100802,DE,quarterly,20,34,influencer,1,21.99,0,0,6,0.232,1,0
C100803,DE,monthly,8,54,referral,0,23.9,1,0,4,0.567,1,0
C100804,DE,monthly,14,39,paid_social,0,23.9,1,0,7,0.605,1,0
C100805,DE,monthly,10,54,paid_search,0,23.9,0,1,8,0.378,0,0
C100806,CH,monthly,26,19,paid_social,0,29.9,3,0,7,0.29,1,0
C100807,CH,quarterly,2,34,influencer,1,27.51,1,0,7,0.428,1,0
C100808,DE,monthly,17,38,paid_social,1,23.9,1,0,7,0.724,0,1
C100809,DE,quarterly,3,60,tv_campaign,1,21.99,0,1,9,0.521,1,0
C100810,DE,quarterly,2,70,paid_social,0,21.99,0,0,10,0.277,1,0
C100811,DE,monthly,10,41,referral,0,23.9,0,1,9,0.521,0,0
C100812,DE,monthly,4,34,referral,0,23.9,0,0,7,0.39,1,0
C100813,DE,monthly,5,42,referral,0,23.9,0,0,8,0.226,0,1
C100814,DE,monthly,14,19,paid_social,0,23.9,0,0,9,0.649,0,0
C100815,DE,quarterly,13,43,tv_campaign,1,21.99,2,0,8,0.423,1,0
C100816,DE,quarterly,7,53,paid_search,0,21.99,0,1,9,0.454,0,0
C100817,AT,quarterly,39,34,paid_search,0,22.91,0,0,8,0.466,0,0
C100818,DE,quarterly,3,29,referral,0,21.99,1,0,9,0.251,0,0
C100819,AT,monthly,2,50,influencer,1,24.9,0,0,7,0.78,0,0
C100820,AT,monthly,8,50,paid_search,1,24.9,0,0,6,0.598,0,0
C100821,CH,quarterly,7,39,paid_social,0,27.51,0,0,8,0.706,0,0
C100822,DE,monthly,14,33,paid_search,0,23.9,0,0,9,0.518,0,0
C100823,DE,monthly,5,21,referral,0,23.9,0,0,7,0.579,1,0
C100824,AT,monthly,4,51,influencer,0,24.9,0,0,8,0.417,0,0
C100825,DE,monthly,18,43,paid_social,1,23.9,2,0,8,0.408,0,0
C100826,DE,quarterly,5,45,tv_campaign,1,21.99,0,0,8,0.368,0,0
C100827,DE,monthly,16,36,influencer,1,23.9,1,0,8,0.177,0,1
C100828,DE,monthly,4,58,paid_search,0,23.9,0,0,8,0.382,0,0
C100829,DE,monthly,4,50,influencer,1,23.9,1,0,7,0.359,1,0
C100830,DE,monthly,11,64,paid_search,0,23.9,0,0,7,0.515,0,0
C100831,DE,monthly,7,47,paid_search,0,23.9,0,0,7,0.569,0,0
C100832,DE,monthly,5,53,influencer,0,23.9,2,1,8,0.198,0,0
C100833,CH,monthly,1,19,paid_search,1,29.9,0,0,10,0.133,1,0
C100834,DE,monthly,9,57,tv_campaign,0,23.9,0,0,7,0.505,0,0
C100835,DE,monthly,6,59,paid_social,0,23.9,2,2,5,0.363,0,1
C100836,DE,monthly,4,33,paid_social,1,23.9,0,0,8,0.732,1,0
C100837,AT,monthly,12,40,paid_search,0,24.9,3,1,7,0.754,0,0
C100838,DE,quarterly,3,43,paid_social,1,21.99,1,0,5,0.37,1,1
C100839,CH,quarterly,19,34,paid_search,0,27.51,3,0,6,0.549,0,0
C100840,DE,monthly,13,29,paid_search,0,23.9,2,1,3,0.34,0,1
C100841,DE,quarterly,4,40,referral,1,21.99,0,0,7,0.457,0,0
C100842,AT,quarterly,9,43,tv_campaign,1,22.91,1,1,9,0.599,1,0
C100843,DE,monthly,11,68,paid_social,0,23.9,0,0,9,0.471,1,0
C100844,DE,quarterly,7,45,paid_search,0,21.99,0,1,10,0.429,0,0
C100845,DE,quarterly,9,35,paid_social,1,21.99,1,1,8,0.636,1,0
C100846,DE,quarterly,14,51,paid_search,1,21.99,0,0,9,0.424,1,0
C100847,DE,quarterly,2,55,paid_social,0,21.99,0,0,8,0.248,1,0
C100848,DE,monthly,13,52,paid_search,1,23.9,1,0,10,0.44,1,0
C100849,CH,monthly,21,54,paid_social,1,29.9,5,1,5,0.453,0,1
C100850,DE,quarterly,5,32,paid_search,0,21.99,0,0,7,0.706,0,0
C100851,AT,monthly,11,62,paid_search,0,24.9,2,0,7,0.41,0,0
C100852,DE,monthly,4,45,tv_campaign,1,23.9,0,0,10,0.574,0,0
C100853,AT,monthly,23,47,influencer,1,24.9,2,2,4,0.809,0,1
C100854,DE,monthly,6,40,referral,0,23.9,1,1,6,0.169,1,0
C100855,AT,monthly,5,47,paid_search,0,24.9,0,1,6,0.086,0,0
C100856,DE,quarterly,15,32,paid_search,0,21.99,0,0,10,0.083,0,0
C100857,AT,monthly,13,53,paid_social,1,24.9,1,0,6,0.642,0,0
C100858,DE,monthly,14,30,tv_campaign,0,23.9,0,0,8,0.294,0,0
C100859,AT,monthly,9,26,tv_campaign,1,24.9,0,2,7,0.39,0,1
C100860,DE,monthly,13,54,referral,0,23.9,1,0,7,0.764,0,1
C100861,DE,monthly,7,33,paid_search,1,23.9,0,0,10,0.373,0,0
C100862,DE,quarterly,9,31,paid_search,0,21.99,0,0,10,0.286,0,0
C100863,DE,monthly,6,57,paid_search,1,23.9,0,0,9,0.765,0,0
C100864,DE,monthly,28,45,referral,0,23.9,0,0,7,0.536,0,0
C100865,DE,monthly,5,41,influencer,1,23.9,0,0,9,0.596,0,1
C100866,CH,quarterly,15,58,referral,0,27.51,1,0,6,0.291,0,0
C100867,AT,monthly,35,36,paid_social,0,24.9,0,1,8,0.828,0,0
C100868,DE,quarterly,8,51,influencer,0,21.99,2,1,6,0.678,1,0
C100869,DE,quarterly,11,34,tv_campaign,1,21.99,0,0,6,0.709,1,0
C100870,DE,monthly,32,26,paid_social,0,23.9,1,0,7,0.313,1,0
C100871,AT,quarterly,6,44,paid_social,0,22.91,0,1,9,0.398,0,0
C100872,DE,quarterly,6,36,paid_social,0,21.99,1,0,8,0.433,0,0
C100873,DE,quarterly,21,33,paid_search,1,21.99,1,0,7,0.463,1,0
C100874,AT,monthly,13,36,tv_campaign,1,24.9,1,1,6,0.417,0,0
C100875,DE,monthly,8,35,paid_social,1,23.9,0,0,7,0.8,0,1
C100876,DE,quarterly,11,63,paid_search,0,21.99,0,1,8,0.674,0,0
C100877,CH,monthly,29,43,influencer,1,29.9,0,1,5,0.621,1,0
C100878,CH,quarterly,12,34,paid_search,0,27.51,1,0,9,0.64,0,0
C100879,DE,quarterly,27,52,paid_search,0,21.99,0,0,7,0.483,1,0
C100880,CH,monthly,9,55,influencer,0,29.9,1,2,5,0.586,0,1
C100881,DE,monthly,10,27,paid_search,0,23.9,0,0,9,0.741,0,0
C100882,DE,quarterly,10,44,tv_campaign,1,21.99,0,1,8,0.251,1,0
C100883,AT,monthly,1,38,referral,0,24.9,0,0,8,0.729,1,0
C100884,DE,monthly,15,41,paid_social,1,23.9,0,0,8,0.379,1,1
C100885,DE,monthly,3,48,paid_search,1,23.9,0,0,6,0.515,1,0
C100886,DE,quarterly,17,32,influencer,0,21.99,0,0,6,0.565,0,0
C100887,DE,monthly,8,54,paid_social,1,23.9,0,0,6,0.307,1,0
C100888,AT,monthly,7,33,influencer,0,24.9,0,0,6,0.186,0,1
C100889,DE,monthly,13,32,paid_search,1,23.9,1,0,7,0.478,0,0
C100890,DE,monthly,5,35,tv_campaign,1,23.9,0,0,9,0.602,0,0
C100891,DE,quarterly,12,42,paid_search,0,21.99,1,0,9,0.343,1,0
C100892,AT,monthly,18,18,paid_search,0,24.9,0,0,10,0.646,1,0
C100893,DE,quarterly,32,57,paid_social,1,21.99,0,0,8,0.267,0,0
C100894,AT,monthly,18,29,referral,0,24.9,1,0,7,0.492,0,0
C100895,DE,quarterly,10,25,paid_search,0,21.99,1,1,6,0.544,0,0
C100896,DE,monthly,23,53,paid_social,1,23.9,1,0,8,0.779,0,0
C100897,DE,quarterly,4,32,tv_campaign,0,21.99,0,0,6,0.587,0,1
C100898,DE,monthly,37,37,paid_social,0,23.9,0,0,7,0.422,0,0
C100899,DE,quarterly,1,50,paid_social,0,21.99,0,1,7,0.463,0,0
C100900,DE,monthly,19,58,paid_search,1,23.9,0,2,7,0.839,0,0
C100901,AT,monthly,17,33,tv_campaign,1,24.9,1,1,6,0.529,0,1
C100902,DE,quarterly,10,34,paid_social,0,21.99,1,0,6,0.444,0,0
C100903,AT,monthly,11,34,tv_campaign,0,24.9,0,0,9,0.439,0,0
C100904,DE,monthly,11,45,tv_campaign,1,23.9,0,0,6,0.385,1,0
C100905,DE,monthly,8,49,tv_campaign,0,23.9,1,0,8,0.605,1,0
C100906,AT,quarterly,12,30,influencer,1,22.91,0,0,9,0.708,0,0
C100907,DE,monthly,12,19,paid_social,1,23.9,0,0,10,0.542,0,0
C100908,AT,quarterly,10,25,referral,0,22.91,0,0,6,0.79,0,0
C100909,DE,quarterly,13,22,referral,0,21.99,1,0,6,0.212,1,0
C100910,DE,monthly,7,55,referral,0,23.9,1,0,7,0.418,0,0
C100911,CH,quarterly,7,51,referral,0,27.51,0,0,8,0.316,1,0
C100912,DE,monthly,7,49,referral,0,23.9,0,0,9,0.493,0,0
C100913,DE,quarterly,16,46,paid_social,1,21.99,0,1,6,0.861,0,0
C100914,AT,quarterly,1,23,referral,1,22.91,1,2,5,0.354,0,1
C100915,AT,quarterly,5,44,paid_search,0,22.91,0,1,5,0.253,0,0
C100916,CH,monthly,22,34,influencer,0,29.9,4,1,6,0.705,0,1
C100917,DE,monthly,1,44,tv_campaign,0,23.9,0,0,7,0.316,0,0
C100918,DE,monthly,48,42,influencer,1,23.9,0,1,7,0.485,0,0
C100919,AT,monthly,8,34,tv_campaign,0,24.9,0,0,8,0.468,1,0
C100920,CH,quarterly,17,39,influencer,0,27.51,0,0,7,0.469,0,1
C100921,DE,quarterly,7,50,paid_social,1,21.99,1,0,7,0.102,1,0
C100922,DE,quarterly,2,51,tv_campaign,1,21.99,0,0,9,0.488,0,0
C100923,DE,monthly,6,26,tv_campaign,0,23.9,1,0,7,0.709,1,0
C100924,AT,quarterly,13,31,influencer,0,22.91,1,0,8,0.476,0,0
C100925,AT,monthly,22,50,influencer,0,24.9,0,0,9,0.686,0,0
C100926,AT,monthly,25,56,referral,0,24.9,0,0,8,0.319,0,0
C100927,CH,monthly,14,38,tv_campaign,0,29.9,0,0,8,0.488,1,0
C100928,AT,quarterly,23,49,paid_search,0,22.91,0,0,8,0.757,0,0
C100929,AT,quarterly,12,36,influencer,1,22.91,1,1,6,0.53,1,0
C100930,DE,monthly,30,35,tv_campaign,0,23.9,0,1,4,0.475,0,0
C100931,AT,monthly,6,30,paid_social,0,24.9,1,0,7,0.561,0,0
C100932,DE,quarterly,6,37,paid_social,0,21.99,1,0,10,0.411,1,0
C100933,DE,monthly,8,53,paid_social,1,23.9,0,0,10,0.388,0,1
C100934,DE,monthly,10,24,paid_search,0,23.9,0,0,7,0.359,1,0
C100935,DE,quarterly,29,34,paid_search,0,21.99,0,0,8,0.336,0,0
C100936,DE,monthly,2,39,tv_campaign,1,23.9,0,2,6,0.661,1,0
C100937,DE,monthly,9,40,paid_search,0,23.9,0,0,9,0.642,1,0
C100938,CH,monthly,10,45,paid_social,0,29.9,1,2,3,0.583,0,1
C100939,DE,quarterly,3,34,paid_social,1,21.99,0,0,9,0.594,0,0
C100940,DE,quarterly,16,39,referral,1,21.99,0,1,7,0.291,0,0
C100941,DE,monthly,10,37,paid_social,1,23.9,0,0,8,0.336,0,0
C100942,AT,monthly,11,63,tv_campaign,0,24.9,1,1,8,0.422,1,0
C100943,CH,monthly,9,18,referral,1,29.9,0,0,7,0.576,1,0
C100944,DE,monthly,14,49,paid_social,0,23.9,2,0,6,0.239,0,1
C100945,DE,monthly,8,19,paid_social,0,23.9,0,0,7,0.487,1,0
C100946,AT,monthly,7,22,influencer,1,24.9,0,0,6,0.623,0,0
C100947,DE,monthly,17,29,tv_campaign,0,23.9,0,0,8,0.425,1,0
C100948,CH,quarterly,13,24,paid_search,0,27.51,0,0,8,0.278,1,0
C100949,DE,monthly,19,40,tv_campaign,0,23.9,0,0,8,0.782,1,0
C100950,AT,monthly,19,54,paid_social,0,24.9,1,0,8,0.743,0,0
C100951,DE,quarterly,6,74,referral,1,21.99,0,1,8,0.27,0,0
C100952,AT,quarterly,10,43,paid_social,1,22.91,0,0,8,0.434,0,0
C100953,DE,monthly,6,52,influencer,1,23.9,1,0,8,0.366,0,1
C100954,DE,monthly,32,50,paid_search,0,23.9,0,0,7,0.473,0,0
C100955,DE,quarterly,11,46,referral,0,21.99,1,1,4,0.329,0,0
C100956,DE,quarterly,3,42,tv_campaign,0,21.99,0,0,9,0.263,0,0
C100957,DE,quarterly,48,55,paid_social,1,21.99,1,0,7,0.412,0,0
C100958,AT,monthly,5,49,influencer,1,24.9,0,0,6,0.737,0,0
C100959,AT,quarterly,18,31,tv_campaign,0,22.91,1,0,9,0.634,0,0
C100960,AT,quarterly,1,44,tv_campaign,1,22.91,0,0,9,0.113,1,1
C100961,DE,monthly,24,53,paid_search,0,23.9,0,0,8,0.388,0,0
C100962,AT,monthly,9,33,paid_search,0,24.9,1,0,7,0.694,0,0
C100963,AT,monthly,25,41,paid_search,0,24.9,1,0,6,0.282,0,0
C100964,DE,monthly,13,36,paid_social,1,23.9,1,0,9,0.411,0,0
C100965,DE,monthly,12,50,paid_social,1,23.9,0,0,8,0.2,0,0
C100966,CH,monthly,19,18,paid_search,0,29.9,2,1,6,0.423,0,0
C100967,AT,quarterly,14,29,paid_search,0,22.91,1,2,5,0.528,0,0
C100968,AT,monthly,33,39,paid_search,1,24.9,0,0,8,0.424,0,0
C100969,DE,monthly,1,59,paid_social,1,23.9,0,0,9,0.418,0,0
C100970,DE,quarterly,8,35,paid_social,1,21.99,1,0,9,0.508,0,0
C100971,DE,monthly,2,52,paid_search,0,23.9,1,0,7,0.36,0,0
C100972,AT,monthly,14,19,paid_search,1,24.9,1,1,7,0.633,1,0
C100973,AT,monthly,15,50,tv_campaign,1,24.9,1,0,5,0.335,0,0
C100974,AT,quarterly,20,42,paid_social,0,22.91,0,0,8,0.685,0,1
C100975,AT,monthly,6,31,paid_social,0,24.9,1,2,5,0.8,0,0
C100976,AT,monthly,3,54,paid_social,1,24.9,1,0,8,0.584,0,1
C100977,DE,monthly,8,38,paid_search,0,23.9,0,0,9,0.108,0,0
C100978,DE,monthly,5,42,paid_social,0,23.9,1,0,9,0.204,0,0
C100979,DE,quarterly,40,43,influencer,0,21.99,1,1,7,0.539,0,0
C100980,AT,quarterly,8,19,paid_search,0,22.91,0,0,8,0.436,1,0
C100981,AT,monthly,11,42,paid_search,0,24.9,0,0,10,0.634,0,0
C100982,DE,monthly,33,27,paid_social,1,23.9,2,2,5,0.385,1,1
C100983,DE,quarterly,6,62,tv_campaign,0,21.99,2,0,6,0.321,0,0
C100984,DE,monthly,5,31,paid_search,0,23.9,0,0,8,0.707,0,0
C100985,DE,monthly,12,18,paid_search,0,23.9,0,1,6,0.219,0,1
C100986,DE,monthly,12,18,paid_search,1,23.9,0,0,9,0.743,1,0
C100987,DE,quarterly,8,31,influencer,1,21.99,1,0,8,0.55,1,0
C100988,DE,monthly,23,43,paid_search,0,23.9,1,1,7,0.42,0,0
C100989,DE,monthly,5,42,paid_social,0,23.9,0,0,8,0.093,0,1
C100990,CH,monthly,1,52,paid_search,0,29.9,2,0,7,0.429,0,0
C100991,CH,quarterly,11,59,paid_search,0,27.51,1,0,8,0.468,0,0
C100992,AT,quarterly,41,18,influencer,1,22.91,0,0,6,0.554,0,0
C100993,DE,monthly,13,41,paid_social,1,23.9,3,1,6,0.632,1,0
C100994,DE,quarterly,22,38,tv_campaign,0,21.99,1,0,6,0.627,0,0
C100995,AT,quarterly,19,38,influencer,1,22.91,0,0,7,0.267,0,0
C100996,DE,quarterly,4,64,influencer,1,21.99,1,1,4,0.765,0,0
C100997,AT,monthly,11,23,influencer,1,24.9,0,0,9,0.305,0,0
C100998,AT,quarterly,11,35,influencer,0,22.91,0,0,8,0.814,0,0
C100999,DE,quarterly,14,19,paid_search,1,21.99,0,1,8,0.623,1,0
C101000,DE,monthly,6,29,paid_social,1,23.9,0,0,8,0.672,1,0
C101001,CH,monthly,8,26,paid_social,0,29.9,2,2,5,0.547,1,0
C101002,DE,monthly,2,49,referral,1,23.9,0,0,10,0.273,0,0
C101003,CH,quarterly,22,35,paid_search,0,27.51,0,1,8,0.679,0,0
C101004,DE,quarterly,3,20,influencer,0,21.99,0,0,8,0.739,0,0
C101005,DE,quarterly,19,19,paid_search,0,21.99,1,0,7,0.545,0,0
C101006,DE,monthly,7,39,paid_social,0,23.9,2,1,4,0.791,0,1
C101007,DE,quarterly,7,38,referral,0,21.99,0,0,10,0.437,0,0
C101008,DE,monthly,12,32,referral,1,23.9,1,0,8,0.498,1,0
C101009,DE,quarterly,43,35,tv_campaign,0,21.99,1,0,6,0.501,1,0
C101010,DE,quarterly,12,52,referral,0,21.99,0,1,7,0.495,0,0
C101011,DE,monthly,1,23,influencer,1,23.9,0,0,10,0.402,0,0
C101012,CH,quarterly,6,29,tv_campaign,0,27.51,0,0,9,0.29,0,0
C101013,DE,monthly,9,18,influencer,0,23.9,1,0,5,0.854,0,0
C101014,DE,quarterly,8,69,paid_search,0,21.99,0,0,8,0.632,0,0
C101015,AT,monthly,17,56,paid_social,1,24.9,0,0,7,0.486,0,0
C101016,CH,monthly,16,39,paid_search,1,29.9,1,0,9,0.472,0,0
C101017,AT,quarterly,16,33,influencer,1,22.91,0,0,8,0.44,0,0
C101018,DE,monthly,6,37,paid_search,0,23.9,0,0,7,0.571,1,0
C101019,DE,quarterly,8,35,paid_social,0,21.99,0,0,9,0.302,1,0
C101020,DE,monthly,6,27,tv_campaign,0,23.9,0,1,5,0.608,0,0
C101021,DE,monthly,5,55,tv_campaign,0,23.9,0,0,10,0.711,0,0
C101022,DE,monthly,4,26,tv_campaign,0,23.9,0,0,9,0.497,0,0
C101023,DE,monthly,13,35,tv_campaign,0,23.9,0,0,7,0.716,0,1
C101024,DE,quarterly,18,32,tv_campaign,0,21.99,0,0,8,0.326,0,0
C101025,CH,monthly,11,20,tv_campaign,0,29.9,1,0,6,0.672,1,0
C101026,AT,quarterly,13,46,paid_search,0,22.91,0,0,8,0.208,1,1
C101027,DE,quarterly,1,42,paid_social,1,21.99,2,0,6,0.297,1,0
C101028,AT,monthly,19,53,tv_campaign,1,24.9,1,0,9,0.307,0,1
C101029,DE,monthly,14,37,tv_campaign,0,23.9,0,0,10,0.439,1,0
C101030,AT,monthly,7,38,paid_social,1,24.9,0,0,10,0.181,0,0
C101031,AT,quarterly,15,52,paid_social,0,22.91,0,0,7,0.471,0,0
C101032,AT,monthly,18,28,paid_social,0,24.9,0,0,9,0.581,0,0
C101033,AT,monthly,5,19,paid_search,1,24.9,1,1,8,0.407,0,1
C101034,DE,quarterly,11,18,referral,0,21.99,1,0,8,0.447,0,0
C101035,AT,monthly,11,55,tv_campaign,1,24.9,0,0,7,0.845,0,0
C101036,DE,quarterly,19,45,paid_social,1,21.99,0,0,8,0.746,0,0
C101037,DE,monthly,2,56,tv_campaign,0,23.9,1,1,6,0.669,0,0
C101038,CH,monthly,26,31,paid_social,1,29.9,0,0,9,0.254,0,0
C101039,DE,monthly,3,51,paid_search,1,23.9,0,0,8,0.128,0,0
C101040,DE,monthly,11,34,influencer,0,23.9,1,1,7,0.227,0,1
C101041,DE,quarterly,5,52,paid_search,0,21.99,1,0,8,0.154,0,0
C101042,DE,monthly,25,56,referral,0,23.9,0,0,7,0.426,0,0
C101043,DE,quarterly,11,46,paid_search,1,21.99,0,0,8,0.919,1,0
C101044,AT,monthly,25,25,influencer,1,24.9,1,1,9,0.327,1,0
C101045,AT,monthly,14,50,paid_search,0,24.9,2,2,7,0.555,0,1
C101046,DE,monthly,9,51,paid_search,0,23.9,0,0,7,0.489,0,0
C101047,AT,monthly,12,47,paid_social,1,24.9,0,0,6,0.36,0,0
C101048,DE,quarterly,13,38,paid_social,0,21.99,1,2,4,0.612,0,1
C101049,DE,monthly,11,33,tv_campaign,1,23.9,0,0,7,0.225,0,1
C101050,DE,monthly,6,48,referral,1,23.9,1,0,7,0.141,0,1
C101051,DE,quarterly,29,39,paid_search,0,21.99,1,1,7,0.725,0,0
C101052,DE,quarterly,12,37,paid_social,1,21.99,1,1,6,0.169,1,0
C101053,AT,monthly,18,45,tv_campaign,0,24.9,1,0,7,0.687,0,0
C101054,AT,monthly,20,67,influencer,0,24.9,0,0,8,0.456,1,0
C101055,AT,monthly,9,45,tv_campaign,0,24.9,1,0,7,0.439,0,0
C101056,CH,monthly,21,36,paid_search,1,29.9,0,0,7,0.622,0,0
C101057,CH,monthly,19,50,tv_campaign,1,29.9,0,0,8,0.866,0,1
C101058,DE,monthly,26,49,referral,0,23.9,1,0,5,0.704,0,0
C101059,AT,monthly,15,44,paid_search,0,24.9,0,0,8,0.586,1,0
C101060,DE,quarterly,12,35,paid_search,0,21.99,0,0,6,0.132,0,0
C101061,CH,monthly,16,33,paid_search,0,29.9,0,1,9,0.42,0,0
C101062,DE,monthly,16,18,tv_campaign,0,23.9,0,0,9,0.365,0,0
C101063,DE,quarterly,4,66,paid_search,0,21.99,0,0,10,0.169,0,0
C101064,DE,monthly,5,39,tv_campaign,0,23.9,0,0,7,0.386,0,0
C101065,CH,quarterly,8,31,tv_campaign,1,27.51,0,1,7,0.292,1,0
C101066,DE,monthly,8,27,tv_campaign,0,23.9,2,1,5,0.66,1,0
C101067,DE,quarterly,5,43,paid_search,0,21.99,0,0,7,0.383,1,0
C101068,DE,monthly,23,37,tv_campaign,0,23.9,1,0,6,0.372,0,0
C101069,DE,monthly,8,18,paid_social,1,23.9,1,1,8,0.506,1,1
C101070,AT,monthly,9,36,influencer,1,24.9,0,0,8,0.55,0,0
C101071,DE,monthly,18,38,paid_search,1,23.9,0,1,6,0.151,0,1
C101072,AT,monthly,6,57,paid_search,1,24.9,0,0,8,0.73,1,0
C101073,DE,monthly,11,69,referral,0,23.9,0,0,8,0.694,0,0
C101074,CH,monthly,6,34,paid_social,1,29.9,0,0,10,0.68,0,0
C101075,AT,quarterly,13,37,influencer,0,22.91,1,0,8,0.313,0,0
C101076,DE,monthly,8,20,paid_search,0,23.9,0,0,9,0.558,0,0
C101077,DE,monthly,5,32,paid_social,1,23.9,1,0,7,0.174,0,0
C101078,CH,monthly,24,49,tv_campaign,1,29.9,0,0,7,0.318,0,0
C101079,AT,monthly,10,50,tv_campaign,1,24.9,1,0,7,0.544,0,0
C101080,AT,monthly,11,32,tv_campaign,1,24.9,0,1,9,0.6,0,0
C101081,DE,monthly,15,38,paid_search,0,23.9,0,1,8,0.28,1,0
C101082,DE,monthly,13,39,paid_search,0,23.9,0,0,7,0.377,1,0
C101083,DE,monthly,19,49,paid_search,0,23.9,1,0,7,0.563,1,0
C101084,DE,quarterly,26,45,referral,0,21.99,0,0,6,0.745,1,0
C101085,AT,quarterly,18,47,paid_social,0,22.91,0,0,9,0.171,0,0
C101086,DE,monthly,13,36,paid_search,1,23.9,0,0,8,0.282,0,0
C101087,DE,quarterly,21,31,tv_campaign,0,21.99,0,0,10,0.431,0,0
C101088,CH,monthly,9,43,paid_search,1,29.9,0,0,9,0.336,1,0
C101089,AT,monthly,2,61,paid_social,1,24.9,1,0,6,0.103,1,1
C101090,DE,quarterly,21,29,tv_campaign,0,21.99,0,0,7,0.367,0,0
C101091,DE,monthly,9,48,paid_search,1,23.9,0,1,9,0.319,1,0
C101092,AT,quarterly,5,57,paid_social,1,22.91,1,0,7,0.407,1,0
C101093,AT,monthly,8,46,paid_social,1,24.9,0,1,5,0.617,1,0
C101094,DE,monthly,6,30,referral,1,23.9,0,0,7,0.536,0,0
C101095,DE,quarterly,4,45,paid_social,1,21.99,0,0,7,0.443,0,0
C101096,DE,monthly,7,18,paid_social,1,23.9,0,0,7,0.335,0,1
C101097,AT,monthly,38,43,paid_search,0,24.9,2,1,6,0.371,1,1
C101098,DE,monthly,17,35,influencer,1,23.9,1,1,5,0.383,0,1
C101099,DE,quarterly,22,45,paid_search,0,21.99,2,0,5,0.52,1,0
C101100,DE,monthly,14,40,referral,1,23.9,0,1,6,0.231,1,0
C101101,AT,monthly,21,39,referral,1,24.9,0,1,5,0.645,0,0
C101102,DE,quarterly,7,47,referral,1,21.99,1,0,9,0.538,1,0
C101103,AT,monthly,6,57,paid_search,0,24.9,1,0,6,0.183,0,0
C101104,DE,monthly,10,45,referral,1,23.9,0,0,8,0.472,0,0
C101105,DE,monthly,5,35,paid_social,0,23.9,0,1,9,0.563,1,0
C101106,DE,monthly,11,32,referral,0,23.9,0,0,8,0.217,1,0
C101107,CH,quarterly,12,52,tv_campaign,0,27.51,0,0,4,0.582,0,0
C101108,AT,monthly,19,56,paid_search,0,24.9,0,0,7,0.563,0,0
C101109,DE,quarterly,9,50,paid_search,0,21.99,1,0,6,0.739,0,0
C101110,DE,quarterly,20,41,referral,0,21.99,0,0,8,0.588,0,0
C101111,AT,quarterly,18,47,paid_social,0,22.91,0,0,8,0.499,0,0
C101112,DE,monthly,7,52,referral,0,23.9,1,1,8,0.437,1,0
C101113,AT,monthly,12,22,influencer,0,24.9,1,1,5,0.677,1,0
C101114,DE,monthly,9,31,paid_search,1,23.9,0,0,7,0.449,1,0
C101115,AT,quarterly,10,18,paid_search,0,22.91,3,1,5,0.28,1,1
C101116,AT,monthly,4,27,paid_social,0,24.9,1,0,6,0.691,0,1
C101117,DE,monthly,8,24,influencer,0,23.9,0,0,9,0.365,1,0
C101118,AT,monthly,13,54,paid_search,0,24.9,1,0,9,0.428,1,0
C101119,AT,monthly,12,51,paid_search,0,24.9,0,0,9,0.218,0,0
C101120,DE,quarterly,29,57,referral,0,21.99,0,0,10,0.436,1,0
C101121,DE,monthly,7,20,tv_campaign,0,23.9,1,0,6,0.238,1,1
C101122,AT,monthly,4,31,paid_social,1,24.9,0,0,9,0.276,0,0
C101123,AT,monthly,27,20,paid_search,1,24.9,0,0,10,0.556,1,1
C101124,AT,monthly,3,40,influencer,1,24.9,2,0,6,0.455,1,1
C101125,CH,monthly,16,52,influencer,1,29.9,2,0,7,0.66,0,1
C101126,DE,quarterly,26,38,paid_search,0,21.99,0,0,9,0.669,0,0
C101127,DE,monthly,5,59,referral,0,23.9,1,0,8,0.489,0,0
C101128,DE,monthly,3,54,paid_search,1,23.9,0,0,7,0.597,1,0
C101129,DE,quarterly,16,26,influencer,0,21.99,1,1,7,0.514,1,0
C101130,AT,quarterly,1,53,paid_social,0,22.91,2,0,6,0.367,1,0
C101131,AT,quarterly,10,18,paid_search,0,22.91,2,2,5,0.69,0,1
C101132,DE,monthly,16,40,paid_social,1,23.9,0,1,8,0.446,0,1
C101133,DE,monthly,11,55,paid_social,0,23.9,1,0,8,0.272,1,0
C101134,AT,monthly,17,18,paid_social,1,24.9,1,0,5,0.605,1,0
C101135,DE,quarterly,10,37,tv_campaign,1,21.99,1,0,7,0.713,0,0
C101136,DE,monthly,1,60,influencer,1,23.9,0,0,7,0.385,1,0
C101137,DE,quarterly,8,51,referral,1,21.99,0,0,9,0.63,0,0
C101138,DE,quarterly,7,18,paid_social,1,21.99,0,0,8,0.33,0,0
C101139,DE,quarterly,4,42,tv_campaign,1,21.99,0,0,8,0.354,0,0
C101140,DE,quarterly,21,74,referral,0,21.99,0,0,9,0.604,0,0
C101141,AT,quarterly,21,41,influencer,1,22.91,0,0,10,0.818,1,0
C101142,AT,monthly,30,49,paid_social,1,24.9,2,0,7,0.426,1,1
C101143,DE,monthly,9,47,referral,0,23.9,0,2,7,0.425,0,0
C101144,DE,quarterly,5,49,referral,0,21.99,0,1,7,0.192,0,1
C101145,DE,quarterly,3,34,paid_search,0,21.99,0,0,8,0.035,0,0
C101146,DE,monthly,5,45,influencer,1,23.9,0,0,9,0.665,0,1
C101147,DE,monthly,21,49,paid_social,1,23.9,1,1,6,0.187,0,0
C101148,DE,monthly,10,55,paid_social,1,23.9,1,0,7,0.503,0,0
C101149,DE,quarterly,6,33,referral,1,21.99,2,1,8,0.498,0,0
C101150,DE,monthly,6,28,paid_social,1,23.9,0,0,9,0.571,1,0
C101151,AT,monthly,11,36,referral,0,24.9,0,0,7,0.362,0,0
C101152,DE,quarterly,23,49,paid_search,0,21.99,0,1,6,0.596,1,0
C101153,DE,quarterly,4,41,influencer,0,21.99,0,1,6,0.218,0,0
C101154,AT,quarterly,22,55,paid_social,0,22.91,1,0,8,0.166,0,0
C101155,DE,quarterly,19,35,tv_campaign,0,21.99,0,0,8,0.256,0,0
C101156,DE,quarterly,18,42,paid_social,1,21.99,0,0,9,0.162,1,0
C101157,CH,quarterly,7,63,tv_campaign,1,27.51,0,0,8,0.422,0,0
C101158,AT,monthly,27,53,paid_social,0,24.9,0,0,7,0.538,0,0
C101159,DE,monthly,20,21,paid_search,0,23.9,0,0,7,0.349,0,0
C101160,DE,monthly,21,45,influencer,1,23.9,3,0,7,0.3,0,1
C101161,DE,monthly,2,43,influencer,0,23.9,0,1,6,0.123,1,1
C101162,DE,monthly,1,34,paid_social,1,23.9,0,0,7,0.45,1,1
C101163,DE,quarterly,4,60,influencer,1,21.99,0,1,7,0.666,0,0
C101164,AT,quarterly,2,40,tv_campaign,0,22.91,1,0,7,0.436,0,0
C101165,DE,monthly,16,28,paid_search,0,23.9,1,0,8,0.386,1,0
C101166,CH,quarterly,16,60,paid_social,1,27.51,2,2,6,0.899,0,0
C101167,DE,quarterly,10,53,influencer,0,21.99,1,0,8,0.462,0,0
C101168,DE,monthly,22,50,paid_search,0,23.9,0,0,8,0.813,0,0
C101169,DE,monthly,10,40,tv_campaign,0,23.9,1,1,6,0.372,0,0
C101170,CH,monthly,15,30,paid_search,1,29.9,0,1,6,0.854,0,1
C101171,AT,quarterly,5,20,referral,0,22.91,0,0,9,0.189,0,1
C101172,DE,quarterly,15,44,influencer,0,21.99,2,2,5,0.194,0,0
C101173,AT,quarterly,5,37,referral,1,22.91,0,0,7,0.286,1,0
C101174,AT,quarterly,20,52,paid_search,1,22.91,1,1,6,0.4,1,0
C101175,CH,monthly,8,59,paid_social,1,29.9,1,0,6,0.636,1,0
C101176,CH,quarterly,2,32,referral,0,27.51,2,1,6,0.159,1,1
C101177,DE,monthly,6,18,paid_search,0,23.9,1,0,9,0.198,0,0
C101178,AT,monthly,25,45,paid_search,0,24.9,0,0,8,0.22,0,0
C101179,DE,monthly,19,30,paid_search,0,23.9,0,0,8,0.795,1,0
C101180,AT,monthly,11,55,tv_campaign,0,24.9,0,0,7,0.688,0,1
C101181,AT,monthly,12,43,paid_social,0,24.9,0,0,8,0.197,0,1
C101182,CH,monthly,7,58,paid_social,1,29.9,0,1,8,0.337,1,0
C101183,DE,quarterly,16,27,tv_campaign,0,21.99,0,0,10,0.399,1,0
C101184,DE,quarterly,15,40,influencer,0,21.99,0,1,9,0.555,0,0
C101185,DE,quarterly,48,25,paid_social,1,21.99,0,1,6,0.31,1,0
C101186,DE,quarterly,12,25,paid_social,1,21.99,0,0,8,0.693,1,0
C101187,AT,monthly,20,29,paid_search,1,24.9,0,0,8,0.857,0,1
C101188,AT,quarterly,7,18,paid_search,1,22.91,0,0,7,0.633,0,0
C101189,AT,monthly,6,60,paid_social,1,24.9,0,1,7,0.687,1,0
C101190,DE,monthly,10,38,tv_campaign,0,23.9,0,0,9,0.534,0,0
C101191,DE,quarterly,28,33,referral,0,21.99,0,0,10,0.584,1,0
C101192,AT,quarterly,5,35,paid_search,1,22.91,1,0,8,0.493,1,0
C101193,DE,quarterly,17,30,referral,0,21.99,1,1,7,0.588,0,0
C101194,CH,quarterly,21,53,influencer,0,27.51,0,0,7,0.443,0,0
C101195,DE,monthly,7,43,paid_social,0,23.9,0,0,7,0.318,1,0
C101196,DE,monthly,28,45,paid_search,0,23.9,0,0,9,0.418,0,0
C101197,DE,monthly,9,58,paid_search,0,23.9,1,1,6,0.634,0,1
C101198,DE,monthly,22,31,paid_search,0,23.9,0,0,9,0.27,1,0
C101199,AT,monthly,11,64,tv_campaign,1,24.9,0,1,7,0.354,1,0
C101200,DE,quarterly,1,60,referral,0,21.99,1,0,7,0.19,0,0
C101201,DE,quarterly,8,40,paid_search,0,21.99,1,1,6,0.252,0,1
C101202,DE,monthly,4,31,referral,0,23.9,2,0,5,0.712,0,0
C101203,AT,monthly,15,49,paid_social,1,24.9,1,0,6,0.599,0,0
C101204,DE,monthly,3,32,paid_social,0,23.9,1,0,8,0.259,0,0
C101205,AT,monthly,9,30,paid_search,0,24.9,1,1,10,0.733,1,0
C101206,DE,monthly,21,54,referral,1,23.9,0,0,9,0.432,1,0
C101207,AT,monthly,11,48,referral,0,24.9,0,0,8,0.555,0,0
C101208,DE,monthly,11,45,paid_social,1,23.9,1,0,7,0.555,0,0
C101209,DE,quarterly,19,33,paid_social,0,21.99,0,0,8,0.432,0,0
C101210,DE,quarterly,5,39,tv_campaign,1,21.99,1,0,9,0.525,0,0
C101211,DE,monthly,10,40,referral,0,23.9,0,1,10,0.368,0,0
C101212,CH,monthly,4,36,paid_social,1,29.9,1,1,7,0.288,1,0
C101213,AT,monthly,11,40,referral,0,24.9,3,1,4,0.651,1,1
C101214,AT,monthly,4,30,referral,0,24.9,1,0,5,0.253,0,1
C101215,AT,monthly,31,34,paid_social,0,24.9,0,0,9,0.531,0,0
C101216,AT,monthly,3,18,referral,1,24.9,2,1,4,0.326,0,1
C101217,DE,monthly,10,54,paid_search,0,23.9,2,1,6,0.236,0,1
C101218,DE,monthly,14,46,paid_search,0,23.9,2,1,6,0.552,0,0
C101219,DE,quarterly,3,51,paid_social,1,21.99,0,0,8,0.311,1,0
C101220,DE,quarterly,26,40,paid_search,0,21.99,0,0,10,0.35,1,0
C101221,AT,monthly,8,28,paid_social,1,24.9,1,1,5,0.391,1,0
C101222,DE,monthly,14,37,paid_search,1,23.9,0,0,10,0.443,0,0
C101223,AT,monthly,13,30,tv_campaign,0,24.9,0,1,6,0.399,1,0
C101224,DE,quarterly,4,38,referral,0,21.99,0,0,9,0.54,0,0
C101225,DE,monthly,6,30,paid_search,0,23.9,0,0,7,0.469,0,0
C101226,DE,quarterly,6,36,paid_search,0,21.99,0,0,9,0.263,0,0
C101227,CH,quarterly,10,40,paid_social,0,27.51,1,0,8,0.282,0,0
C101228,AT,monthly,13,54,paid_search,1,24.9,0,0,5,0.49,0,1
C101229,DE,quarterly,9,49,influencer,1,21.99,0,0,6,0.318,1,0
C101230,DE,quarterly,23,18,tv_campaign,0,21.99,0,0,8,0.489,0,0
C101231,DE,monthly,19,35,paid_search,0,23.9,1,0,6,0.583,0,0
C101232,AT,quarterly,11,32,paid_social,1,22.91,0,0,9,0.362,1,0
C101233,DE,quarterly,22,38,paid_search,0,21.99,2,0,7,0.717,1,0
C101234,DE,quarterly,7,22,referral,1,21.99,2,1,6,0.785,1,0
C101235,AT,quarterly,7,38,tv_campaign,0,22.91,0,0,7,0.638,0,0
C101236,DE,quarterly,8,25,influencer,1,21.99,0,0,7,0.41,0,0
C101237,CH,monthly,9,33,paid_social,0,29.9,1,0,6,0.083,1,1
C101238,CH,monthly,29,53,paid_social,1,29.9,1,0,6,0.594,1,0
C101239,CH,monthly,9,59,referral,1,29.9,0,0,8,0.34,0,1
C101240,DE,quarterly,12,53,paid_search,0,21.99,1,0,7,0.718,0,0
C101241,DE,monthly,4,29,influencer,0,23.9,0,0,7,0.566,0,0
C101242,AT,monthly,39,54,tv_campaign,0,24.9,0,0,9,0.298,0,0
C101243,DE,quarterly,12,45,tv_campaign,0,21.99,0,0,10,0.464,0,0
C101244,AT,monthly,13,30,paid_social,0,24.9,0,0,9,0.821,1,0
C101245,AT,quarterly,5,41,tv_campaign,0,22.91,0,0,9,0.42,0,1
C101246,CH,monthly,23,42,paid_social,0,29.9,1,0,9,0.638,0,0
C101247,DE,quarterly,8,40,paid_search,0,21.99,1,0,8,0.249,0,0
C101248,DE,monthly,5,41,paid_search,0,23.9,1,0,8,0.405,1,0
C101249,CH,monthly,5,32,tv_campaign,0,29.9,1,1,6,0.424,0,0
C101250,DE,quarterly,12,37,paid_search,1,21.99,0,0,8,0.731,0,0
C101251,AT,monthly,18,27,paid_social,0,24.9,0,1,5,0.334,0,0
C101252,DE,monthly,11,28,paid_social,1,23.9,0,2,6,0.296,1,0
C101253,AT,quarterly,1,34,referral,1,22.91,0,0,8,0.695,0,1
C101254,DE,quarterly,10,40,paid_search,1,21.99,1,0,9,0.281,0,0
C101255,DE,quarterly,23,43,tv_campaign,0,21.99,0,0,9,0.177,0,0
C101256,DE,monthly,23,24,tv_campaign,0,23.9,0,0,10,0.611,0,0
C101257,DE,monthly,19,50,referral,1,23.9,0,0,10,0.406,0,0
C101258,DE,monthly,13,35,paid_social,0,23.9,0,0,8,0.394,0,0
C101259,AT,quarterly,21,33,paid_social,1,22.91,0,0,8,0.288,0,0
C101260,DE,monthly,13,80,paid_search,0,23.9,0,0,7,0.446,0,0
C101261,DE,monthly,15,49,tv_campaign,0,23.9,0,1,8,0.26,0,0
C101262,AT,monthly,25,33,paid_social,1,24.9,0,0,8,0.373,0,0
C101263,DE,quarterly,20,39,referral,0,21.99,1,1,7,0.207,1,0
C101264,CH,monthly,8,33,referral,0,29.9,0,0,7,0.416,0,0
C101265,DE,quarterly,1,25,paid_search,0,21.99,1,0,9,0.065,0,1
C101266,DE,monthly,18,30,paid_social,0,23.9,0,1,8,0.306,1,0
C101267,CH,quarterly,27,36,referral,0,27.51,2,1,6,0.525,0,0
C101268,DE,quarterly,1,40,paid_search,0,21.99,2,1,7,0.476,1,0
C101269,CH,monthly,14,39,influencer,0,29.9,1,1,6,0.466,1,0
C101270,DE,monthly,4,42,tv_campaign,1,23.9,0,0,10,0.047,1,1
C101271,DE,monthly,9,59,paid_search,0,23.9,0,0,10,0.274,1,0
C101272,CH,monthly,9,39,paid_social,0,29.9,0,0,8,0.269,0,0
C101273,DE,quarterly,4,42,tv_campaign,0,21.99,0,0,7,0.347,0,0
C101274,AT,monthly,17,47,influencer,0,24.9,0,0,9,0.392,0,0
C101275,AT,monthly,1,52,paid_search,0,24.9,0,0,9,0.158,1,0
C101276,AT,monthly,5,38,tv_campaign,1,24.9,0,0,7,0.062,0,0
C101277,DE,quarterly,13,50,tv_campaign,0,21.99,0,0,10,0.408,1,0
C101278,AT,monthly,3,37,influencer,1,24.9,0,0,8,0.553,0,0
C101279,CH,monthly,7,28,paid_search,0,29.9,0,1,10,0.611,0,1
C101280,AT,quarterly,25,42,paid_search,0,22.91,1,1,9,0.43,1,0
C101281,DE,monthly,8,22,referral,0,23.9,0,0,8,0.379,1,1
C101282,DE,monthly,6,51,referral,1,23.9,1,0,7,0.388,0,0
C101283,DE,monthly,18,41,paid_search,0,23.9,1,0,6,0.302,0,1
C101284,AT,monthly,24,25,tv_campaign,0,24.9,0,1,8,0.403,0,0
C101285,DE,monthly,48,53,tv_campaign,0,23.9,0,0,8,0.397,1,0
C101286,DE,monthly,16,52,paid_social,1,23.9,2,1,8,0.774,0,0
C101287,CH,monthly,11,49,paid_social,1,29.9,0,0,10,0.748,1,0
C101288,DE,quarterly,4,28,paid_social,0,21.99,1,0,8,0.399,1,0
C101289,AT,quarterly,2,25,paid_social,1,22.91,0,0,8,0.277,1,0
C101290,AT,monthly,6,47,paid_social,0,24.9,2,0,7,0.505,0,1
C101291,AT,monthly,14,56,influencer,1,24.9,1,0,8,0.223,0,0
C101292,DE,monthly,48,32,paid_social,1,23.9,0,0,8,0.808,1,0
C101293,DE,monthly,7,57,paid_search,0,23.9,1,2,4,0.572,0,1
C101294,AT,quarterly,8,52,paid_social,0,22.91,1,1,9,0.367,0,0
C101295,DE,monthly,2,26,tv_campaign,1,23.9,1,0,6,0.557,1,0
C101296,CH,monthly,38,31,paid_search,1,29.9,1,1,5,0.63,1,0
C101297,DE,monthly,11,45,influencer,1,23.9,2,0,6,0.302,1,0
C101298,CH,monthly,18,51,referral,0,29.9,0,0,6,0.311,1,0
C101299,DE,monthly,5,24,paid_social,0,23.9,0,1,7,0.362,1,0
C101300,AT,monthly,9,58,referral,0,24.9,0,0,6,0.425,1,0
C101301,DE,monthly,13,32,paid_social,0,23.9,0,0,7,0.563,0,1
C101302,DE,quarterly,11,55,paid_search,0,21.99,0,0,8,0.47,1,0
C101303,AT,quarterly,11,36,paid_social,1,22.91,1,0,7,0.421,0,0
C101304,DE,monthly,4,42,paid_search,0,23.9,0,0,7,0.218,0,0
C101305,CH,quarterly,7,26,paid_social,0,27.51,1,0,6,0.536,1,0
C101306,DE,monthly,10,45,tv_campaign,1,23.9,0,0,7,0.326,0,0
C101307,DE,quarterly,29,33,paid_social,0,21.99,1,1,6,0.652,0,0
C101308,DE,monthly,4,41,paid_social,0,23.9,0,0,7,0.315,1,0
C101309,DE,quarterly,4,50,paid_social,1,21.99,1,0,7,0.422,0,0
C101310,DE,monthly,10,37,tv_campaign,0,23.9,1,2,9,0.392,0,0
C101311,DE,monthly,13,26,paid_search,0,23.9,1,1,4,0.845,0,0
C101312,CH,quarterly,10,60,paid_search,0,27.51,4,1,1,0.741,0,0
C101313,DE,monthly,6,58,referral,0,23.9,0,1,6,0.731,0,0
C101314,DE,monthly,1,45,paid_search,0,23.9,1,0,5,0.215,1,0
C101315,AT,monthly,3,30,paid_social,0,24.9,0,0,8,0.257,1,1
C101316,AT,monthly,15,42,paid_social,0,24.9,1,1,6,0.196,1,0
C101317,DE,monthly,19,50,tv_campaign,1,23.9,0,0,10,0.38,0,0
C101318,AT,monthly,4,44,influencer,1,24.9,0,1,4,0.535,0,1
C101319,DE,monthly,4,57,tv_campaign,1,23.9,0,0,10,0.481,0,0
C101320,AT,quarterly,6,31,paid_social,0,22.91,1,1,8,0.701,1,0
C101321,DE,quarterly,9,47,paid_social,1,21.99,0,2,5,0.254,0,1
C101322,DE,monthly,13,39,referral,0,23.9,1,0,6,0.912,0,0
C101323,DE,monthly,7,34,paid_search,0,23.9,0,1,7,0.394,1,0
C101324,AT,monthly,3,53,influencer,1,24.9,0,0,9,0.625,1,0
C101325,AT,quarterly,10,50,paid_social,0,22.91,0,0,8,0.46,0,0
C101326,DE,monthly,14,68,paid_social,0,23.9,0,0,7,0.675,1,1
C101327,CH,monthly,16,51,paid_search,0,29.9,0,0,9,0.173,0,0
C101328,AT,monthly,31,65,paid_social,0,24.9,0,1,6,0.598,0,0
C101329,AT,monthly,16,45,referral,0,24.9,2,0,8,0.418,0,0
C101330,AT,monthly,8,27,tv_campaign,1,24.9,2,0,7,0.403,0,0
C101331,DE,monthly,11,36,paid_social,1,23.9,1,1,8,0.337,1,0
C101332,DE,monthly,4,34,paid_social,1,23.9,0,0,9,0.42,0,0
C101333,DE,quarterly,13,59,referral,0,21.99,1,1,8,0.303,0,0
C101334,AT,monthly,11,45,influencer,1,24.9,1,0,5,0.292,0,0
C101335,DE,monthly,8,28,referral,0,23.9,0,0,10,0.444,0,0
C101336,DE,quarterly,6,22,paid_social,0,21.99,0,0,8,0.168,0,0
C101337,CH,monthly,6,33,paid_social,1,29.9,0,0,7,0.282,1,1
C101338,DE,monthly,13,30,paid_search,0,23.9,1,2,5,0.305,0,1
C101339,CH,quarterly,6,43,tv_campaign,0,27.51,1,0,7,0.205,0,0
C101340,AT,quarterly,4,31,paid_social,1,22.91,3,1,5,0.415,0,1
C101341,DE,monthly,8,23,paid_search,1,23.9,1,1,7,0.201,1,0
C101342,CH,quarterly,17,34,referral,1,27.51,1,0,8,0.689,1,0
C101343,CH,quarterly,8,49,paid_search,0,27.51,0,0,8,0.824,1,0
C101344,DE,monthly,19,33,referral,1,23.9,1,0,6,0.298,0,1
C101345,AT,monthly,5,30,paid_search,0,24.9,0,0,7,0.492,0,1
C101346,DE,quarterly,7,43,paid_social,1,21.99,0,0,9,0.52,0,0
C101347,DE,quarterly,11,45,tv_campaign,0,21.99,0,0,10,0.302,1,0
C101348,DE,quarterly,10,30,referral,1,21.99,0,0,9,0.184,1,0
C101349,DE,monthly,13,36,influencer,1,23.9,0,0,10,0.57,0,0
C101350,CH,quarterly,9,38,influencer,1,27.51,1,1,7,0.621,0,0
C101351,DE,monthly,18,55,paid_search,0,23.9,2,0,7,0.431,0,1
C101352,DE,monthly,7,30,paid_search,0,23.9,0,0,9,0.357,1,1
C101353,DE,monthly,5,65,paid_social,0,23.9,2,1,6,0.7,0,1
C101354,CH,quarterly,5,34,paid_search,0,27.51,0,0,8,0.499,1,0
C101355,DE,monthly,17,38,paid_social,1,23.9,0,1,6,0.51,0,0
C101356,CH,monthly,7,36,tv_campaign,0,29.9,3,1,6,0.598,0,0
C101357,CH,quarterly,2,36,tv_campaign,0,27.51,1,1,6,0.268,1,0
C101358,DE,monthly,12,31,paid_social,1,23.9,1,1,8,0.7,1,1
C101359,DE,monthly,5,37,influencer,1,23.9,0,0,6,0.363,0,1
C101360,DE,monthly,12,43,referral,1,23.9,1,1,5,0.405,0,1
C101361,DE,quarterly,1,38,paid_search,1,21.99,2,0,6,0.217,1,0
C101362,DE,monthly,9,31,influencer,0,23.9,0,0,8,0.382,0,0
C101363,DE,monthly,23,53,paid_social,1,23.9,0,0,7,0.184,0,1
C101364,DE,monthly,5,64,influencer,0,23.9,0,0,9,0.735,0,0
C101365,CH,quarterly,9,48,tv_campaign,0,27.51,1,2,6,0.461,0,1
C101366,DE,quarterly,12,45,tv_campaign,0,21.99,0,0,8,0.228,0,0
C101367,DE,monthly,38,36,paid_search,0,23.9,0,0,7,0.625,0,0
C101368,CH,monthly,22,23,paid_social,1,29.9,2,0,8,0.668,0,0
C101369,DE,monthly,15,43,paid_social,0,23.9,1,0,8,0.291,0,0
C101370,DE,monthly,1,46,paid_social,1,23.9,0,1,7,0.518,0,1
C101371,AT,monthly,7,46,paid_search,1,24.9,0,0,10,0.348,0,0
C101372,AT,monthly,10,31,paid_search,1,24.9,0,0,10,0.372,0,0
C101373,DE,monthly,15,28,paid_social,1,23.9,2,1,6,0.115,0,0
C101374,AT,monthly,13,35,influencer,1,24.9,0,0,9,0.258,1,0
C101375,DE,quarterly,14,44,paid_social,1,21.99,1,0,6,0.633,0,1
C101376,DE,quarterly,19,35,paid_search,0,21.99,0,0,10,0.759,1,0
C101377,DE,monthly,15,25,tv_campaign,1,23.9,0,0,9,0.483,0,0
C101378,DE,monthly,6,28,paid_search,0,23.9,0,1,7,0.129,1,0
C101379,CH,monthly,8,42,paid_social,0,29.9,1,0,8,0.49,0,0
C101380,DE,monthly,1,53,influencer,0,23.9,0,0,8,0.435,0,1
C101381,CH,monthly,7,38,influencer,1,29.9,1,0,8,0.402,0,1
C101382,DE,quarterly,6,33,referral,1,21.99,1,0,8,0.214,1,0
C101383,DE,monthly,13,23,paid_search,0,23.9,0,0,8,0.385,0,0
C101384,DE,quarterly,26,37,paid_search,1,21.99,2,1,5,0.504,0,0
C101385,DE,monthly,46,39,paid_search,1,23.9,1,1,6,0.209,1,0
C101386,DE,monthly,12,44,paid_search,0,23.9,1,0,10,0.454,1,0
C101387,AT,monthly,17,40,referral,1,24.9,0,0,6,0.328,0,1
C101388,DE,quarterly,3,49,paid_social,1,21.99,1,0,8,0.454,0,0
C101389,DE,monthly,9,32,referral,1,23.9,0,0,10,0.698,0,0
C101390,DE,monthly,20,45,referral,0,23.9,1,2,5,0.685,1,0
C101391,DE,monthly,11,45,paid_search,1,23.9,0,0,9,0.183,0,0
C101392,DE,monthly,7,40,paid_social,1,23.9,0,0,7,0.722,0,0
C101393,DE,quarterly,41,53,paid_search,1,21.99,0,0,6,0.745,0,0
C101394,AT,monthly,14,37,influencer,1,24.9,0,0,7,0.52,0,0
C101395,AT,monthly,15,39,paid_search,1,24.9,1,0,7,0.841,0,0
C101396,AT,monthly,1,37,paid_social,1,24.9,0,0,8,0.217,0,1
C101397,AT,quarterly,15,39,influencer,0,22.91,2,0,10,0.287,1,0
C101398,DE,quarterly,8,35,tv_campaign,0,21.99,0,0,10,0.524,0,0
C101399,DE,monthly,6,61,paid_search,0,23.9,0,0,10,0.554,0,0
C101400,AT,monthly,19,39,tv_campaign,0,24.9,1,0,6,0.429,0,1
C101401,DE,quarterly,9,47,paid_social,1,21.99,0,1,5,0.155,0,1
C101402,DE,monthly,12,48,referral,0,23.9,1,1,5,0.432,0,1
C101403,AT,quarterly,12,24,paid_social,0,22.91,1,1,8,0.608,1,0
C101404,DE,quarterly,17,49,paid_search,0,21.99,0,0,8,0.612,1,0
C101405,DE,monthly,33,37,paid_search,0,23.9,0,0,9,0.437,1,0
C101406,CH,monthly,10,24,influencer,1,29.9,3,2,4,0.612,0,1
C101407,AT,quarterly,15,54,paid_search,1,22.91,1,0,8,0.592,1,0
C101408,AT,monthly,24,38,tv_campaign,0,24.9,1,0,9,0.665,0,0
C101409,AT,monthly,39,44,influencer,0,24.9,2,1,5,0.418,0,1
C101410,AT,monthly,2,51,paid_social,1,24.9,1,0,6,0.641,1,0
C101411,DE,monthly,4,38,referral,0,23.9,0,0,9,0.756,1,0
C101412,AT,monthly,14,53,paid_social,1,24.9,1,1,7,0.418,1,0
C101413,DE,quarterly,23,30,paid_social,0,21.99,0,0,7,0.603,1,0
C101414,AT,quarterly,14,56,tv_campaign,1,22.91,1,0,7,0.594,1,0
C101415,CH,monthly,12,39,paid_search,0,29.9,1,0,6,0.615,1,0
C101416,CH,quarterly,18,57,paid_social,0,27.51,0,0,6,0.334,0,0
C101417,CH,monthly,5,67,influencer,0,29.9,1,0,7,0.259,0,1
C101418,DE,quarterly,21,43,paid_search,1,21.99,2,2,5,0.72,0,0
C101419,AT,monthly,2,39,paid_search,0,24.9,0,0,7,0.614,1,0
C101420,DE,monthly,19,28,tv_campaign,1,23.9,0,0,7,0.345,0,1
C101421,CH,quarterly,5,63,influencer,1,27.51,1,0,9,0.104,0,0
C101422,DE,monthly,9,54,tv_campaign,0,23.9,0,0,10,0.371,0,1
C101423,AT,monthly,25,42,paid_social,1,24.9,0,0,10,0.712,0,0
C101424,DE,monthly,19,46,paid_search,0,23.9,0,0,10,0.289,0,0
C101425,DE,monthly,7,32,paid_search,0,23.9,0,1,7,0.321,0,0
C101426,AT,quarterly,8,44,tv_campaign,0,22.91,0,0,8,0.458,0,0
C101427,DE,monthly,20,34,influencer,1,23.9,1,0,8,0.875,0,1
C101428,DE,monthly,22,46,paid_search,1,23.9,0,0,10,0.712,1,0
C101429,DE,quarterly,15,28,paid_social,0,21.99,0,1,6,0.483,1,0
C101430,DE,monthly,2,36,influencer,0,23.9,1,0,7,0.388,0,1
C101431,DE,monthly,13,53,paid_search,0,23.9,2,1,6,0.453,1,0
C101432,DE,monthly,15,22,referral,0,23.9,2,0,5,0.405,0,1
C101433,DE,monthly,17,36,paid_social,1,23.9,0,0,6,0.411,0,0
C101434,DE,monthly,22,37,influencer,1,23.9,0,0,10,0.204,0,0
C101435,DE,monthly,21,51,paid_search,0,23.9,0,0,8,0.337,0,0
C101436,CH,quarterly,21,33,paid_social,0,27.51,2,1,6,0.396,0,1
C101437,DE,monthly,5,46,influencer,1,23.9,0,0,8,0.172,0,1
C101438,DE,monthly,10,66,paid_social,0,23.9,1,0,8,0.285,0,0
C101439,DE,monthly,28,59,paid_social,1,23.9,1,1,6,0.542,0,0
C101440,AT,monthly,28,43,referral,1,24.9,0,0,8,0.655,0,0
C101441,AT,quarterly,3,39,tv_campaign,0,22.91,0,0,8,0.826,0,0
C101442,DE,quarterly,3,39,paid_search,1,21.99,0,0,7,0.405,0,0
C101443,DE,monthly,2,31,referral,0,23.9,1,0,7,0.338,1,0
C101444,AT,monthly,2,43,tv_campaign,0,24.9,0,1,8,0.659,0,0
C101445,AT,quarterly,10,40,influencer,1,22.91,1,2,6,0.563,1,0
C101446,DE,monthly,19,32,paid_social,0,23.9,0,0,6,0.315,1,0
C101447,DE,quarterly,10,47,paid_social,0,21.99,0,1,8,0.789,1,0
C101448,DE,monthly,10,37,tv_campaign,0,23.9,0,0,8,0.232,1,0
C101449,DE,monthly,23,34,tv_campaign,0,23.9,1,0,8,0.639,0,0
C101450,DE,monthly,28,28,paid_search,0,23.9,0,1,8,0.651,0,0
C101451,DE,monthly,13,44,paid_social,1,23.9,0,0,7,0.293,0,0
C101452,AT,quarterly,4,49,paid_social,0,22.91,0,0,7,0.393,0,0
C101453,DE,monthly,7,51,influencer,1,23.9,0,0,7,0.32,0,0
C101454,DE,monthly,26,40,paid_social,0,23.9,2,0,9,0.29,1,0
C101455,AT,monthly,14,64,tv_campaign,1,24.9,1,1,10,0.856,0,0
C101456,DE,quarterly,8,24,paid_search,0,21.99,0,0,6,0.232,0,0
C101457,DE,monthly,1,20,paid_social,1,23.9,2,0,6,0.197,0,0
C101458,DE,monthly,3,46,paid_social,1,23.9,0,0,10,0.379,1,0
C101459,CH,monthly,18,79,influencer,1,29.9,1,0,8,0.458,0,0
C101460,DE,quarterly,19,38,paid_social,1,21.99,0,0,8,0.619,0,0
C101461,AT,monthly,2,62,influencer,0,24.9,1,1,7,0.47,0,0
C101462,DE,monthly,3,33,paid_search,0,23.9,0,0,6,0.431,1,1
C101463,DE,monthly,4,22,paid_social,1,23.9,2,2,6,0.521,1,1
C101464,AT,quarterly,4,18,influencer,1,22.91,1,1,6,0.793,1,1
C101465,DE,quarterly,48,33,tv_campaign,0,21.99,1,0,8,0.286,1,0
C101466,DE,monthly,22,67,paid_social,1,23.9,0,0,9,0.721,0,0
C101467,DE,monthly,9,30,referral,1,23.9,0,0,8,0.279,0,0
C101468,AT,quarterly,4,30,influencer,0,22.91,1,0,8,0.109,0,1
C101469,AT,quarterly,11,44,paid_search,0,22.91,0,0,7,0.56,0,0
C101470,DE,quarterly,3,45,paid_social,0,21.99,1,0,7,0.384,1,0
C101471,DE,monthly,17,36,referral,0,23.9,2,1,7,0.59,0,0
C101472,AT,monthly,30,37,paid_search,0,24.9,0,0,10,0.64,0,0
C101473,AT,monthly,12,53,paid_social,1,24.9,0,0,8,0.67,0,0
C101474,AT,monthly,6,37,paid_search,0,24.9,0,0,9,0.721,0,0
C101475,AT,quarterly,8,34,influencer,0,22.91,0,0,5,0.512,0,0
C101476,DE,quarterly,9,38,paid_search,0,21.99,3,1,8,0.628,0,0
C101477,DE,monthly,12,46,paid_social,1,23.9,1,0,5,0.475,1,0
C101478,AT,quarterly,6,34,tv_campaign,1,22.91,0,0,7,0.18,1,0
C101479,DE,quarterly,11,56,influencer,0,21.99,2,1,6,0.529,0,0
C101480,DE,monthly,15,45,paid_search,0,23.9,1,1,6,0.425,0,0
C101481,AT,monthly,26,38,paid_search,0,24.9,0,0,8,0.557,1,0
C101482,DE,monthly,11,18,tv_campaign,0,23.9,0,0,8,0.438,0,0
C101483,AT,quarterly,14,20,influencer,1,22.91,0,0,9,0.394,1,0
C101484,DE,monthly,15,39,paid_search,0,23.9,0,0,8,0.404,0,0
C101485,DE,monthly,25,51,paid_social,0,23.9,0,0,8,0.545,1,0
C101486,AT,monthly,9,51,paid_search,0,24.9,0,0,8,0.411,0,0
C101487,DE,monthly,9,21,tv_campaign,0,23.9,0,0,8,0.543,1,0
C101488,DE,quarterly,42,28,referral,0,21.99,0,0,6,0.544,1,0
C101489,DE,monthly,1,21,paid_social,0,23.9,1,0,10,0.626,1,0
C101490,DE,quarterly,3,33,tv_campaign,0,21.99,0,0,7,0.383,0,0
C101491,CH,monthly,15,18,referral,0,29.9,0,0,10,0.639,1,0
C101492,AT,quarterly,5,44,paid_social,0,22.91,1,2,4,0.283,1,1
C101493,DE,quarterly,10,45,paid_search,1,21.99,0,0,6,0.32,0,0
C101494,DE,quarterly,11,41,tv_campaign,0,21.99,0,1,8,0.446,1,0
C101495,AT,quarterly,9,39,paid_social,0,22.91,1,0,8,0.661,1,0
C101496,DE,monthly,5,51,paid_social,0,23.9,3,1,6,0.604,0,0
C101497,DE,quarterly,14,55,tv_campaign,0,21.99,0,0,10,0.41,1,0
C101498,DE,monthly,11,56,referral,0,23.9,0,0,8,0.527,1,0
C101499,DE,monthly,2,42,referral,0,23.9,0,1,7,0.261,1,0
C101500,DE,monthly,16,27,paid_social,1,23.9,0,0,9,0.862,1,0
C101501,DE,monthly,3,24,paid_social,1,23.9,0,0,8,0.185,0,1
C101502,AT,quarterly,6,37,influencer,0,22.91,0,0,7,0.278,1,0
C101503,CH,monthly,22,56,paid_search,0,29.9,2,1,6,0.266,1,0
C101504,DE,monthly,3,41,paid_social,0,23.9,1,0,6,0.4,0,0
C101505,DE,monthly,25,46,referral,0,23.9,2,2,4,0.193,0,0
C101506,DE,quarterly,5,65,influencer,1,21.99,2,0,7,0.537,0,0
C101507,DE,monthly,12,29,paid_social,1,23.9,1,0,9,0.563,0,0
C101508,AT,monthly,1,36,paid_search,0,24.9,0,0,9,0.671,0,0
C101509,DE,quarterly,10,36,tv_campaign,1,21.99,1,1,8,0.194,0,0
C101510,AT,quarterly,14,41,tv_campaign,1,22.91,0,1,7,0.367,0,0
C101511,CH,monthly,10,26,paid_search,1,29.9,1,0,6,0.748,1,0
C101512,DE,monthly,38,47,paid_search,0,23.9,1,1,7,0.478,0,1
C101513,DE,monthly,11,18,paid_social,1,23.9,0,0,8,0.643,0,0
C101514,DE,monthly,9,41,tv_campaign,0,23.9,0,0,10,0.21,0,0
C101515,CH,monthly,3,18,paid_social,0,29.9,1,0,9,0.677,0,0
C101516,DE,monthly,4,51,paid_search,0,23.9,0,0,7,0.386,0,0
C101517,DE,quarterly,25,30,paid_social,0,21.99,1,0,6,0.785,0,0
C101518,AT,monthly,8,22,referral,1,24.9,1,0,6,0.312,0,0
C101519,DE,quarterly,11,54,referral,0,21.99,0,0,10,0.446,0,0
C101520,CH,monthly,6,36,paid_search,0,29.9,1,1,5,0.261,1,0
C101521,DE,quarterly,13,34,influencer,0,21.99,0,0,7,0.483,0,0
C101522,DE,quarterly,4,58,referral,1,21.99,0,0,9,0.146,0,1
C101523,AT,monthly,4,41,paid_social,0,24.9,0,1,9,0.379,0,0
C101524,AT,monthly,18,48,paid_search,1,24.9,0,0,7,0.231,0,1
C101525,DE,quarterly,27,47,paid_search,0,21.99,0,0,7,0.675,0,0
C101526,DE,monthly,15,62,referral,0,23.9,0,0,9,0.577,0,0
C101527,AT,monthly,15,31,paid_search,1,24.9,0,0,6,0.14,1,0
C101528,CH,monthly,7,42,paid_social,1,29.9,1,0,10,0.127,1,0
C101529,DE,monthly,17,43,paid_search,1,23.9,0,0,7,0.192,0,0
C101530,DE,monthly,10,34,paid_social,0,23.9,1,0,7,0.654,0,0
C101531,DE,monthly,6,47,paid_search,0,23.9,0,0,8,0.595,0,0
C101532,DE,quarterly,4,34,influencer,1,21.99,0,0,7,0.259,0,1
C101533,AT,monthly,7,29,paid_search,0,24.9,0,0,10,0.663,0,0
C101534,DE,monthly,14,50,tv_campaign,0,23.9,0,0,10,0.292,0,0
C101535,DE,monthly,17,40,tv_campaign,1,23.9,1,0,8,0.367,0,0
C101536,AT,monthly,6,52,paid_search,1,24.9,0,1,6,0.407,0,0
C101537,DE,monthly,22,54,paid_social,0,23.9,0,0,9,0.504,0,0
C101538,CH,quarterly,11,29,paid_search,1,27.51,2,1,5,0.525,1,0
C101539,AT,quarterly,15,48,influencer,1,22.91,0,1,7,0.213,1,0
C101540,DE,monthly,6,38,paid_search,1,23.9,1,1,7,0.25,0,1
C101541,DE,monthly,19,43,tv_campaign,1,23.9,0,0,8,0.594,1,0
C101542,DE,monthly,26,54,paid_social,0,23.9,1,0,7,0.643,1,1
C101543,AT,quarterly,10,33,paid_search,0,22.91,0,1,8,0.487,1,0
C101544,DE,monthly,46,30,paid_search,0,23.9,0,0,9,0.872,1,0
C101545,DE,monthly,18,20,tv_campaign,1,23.9,1,0,7,0.521,0,0
C101546,DE,monthly,6,39,paid_search,1,23.9,0,0,10,0.268,0,0
C101547,AT,quarterly,10,20,referral,1,22.91,0,0,7,0.417,0,0
C101548,AT,monthly,41,41,referral,0,24.9,0,0,9,0.473,0,0
C101549,CH,quarterly,1,62,influencer,1,27.51,2,0,9,0.41,0,1
C101550,CH,quarterly,7,24,influencer,0,27.51,1,0,6,0.874,0,0
C101551,AT,monthly,9,37,referral,0,24.9,1,0,8,0.116,1,1
C101552,DE,quarterly,11,46,paid_search,1,21.99,3,0,3,0.573,0,1
C101553,DE,monthly,1,43,tv_campaign,0,23.9,0,0,8,0.326,1,0
C101554,CH,quarterly,23,55,paid_search,0,27.51,2,2,5,0.495,0,1
C101555,DE,quarterly,6,55,paid_search,1,21.99,0,1,7,0.143,0,0
C101556,CH,monthly,25,39,tv_campaign,0,29.9,0,0,8,0.598,1,0
C101557,DE,monthly,39,51,tv_campaign,0,23.9,0,0,8,0.534,0,1
C101558,DE,quarterly,7,27,tv_campaign,0,21.99,1,0,7,0.584,0,0
C101559,CH,monthly,6,54,influencer,0,29.9,2,1,6,0.276,1,0
C101560,DE,monthly,12,40,influencer,1,23.9,1,1,8,0.726,1,0
C101561,DE,monthly,14,54,paid_search,0,23.9,0,0,7,0.333,1,0
C101562,DE,quarterly,11,27,paid_social,1,21.99,0,0,8,0.432,1,0
C101563,DE,monthly,9,39,paid_social,0,23.9,0,1,9,0.55,0,0
C101564,DE,quarterly,32,43,referral,0,21.99,1,0,7,0.383,1,0
C101565,DE,quarterly,2,24,influencer,1,21.99,1,0,8,0.586,1,0
C101566,CH,quarterly,8,46,influencer,1,27.51,2,1,5,0.768,1,1
C101567,AT,quarterly,7,43,paid_search,1,22.91,1,0,9,0.189,0,0
C101568,DE,monthly,9,43,referral,0,23.9,0,0,8,0.7,1,0
C101569,DE,monthly,18,48,referral,1,23.9,0,1,6,0.647,0,0
C101570,DE,monthly,36,25,referral,0,23.9,2,0,6,0.485,0,0
C101571,AT,monthly,6,58,paid_social,0,24.9,2,0,9,0.291,1,1
C101572,DE,monthly,7,34,paid_social,0,23.9,0,0,7,0.392,1,0
C101573,DE,monthly,28,43,paid_social,0,23.9,0,0,8,0.341,1,1
C101574,DE,quarterly,29,45,referral,1,21.99,1,0,7,0.75,0,0
C101575,DE,monthly,33,54,influencer,1,23.9,2,1,9,0.732,1,0
C101576,DE,monthly,2,38,influencer,0,23.9,1,1,6,0.672,1,0
C101577,DE,quarterly,6,41,paid_search,0,21.99,0,0,7,0.783,0,0
C101578,CH,quarterly,8,43,paid_social,0,27.51,0,0,9,0.534,0,0
C101579,DE,monthly,23,34,referral,1,23.9,0,0,8,0.395,0,0
C101580,DE,monthly,16,33,paid_social,0,23.9,0,1,7,0.397,0,0
C101581,DE,quarterly,7,39,paid_social,1,21.99,0,0,8,0.578,0,0
C101582,DE,monthly,1,42,paid_search,1,23.9,2,2,5,0.652,1,1
C101583,DE,quarterly,19,34,tv_campaign,1,21.99,0,0,6,0.362,0,0
C101584,DE,quarterly,6,40,influencer,1,21.99,0,0,7,0.386,1,0
C101585,DE,quarterly,5,34,tv_campaign,0,21.99,0,0,10,0.365,0,0
C101586,AT,quarterly,36,63,referral,0,22.91,1,1,7,0.231,0,0
C101587,DE,quarterly,4,69,influencer,1,21.99,1,0,5,0.587,0,0
C101588,DE,monthly,13,53,influencer,1,23.9,0,0,10,0.457,0,1
C101589,AT,monthly,4,51,referral,0,24.9,2,1,6,0.118,1,0
C101590,CH,monthly,21,40,tv_campaign,0,29.9,1,1,7,0.8,0,0
C101591,AT,monthly,16,60,paid_social,1,24.9,0,0,9,0.29,1,0
C101592,AT,quarterly,6,28,referral,1,22.91,0,0,7,0.095,1,0
C101593,AT,monthly,9,44,paid_search,0,24.9,0,0,7,0.173,1,0
C101594,DE,quarterly,6,19,influencer,1,21.99,0,0,8,0.556,0,0
C101595,AT,quarterly,10,49,referral,0,22.91,0,0,6,0.355,1,0
C101596,DE,quarterly,4,39,paid_social,1,21.99,0,0,9,0.612,0,1
C101597,DE,monthly,10,45,influencer,0,23.9,0,0,8,0.68,0,0
C101598,CH,quarterly,11,50,paid_social,1,27.51,2,1,6,0.62,1,0
C101599,DE,monthly,10,48,referral,1,23.9,0,0,8,0.381,0,0
C101600,DE,quarterly,5,29,paid_search,0,21.99,0,0,6,0.816,0,0
C101601,CH,quarterly,2,59,paid_social,1,27.51,2,0,4,0.667,0,1
C101602,DE,monthly,21,62,referral,0,23.9,1,1,5,1.0,0,0
C101603,CH,monthly,8,42,referral,0,29.9,1,0,7,0.409,0,0
C101604,AT,monthly,21,40,paid_search,0,24.9,0,0,8,0.451,1,0
C101605,CH,monthly,3,33,paid_social,1,29.9,1,1,7,0.605,0,1
C101606,DE,monthly,16,45,tv_campaign,0,23.9,1,0,8,0.599,0,0
C101607,AT,monthly,28,59,paid_social,1,24.9,0,0,9,0.353,0,0
C101608,CH,monthly,4,40,paid_search,0,29.9,0,1,5,0.526,1,0
C101609,CH,quarterly,4,40,influencer,1,27.51,2,2,8,0.346,0,0
C101610,DE,monthly,22,55,influencer,0,23.9,0,0,9,0.537,0,0
C101611,AT,monthly,11,50,paid_social,0,24.9,3,1,7,0.427,0,0
C101612,DE,monthly,2,44,paid_social,0,23.9,0,0,8,0.384,0,0
C101613,DE,monthly,8,41,tv_campaign,0,23.9,0,0,9,0.163,1,1
C101614,DE,monthly,5,45,tv_campaign,0,23.9,1,1,5,0.631,1,1
C101615,AT,monthly,12,55,paid_social,1,24.9,0,1,7,0.514,0,0
C101616,AT,monthly,7,36,paid_social,1,24.9,1,1,5,0.556,0,0
C101617,DE,quarterly,11,36,influencer,1,21.99,0,0,8,0.722,0,0
C101618,DE,monthly,6,27,influencer,0,23.9,0,1,6,0.172,0,1
C101619,DE,monthly,16,47,paid_search,0,23.9,3,0,6,0.445,0,0
C101620,DE,monthly,24,53,influencer,0,23.9,1,0,7,0.837,0,0
C101621,DE,monthly,14,55,referral,0,23.9,0,0,7,0.605,1,0
C101622,DE,monthly,19,46,tv_campaign,0,23.9,1,1,7,0.496,0,0
C101623,CH,monthly,2,40,influencer,1,29.9,0,0,10,0.556,0,1
C101624,DE,monthly,6,36,paid_search,0,23.9,0,0,7,0.35,0,0
C101625,DE,quarterly,3,39,paid_social,1,21.99,0,0,8,0.561,0,0
C101626,DE,monthly,9,41,paid_search,0,23.9,1,0,10,0.543,1,1
C101627,DE,monthly,32,42,paid_social,1,23.9,1,0,9,0.614,0,0
C101628,DE,quarterly,5,38,paid_social,1,21.99,2,0,7,0.145,1,0
C101629,AT,monthly,8,35,paid_social,0,24.9,1,0,6,0.603,1,0
C101630,AT,monthly,9,37,paid_social,1,24.9,2,0,6,0.342,1,0
C101631,AT,monthly,12,36,referral,0,24.9,0,1,9,0.869,0,0
C101632,DE,monthly,2,38,paid_search,0,23.9,1,1,8,0.869,0,0
C101633,DE,monthly,15,39,paid_search,0,23.9,0,0,7,0.7,1,0
C101634,DE,quarterly,2,36,paid_social,1,21.99,0,0,4,0.837,1,1
C101635,DE,monthly,12,18,referral,0,23.9,0,0,6,0.284,1,0
C101636,AT,monthly,18,18,referral,0,24.9,0,0,9,0.11,0,0
C101637,AT,monthly,31,32,paid_search,0,24.9,0,0,9,0.439,1,0
C101638,AT,monthly,11,60,influencer,1,24.9,0,0,9,0.548,0,0
C101639,DE,quarterly,15,54,referral,1,21.99,0,0,9,0.631,0,0
C101640,AT,monthly,3,32,influencer,1,24.9,0,0,7,0.558,0,1
C101641,AT,monthly,6,25,paid_social,0,24.9,1,2,6,0.357,0,1
C101642,DE,quarterly,22,45,paid_search,1,21.99,0,0,8,0.435,0,0
C101643,DE,quarterly,10,50,paid_search,0,21.99,0,0,10,0.371,0,0
C101644,DE,monthly,8,39,referral,0,23.9,0,0,8,0.359,0,0
C101645,DE,monthly,34,45,referral,0,23.9,0,0,8,0.314,0,0
C101646,DE,monthly,7,42,referral,1,23.9,1,0,8,0.729,0,0
C101647,AT,monthly,12,40,paid_social,1,24.9,0,0,10,0.731,0,0
C101648,DE,quarterly,14,48,paid_social,1,21.99,1,0,8,0.547,1,0
C101649,AT,quarterly,8,34,paid_social,1,22.91,0,1,8,0.275,0,1
C101650,CH,monthly,11,42,tv_campaign,1,29.9,1,0,8,0.592,1,0
C101651,DE,monthly,9,39,referral,0,23.9,2,2,4,0.513,0,0
C101652,CH,monthly,14,49,paid_search,0,29.9,1,0,8,0.404,0,0
C101653,DE,quarterly,7,44,paid_search,1,21.99,0,0,9,0.753,1,0
C101654,DE,monthly,4,22,influencer,0,23.9,0,0,7,0.634,1,0
C101655,DE,monthly,5,25,paid_social,0,23.9,0,0,10,0.437,1,0
C101656,AT,quarterly,25,41,influencer,0,22.91,1,0,7,0.418,1,0
C101657,DE,quarterly,21,42,influencer,1,21.99,1,0,8,0.747,0,0
C101658,DE,quarterly,13,63,paid_social,0,21.99,1,0,7,0.564,0,1
C101659,CH,quarterly,7,43,referral,1,27.51,1,0,7,0.228,0,0
C101660,DE,monthly,44,31,paid_search,1,23.9,1,0,7,0.257,0,0
C101661,AT,monthly,2,51,tv_campaign,0,24.9,0,0,9,0.539,0,0
C101662,CH,monthly,8,39,paid_social,1,29.9,1,2,7,0.353,0,1
C101663,CH,monthly,4,62,paid_search,0,29.9,2,2,5,0.856,0,1
C101664,AT,quarterly,12,37,paid_search,0,22.91,0,0,6,0.24,1,0
C101665,CH,monthly,37,50,paid_social,1,29.9,1,0,9,0.519,0,0
C101666,DE,monthly,10,37,paid_search,1,23.9,1,0,8,0.649,0,0
C101667,AT,quarterly,6,43,influencer,1,22.91,1,0,8,0.724,0,0
C101668,DE,quarterly,4,29,influencer,1,21.99,2,2,5,0.701,1,1
C101669,DE,monthly,3,26,paid_search,0,23.9,0,1,7,0.674,1,0
C101670,DE,monthly,13,47,referral,1,23.9,0,0,9,0.448,0,0
C101671,DE,quarterly,13,59,paid_search,1,21.99,0,0,8,0.6,0,0
C101672,DE,monthly,6,44,paid_search,0,23.9,1,0,7,0.39,0,0
C101673,AT,quarterly,18,39,paid_search,0,22.91,0,0,8,0.741,0,0
C101674,CH,quarterly,1,23,tv_campaign,0,27.51,1,1,7,0.382,1,0
C101675,DE,monthly,22,45,influencer,0,23.9,1,1,7,0.502,1,0
C101676,AT,quarterly,8,31,paid_search,0,22.91,1,1,7,0.174,1,1
C101677,DE,monthly,15,43,paid_search,0,23.9,0,0,8,0.35,1,0
C101678,CH,monthly,18,49,paid_search,0,29.9,2,2,5,0.514,0,1
C101679,DE,quarterly,1,29,paid_social,1,21.99,0,1,7,0.161,1,0
C101680,CH,monthly,19,37,tv_campaign,0,29.9,0,1,6,0.344,0,0
C101681,DE,quarterly,8,39,referral,1,21.99,0,1,8,0.327,0,0
C101682,DE,monthly,5,53,paid_social,1,23.9,1,0,10,0.569,0,1
C101683,DE,monthly,9,32,paid_search,1,23.9,0,0,8,0.891,0,0
C101684,DE,monthly,18,43,tv_campaign,0,23.9,0,0,8,0.411,0,0
C101685,DE,quarterly,14,33,influencer,0,21.99,1,0,5,0.532,0,0
C101686,AT,quarterly,9,23,tv_campaign,1,22.91,0,0,6,0.564,0,0
C101687,CH,quarterly,16,35,referral,0,27.51,1,0,7,0.436,0,0
C101688,DE,monthly,4,52,referral,1,23.9,1,0,8,0.676,1,0
C101689,AT,quarterly,21,46,referral,0,22.91,1,0,7,0.806,0,1
C101690,DE,monthly,15,54,paid_search,1,23.9,0,0,7,0.444,1,0
C101691,AT,monthly,14,32,paid_social,1,24.9,1,0,6,0.791,1,1
C101692,DE,monthly,4,52,paid_search,0,23.9,1,0,8,0.463,1,0
C101693,DE,monthly,4,37,paid_social,1,23.9,0,0,8,0.283,0,0
C101694,AT,monthly,6,59,paid_social,1,24.9,2,2,2,0.406,0,1
C101695,DE,quarterly,23,38,paid_search,0,21.99,0,0,10,0.24,0,0
C101696,DE,monthly,4,41,referral,1,23.9,0,0,8,0.634,1,0
C101697,DE,monthly,6,46,tv_campaign,1,23.9,0,0,6,0.207,0,0
C101698,DE,monthly,7,32,referral,1,23.9,0,1,6,0.384,0,0
C101699,DE,monthly,18,41,influencer,1,23.9,1,1,8,0.472,1,0
C101700,DE,monthly,22,42,paid_social,1,23.9,1,0,8,0.841,0,0
C101701,DE,monthly,17,39,referral,0,23.9,0,0,9,0.242,0,0
C101702,AT,quarterly,2,50,paid_search,0,22.91,1,1,7,0.322,0,0
C101703,AT,monthly,11,46,paid_social,0,24.9,0,1,7,0.217,1,0
C101704,CH,quarterly,7,40,paid_social,1,27.51,1,0,10,0.672,0,0
C101705,DE,quarterly,30,52,tv_campaign,1,21.99,1,0,7,0.369,0,0
C101706,DE,quarterly,6,25,influencer,1,21.99,2,1,6,0.421,1,0
C101707,DE,quarterly,1,61,paid_social,0,21.99,0,0,9,0.698,0,0
C101708,CH,quarterly,1,50,paid_social,0,27.51,0,1,7,0.281,1,1
C101709,DE,quarterly,4,47,referral,0,21.99,2,1,3,0.787,1,0
C101710,DE,monthly,9,47,paid_search,1,23.9,0,0,9,0.455,0,0
C101711,DE,monthly,11,39,influencer,0,23.9,0,0,7,0.211,1,0
C101712,DE,monthly,4,54,paid_search,0,23.9,0,0,8,0.407,0,0
C101713,DE,quarterly,48,46,tv_campaign,0,21.99,1,0,9,0.282,0,0
C101714,DE,monthly,9,28,tv_campaign,0,23.9,1,1,8,0.051,0,0
C101715,DE,monthly,5,20,referral,1,23.9,1,0,6,0.296,1,0
C101716,DE,monthly,12,45,paid_social,0,23.9,1,1,8,0.759,0,0
C101717,DE,monthly,13,29,referral,1,23.9,0,0,8,0.466,1,0
C101718,AT,quarterly,8,40,paid_social,1,22.91,0,1,5,0.654,0,0
C101719,DE,quarterly,4,18,paid_social,1,21.99,0,1,7,0.285,1,1
C101720,DE,monthly,13,39,paid_search,0,23.9,1,1,7,0.568,0,0
C101721,DE,monthly,10,26,paid_search,1,23.9,0,0,6,0.653,1,0
C101722,CH,monthly,11,49,referral,0,29.9,1,0,10,0.241,1,0
C101723,DE,monthly,13,21,paid_search,1,23.9,0,0,7,0.631,1,0
C101724,AT,monthly,13,35,paid_social,1,24.9,0,0,7,0.482,0,0
C101725,AT,monthly,3,43,tv_campaign,0,24.9,1,0,8,0.191,0,1
C101726,DE,monthly,4,19,referral,0,23.9,1,0,9,0.325,1,0
C101727,DE,monthly,7,21,tv_campaign,0,23.9,1,0,9,0.55,0,0
C101728,DE,monthly,11,47,paid_social,1,23.9,0,0,10,0.471,0,0
C101729,DE,monthly,26,36,tv_campaign,0,23.9,0,0,9,0.642,0,0
C101730,DE,quarterly,3,58,paid_social,0,21.99,1,1,4,0.269,0,0
C101731,DE,monthly,4,27,influencer,1,23.9,0,0,9,0.279,0,1
C101732,DE,monthly,28,50,referral,0,23.9,1,0,9,0.646,0,0
C101733,DE,quarterly,6,57,paid_social,1,21.99,0,0,8,0.576,1,0
C101734,DE,monthly,16,30,paid_social,1,23.9,0,0,9,0.442,0,0
C101735,DE,monthly,2,41,paid_search,1,23.9,0,0,7,0.352,0,0
C101736,AT,quarterly,19,52,tv_campaign,1,22.91,1,0,10,0.357,0,0
C101737,DE,monthly,36,38,paid_search,0,23.9,0,0,5,0.436,0,0
C101738,AT,quarterly,14,23,influencer,0,22.91,3,0,6,0.588,0,1
C101739,DE,monthly,7,47,paid_social,1,23.9,0,0,6,0.412,0,0
C101740,AT,monthly,28,30,paid_social,0,24.9,0,0,8,0.362,0,0
C101741,AT,monthly,22,40,tv_campaign,0,24.9,0,0,9,0.445,1,0
C101742,AT,quarterly,8,43,paid_social,1,22.91,1,0,7,0.619,0,1
C101743,DE,monthly,11,57,paid_social,1,23.9,1,2,5,0.348,0,1
C101744,DE,monthly,15,38,paid_search,0,23.9,0,0,8,0.48,1,0
C101745,DE,monthly,5,48,paid_search,0,23.9,0,2,4,0.128,0,1
C101746,DE,quarterly,24,50,paid_search,0,21.99,0,0,7,0.3,1,0
C101747,AT,monthly,9,43,influencer,1,24.9,0,0,9,0.61,1,0
C101748,CH,monthly,10,24,referral,0,29.9,1,0,8,0.242,0,0
C101749,CH,monthly,8,34,paid_search,0,29.9,1,1,6,0.623,0,0
C101750,CH,monthly,10,69,tv_campaign,0,29.9,0,0,10,0.53,1,0
C101751,AT,monthly,28,36,paid_social,0,24.9,2,0,8,0.608,1,0
C101752,DE,monthly,8,31,tv_campaign,0,23.9,0,0,8,0.465,0,0
C101753,CH,monthly,9,39,paid_social,1,29.9,1,1,6,0.216,0,1
C101754,DE,quarterly,1,26,tv_campaign,0,21.99,0,0,8,0.591,0,0
C101755,AT,monthly,14,31,paid_social,1,24.9,0,0,8,0.285,1,0
C101756,DE,monthly,7,28,paid_search,0,23.9,1,0,7,0.541,0,0
C101757,DE,quarterly,16,30,influencer,1,21.99,0,0,8,0.528,0,0
C101758,AT,quarterly,8,67,influencer,0,22.91,0,0,9,0.519,0,0
C101759,AT,monthly,17,29,paid_search,1,24.9,0,0,10,0.614,1,0
C101760,DE,monthly,24,40,paid_search,0,23.9,0,1,7,0.695,0,0
C101761,DE,quarterly,2,32,influencer,1,21.99,2,0,9,0.517,0,0
C101762,DE,quarterly,5,21,paid_social,1,21.99,0,0,6,0.502,1,0
C101763,AT,quarterly,8,61,paid_search,1,22.91,0,0,7,0.375,0,0
C101764,DE,quarterly,15,37,influencer,1,21.99,0,0,8,0.518,1,0
C101765,DE,monthly,26,50,tv_campaign,0,23.9,0,1,9,0.745,1,0
C101766,DE,quarterly,17,51,paid_search,0,21.99,0,0,8,0.587,1,0
C101767,DE,monthly,5,52,paid_social,1,23.9,0,0,8,0.333,0,0
C101768,DE,monthly,9,53,referral,1,23.9,0,0,7,0.598,0,0
C101769,AT,quarterly,22,42,paid_social,1,22.91,0,0,7,0.431,0,0
C101770,DE,monthly,35,46,paid_search,1,23.9,2,2,6,0.653,1,0
C101771,AT,monthly,5,53,influencer,1,24.9,2,0,6,0.111,0,0
C101772,DE,monthly,9,45,tv_campaign,0,23.9,0,1,4,0.334,1,0
C101773,DE,monthly,1,49,referral,0,23.9,0,0,8,0.261,0,0
C101774,DE,monthly,16,42,referral,0,23.9,1,2,5,0.368,1,0
C101775,CH,quarterly,3,32,tv_campaign,0,27.51,0,0,8,0.681,1,0
C101776,DE,monthly,2,25,paid_search,0,23.9,2,0,7,0.488,1,1
C101777,DE,monthly,8,49,referral,0,23.9,0,0,5,0.493,0,0
C101778,DE,monthly,14,31,paid_search,0,23.9,1,0,6,0.247,1,0
C101779,DE,quarterly,11,50,tv_campaign,0,21.99,1,0,7,0.454,0,0
C101780,DE,monthly,20,23,paid_social,0,23.9,0,0,10,0.596,1,0
C101781,DE,quarterly,15,18,paid_search,0,21.99,0,0,6,0.475,0,1
C101782,AT,monthly,3,58,paid_social,1,24.9,0,0,8,0.553,0,0
C101783,AT,quarterly,2,37,referral,0,22.91,2,0,7,0.627,1,0
C101784,DE,quarterly,4,42,paid_search,1,21.99,0,0,8,0.265,1,0
C101785,AT,quarterly,4,34,influencer,0,22.91,1,1,5,0.338,0,1
C101786,DE,monthly,4,61,paid_social,1,23.9,0,0,8,0.502,0,0
C101787,CH,quarterly,9,42,tv_campaign,0,27.51,1,1,7,0.332,0,0
C101788,DE,monthly,7,49,tv_campaign,1,23.9,0,0,9,0.52,0,0
C101789,CH,monthly,1,45,paid_social,1,29.9,1,1,9,0.251,0,0
C101790,DE,monthly,5,36,paid_social,0,23.9,0,0,3,0.66,0,0
C101791,CH,quarterly,7,46,tv_campaign,1,27.51,1,0,7,0.282,0,0
C101792,AT,monthly,9,39,paid_search,1,24.9,1,0,9,0.318,0,0
C101793,DE,monthly,21,28,paid_search,0,23.9,1,0,9,0.741,1,0
C101794,DE,quarterly,3,70,paid_search,0,21.99,0,0,8,0.053,0,0
C101795,DE,quarterly,9,33,influencer,1,21.99,0,0,9,0.465,0,0
C101796,AT,monthly,11,27,paid_search,1,24.9,1,0,8,0.656,1,0
C101797,DE,monthly,26,51,tv_campaign,1,23.9,1,1,8,0.157,0,0
C101798,DE,quarterly,3,51,paid_social,0,21.99,0,0,8,0.555,0,0
C101799,AT,quarterly,24,32,paid_search,0,22.91,0,0,7,0.21,1,0
C101800,CH,quarterly,5,49,paid_social,0,27.51,0,0,8,0.419,0,0
C101801,DE,monthly,29,49,referral,0,23.9,1,1,7,0.875,0,0
C101802,DE,monthly,8,31,tv_campaign,0,23.9,0,0,10,0.095,1,0
C101803,DE,monthly,6,30,paid_search,0,23.9,1,1,4,0.467,0,0
C101804,DE,monthly,1,46,tv_campaign,0,23.9,0,1,7,0.38,0,0
C101805,CH,monthly,16,33,referral,0,29.9,1,0,9,0.513,1,0
C101806,AT,quarterly,11,64,paid_search,1,22.91,0,0,6,0.389,0,0
C101807,CH,monthly,13,57,paid_search,1,29.9,1,0,7,0.486,0,1
C101808,DE,monthly,5,33,paid_social,0,23.9,1,0,7,0.174,1,1
C101809,AT,monthly,4,47,paid_social,1,24.9,3,2,3,0.466,0,1
C101810,DE,monthly,7,51,referral,0,23.9,0,0,8,0.511,1,0
C101811,AT,quarterly,15,40,paid_search,1,22.91,0,0,9,0.403,1,0
C101812,AT,quarterly,15,48,paid_search,1,22.91,0,0,8,0.468,0,0
C101813,DE,monthly,8,18,paid_social,1,23.9,0,0,8,0.395,1,0
C101814,DE,monthly,35,33,paid_search,0,23.9,0,0,8,0.474,1,1
C101815,DE,monthly,8,18,paid_search,1,23.9,1,0,10,0.465,1,0
C101816,DE,monthly,21,45,paid_social,1,23.9,1,1,6,0.365,1,0
C101817,DE,monthly,12,52,tv_campaign,0,23.9,2,1,3,0.192,0,1
C101818,DE,monthly,9,60,paid_search,0,23.9,0,0,8,0.547,0,1
C101819,DE,monthly,20,37,paid_search,0,23.9,0,0,7,0.791,0,0
C101820,AT,monthly,27,27,tv_campaign,1,24.9,1,0,7,0.429,0,0
C101821,CH,monthly,7,47,paid_search,1,29.9,1,0,6,0.44,0,1
C101822,CH,monthly,4,39,paid_social,1,29.9,0,1,8,0.776,0,0
C101823,CH,monthly,9,60,tv_campaign,0,29.9,2,2,5,0.527,0,1
C101824,DE,monthly,32,38,referral,1,23.9,1,0,6,0.683,0,0
C101825,AT,quarterly,12,48,tv_campaign,0,22.91,1,0,8,0.975,1,0
C101826,CH,monthly,2,49,influencer,0,29.9,0,0,7,0.188,0,1
C101827,DE,monthly,23,58,influencer,0,23.9,1,1,7,0.51,0,0
C101828,DE,monthly,2,59,referral,0,23.9,0,1,8,0.287,0,0
C101829,DE,quarterly,26,58,paid_social,1,21.99,0,0,7,0.744,1,1
C101830,DE,monthly,13,49,influencer,1,23.9,0,0,8,0.179,0,1
C101831,CH,quarterly,10,44,influencer,1,27.51,0,0,7,0.38,0,1
C101832,CH,monthly,2,33,paid_social,0,29.9,0,0,7,0.578,0,1
C101833,AT,quarterly,28,52,paid_social,0,22.91,2,1,7,0.294,0,1
C101834,DE,quarterly,19,32,referral,0,21.99,1,1,7,0.51,0,0
C101835,DE,monthly,11,43,paid_search,0,23.9,1,0,9,0.62,0,0
C101836,CH,quarterly,5,48,paid_search,0,27.51,0,0,9,0.276,0,0
C101837,DE,monthly,6,45,influencer,1,23.9,0,0,7,0.481,0,0
C101838,DE,monthly,11,37,paid_search,0,23.9,1,1,7,0.172,1,1
C101839,DE,monthly,29,33,paid_search,0,23.9,0,0,10,0.393,0,0
C101840,CH,quarterly,10,49,paid_search,0,27.51,2,0,7,0.573,0,0
C101841,DE,quarterly,17,35,influencer,0,21.99,1,0,10,0.479,0,0
C101842,DE,monthly,14,44,paid_social,0,23.9,2,1,3,0.374,1,1
C101843,DE,monthly,2,20,paid_social,0,23.9,1,1,7,0.603,1,1
C101844,DE,monthly,4,28,tv_campaign,0,23.9,0,0,10,0.368,0,0
C101845,DE,monthly,12,36,tv_campaign,0,23.9,0,0,7,0.268,1,1
C101846,CH,monthly,14,63,paid_social,1,29.9,1,0,6,0.468,0,1
C101847,AT,quarterly,18,51,tv_campaign,0,22.91,2,0,9,0.38,1,0
C101848,CH,quarterly,9,40,paid_social,1,27.51,2,1,5,0.664,0,0
C101849,DE,monthly,4,46,influencer,1,23.9,1,0,7,0.256,1,0
C101850,DE,quarterly,12,59,paid_social,1,21.99,0,0,10,0.261,0,0
C101851,DE,quarterly,21,27,paid_social,1,21.99,1,0,7,0.549,0,0
C101852,DE,monthly,24,39,influencer,0,23.9,0,0,8,0.633,1,0
C101853,DE,quarterly,1,18,referral,0,21.99,0,0,9,0.188,1,0
C101854,AT,monthly,3,35,paid_search,0,24.9,0,1,7,0.518,0,0
C101855,DE,monthly,21,63,paid_search,1,23.9,0,1,6,0.412,0,1
C101856,DE,monthly,8,32,paid_social,0,23.9,1,0,9,0.221,0,0
C101857,AT,monthly,23,32,referral,0,24.9,0,0,8,0.347,0,0
C101858,DE,quarterly,1,43,influencer,1,21.99,0,0,7,0.636,0,1
C101859,DE,monthly,15,38,paid_social,0,23.9,1,1,7,0.529,1,0
C101860,DE,monthly,1,18,paid_search,0,23.9,0,0,7,0.525,1,1
C101861,DE,monthly,6,51,paid_social,1,23.9,1,0,7,0.401,0,0
C101862,CH,monthly,7,54,referral,0,29.9,0,1,9,0.271,0,0
C101863,DE,monthly,5,49,paid_social,0,23.9,0,0,8,0.416,0,0
C101864,DE,monthly,25,52,paid_search,1,23.9,0,0,6,0.658,0,0
C101865,DE,monthly,3,47,tv_campaign,0,23.9,0,0,7,0.297,0,0
C101866,CH,monthly,13,46,paid_search,0,29.9,4,2,3,0.28,1,0
C101867,AT,quarterly,9,51,paid_social,1,22.91,2,1,5,0.709,1,0
C101868,DE,quarterly,7,37,paid_search,0,21.99,0,0,10,0.365,0,0
C101869,AT,monthly,2,45,paid_social,0,24.9,1,0,7,0.123,0,1
C101870,DE,monthly,14,18,paid_search,0,23.9,0,0,8,0.5,1,0
C101871,AT,monthly,4,35,paid_social,0,24.9,2,0,4,0.38,1,1
C101872,AT,monthly,30,33,tv_campaign,1,24.9,0,0,7,0.536,1,0
C101873,CH,monthly,27,52,paid_search,0,29.9,1,1,9,0.799,1,0
C101874,DE,monthly,7,33,paid_social,1,23.9,0,0,8,0.37,0,1
C101875,AT,quarterly,17,22,paid_social,1,22.91,0,0,7,0.272,1,0
C101876,CH,quarterly,5,37,influencer,0,27.51,1,0,7,0.416,1,1
C101877,DE,quarterly,6,42,paid_social,1,21.99,0,0,6,0.192,1,0
C101878,AT,monthly,12,48,tv_campaign,0,24.9,0,0,7,0.713,0,0
C101879,CH,monthly,9,51,referral,0,29.9,1,0,9,0.682,0,0
C101880,DE,quarterly,10,43,influencer,1,21.99,1,0,7,0.701,1,0
C101881,DE,monthly,12,64,referral,0,23.9,0,1,6,0.235,0,0
C101882,DE,quarterly,3,36,paid_search,1,21.99,1,0,7,0.363,0,0
C101883,DE,monthly,1,25,paid_search,0,23.9,1,0,7,0.552,1,0
C101884,DE,monthly,11,28,paid_search,0,23.9,0,0,8,0.649,1,0
C101885,CH,monthly,2,34,paid_social,0,29.9,1,1,6,0.334,1,1
C101886,DE,quarterly,14,41,paid_social,1,21.99,0,0,7,0.384,0,1
C101887,DE,quarterly,13,26,referral,1,21.99,0,0,9,0.565,1,0
C101888,DE,monthly,21,48,influencer,1,23.9,1,0,6,0.74,0,1
C101889,CH,monthly,11,36,paid_search,0,29.9,1,0,8,0.749,1,0
C101890,CH,monthly,11,47,influencer,1,29.9,0,0,7,0.649,0,0
C101891,DE,monthly,31,40,paid_social,1,23.9,0,0,10,0.858,0,0
C101892,DE,quarterly,17,21,referral,1,21.99,0,0,8,0.653,0,0
C101893,CH,quarterly,13,49,paid_social,1,27.51,2,0,7,0.729,0,1
C101894,DE,quarterly,7,72,paid_social,1,21.99,2,0,6,0.511,0,1
C101895,DE,quarterly,11,30,paid_search,0,21.99,0,1,7,0.768,1,0
C101896,DE,monthly,12,40,tv_campaign,0,23.9,1,0,9,0.735,1,0
C101897,CH,monthly,5,52,paid_search,0,29.9,0,0,8,0.412,0,0
C101898,DE,monthly,13,18,referral,0,23.9,1,0,7,0.441,0,0
C101899,DE,monthly,8,33,paid_search,1,23.9,0,0,8,0.434,0,1
C101900,DE,monthly,10,24,influencer,0,23.9,1,0,9,0.685,0,0
C101901,DE,quarterly,9,31,paid_search,0,21.99,0,0,8,0.537,0,0
C101902,AT,quarterly,11,35,influencer,0,22.91,1,1,9,0.568,1,1
C101903,DE,quarterly,11,41,influencer,1,21.99,0,0,9,0.482,0,0
C101904,CH,monthly,10,34,referral,1,29.9,1,0,7,0.418,0,1
C101905,CH,monthly,1,44,paid_social,1,29.9,0,0,8,0.233,0,0
C101906,DE,monthly,10,31,referral,0,23.9,0,0,7,0.46,1,0
C101907,DE,monthly,5,31,referral,0,23.9,0,0,8,0.679,0,0
C101908,DE,quarterly,9,31,tv_campaign,0,21.99,0,0,6,0.389,0,0
C101909,DE,quarterly,12,32,paid_social,0,21.99,1,1,7,0.764,0,0
C101910,DE,monthly,4,29,paid_search,0,23.9,0,0,6,0.376,1,0
C101911,CH,monthly,21,46,paid_social,0,29.9,1,1,7,0.478,0,1
C101912,CH,quarterly,16,40,influencer,1,27.51,0,0,7,0.316,0,0
C101913,AT,monthly,1,23,paid_search,1,24.9,2,1,6,0.719,1,0
C101914,DE,quarterly,6,47,paid_social,1,21.99,2,2,5,0.358,1,0
C101915,CH,monthly,10,43,referral,0,29.9,0,0,8,0.59,1,1
C101916,DE,monthly,33,46,paid_social,0,23.9,0,0,9,0.611,0,0
C101917,AT,monthly,14,32,referral,0,24.9,0,0,6,0.569,1,0
C101918,DE,monthly,8,46,paid_search,0,23.9,0,1,8,0.216,0,0
C101919,DE,monthly,8,56,influencer,1,23.9,0,0,7,0.599,1,0
C101920,DE,monthly,7,27,paid_search,1,23.9,0,0,5,0.306,1,1
C101921,DE,monthly,18,33,referral,0,23.9,1,2,6,0.381,0,0
C101922,AT,monthly,6,28,tv_campaign,1,24.9,2,0,8,0.16,1,0
C101923,DE,monthly,14,34,referral,0,23.9,0,0,6,0.282,0,0
C101924,DE,monthly,2,44,paid_social,1,23.9,0,0,9,0.436,0,0
C101925,DE,monthly,11,40,tv_campaign,1,23.9,1,0,7,0.063,0,1
C101926,DE,monthly,4,40,referral,0,23.9,1,2,8,0.588,0,0
C101927,DE,monthly,5,51,paid_search,0,23.9,0,0,10,0.357,0,0
C101928,DE,monthly,10,49,paid_social,1,23.9,1,0,6,0.27,0,0
C101929,AT,monthly,6,55,paid_social,1,24.9,0,1,8,0.406,0,1
C101930,DE,monthly,9,41,tv_campaign,1,23.9,2,2,6,0.342,0,1
C101931,AT,quarterly,2,42,paid_search,1,22.91,1,0,9,0.235,0,1
C101932,DE,monthly,2,27,influencer,1,23.9,1,0,6,0.485,0,0
C101933,AT,monthly,4,45,referral,1,24.9,2,1,5,0.282,0,1
C101934,DE,monthly,9,40,paid_search,0,23.9,0,0,5,0.35,1,1
C101935,AT,monthly,1,46,tv_campaign,0,24.9,0,0,8,0.489,0,0
C101936,DE,monthly,7,36,paid_search,0,23.9,0,0,8,0.62,0,0
C101937,DE,monthly,8,48,tv_campaign,0,23.9,0,0,8,0.275,0,0
C101938,AT,monthly,15,50,influencer,0,24.9,1,1,6,0.318,0,0
C101939,DE,quarterly,23,62,paid_search,0,21.99,1,0,7,0.593,0,0
C101940,AT,monthly,18,21,influencer,1,24.9,0,1,5,0.255,1,0
C101941,DE,monthly,10,30,tv_campaign,0,23.9,0,0,8,0.365,1,0
C101942,AT,monthly,1,62,referral,0,24.9,0,1,8,0.476,0,0
C101943,DE,quarterly,13,42,tv_campaign,1,21.99,1,1,7,0.16,1,0
C101944,AT,quarterly,8,34,paid_social,1,22.91,0,1,8,0.598,0,0
C101945,DE,monthly,4,54,paid_search,0,23.9,0,0,8,0.873,0,0
C101946,DE,quarterly,21,54,influencer,0,21.99,1,0,9,0.396,0,0
C101947,AT,quarterly,9,37,referral,0,22.91,0,0,7,0.511,0,1
C101948,AT,monthly,5,29,paid_search,0,24.9,0,0,7,0.172,0,0
C101949,CH,monthly,7,44,referral,0,29.9,2,0,9,0.191,0,0
C101950,DE,monthly,3,33,paid_social,1,23.9,1,1,5,0.29,1,1
C101951,AT,quarterly,12,54,influencer,1,22.91,0,0,9,0.69,0,0
C101952,DE,monthly,14,37,influencer,0,23.9,1,0,7,0.303,1,0
C101953,DE,monthly,27,38,influencer,0,23.9,0,1,8,0.369,0,0
C101954,AT,quarterly,5,48,paid_social,1,22.91,1,0,7,0.249,0,1
C101955,CH,monthly,10,41,paid_search,0,29.9,1,0,6,0.593,1,0
C101956,AT,monthly,9,35,influencer,1,24.9,0,1,8,0.407,1,0
C101957,DE,monthly,11,42,paid_social,1,23.9,0,0,5,0.389,0,0
C101958,AT,monthly,11,49,paid_search,1,24.9,0,0,8,0.315,0,0
C101959,AT,monthly,13,28,paid_social,0,24.9,1,1,7,0.415,0,1
C101960,DE,monthly,5,44,paid_search,0,23.9,0,1,7,0.2,0,0
C101961,AT,monthly,3,43,paid_search,0,24.9,2,1,6,0.355,0,0
C101962,AT,quarterly,7,68,paid_social,0,22.91,1,0,8,0.187,1,0
C101963,DE,monthly,10,19,paid_social,0,23.9,1,1,5,0.799,0,1
C101964,DE,quarterly,36,31,tv_campaign,1,21.99,0,1,6,0.661,0,0
C101965,AT,monthly,7,31,influencer,0,24.9,0,0,7,0.844,0,0
C101966,DE,monthly,7,60,paid_search,0,23.9,1,0,7,0.405,0,1
C101967,DE,quarterly,8,37,paid_social,1,21.99,0,0,9,0.403,0,0
C101968,DE,monthly,2,45,referral,0,23.9,0,1,8,0.397,1,0
C101969,AT,quarterly,18,46,referral,0,22.91,2,2,5,0.839,1,0
C101970,DE,quarterly,3,43,paid_social,1,21.99,0,0,8,0.106,0,0
C101971,DE,quarterly,7,52,paid_social,1,21.99,0,0,8,0.485,1,0
C101972,AT,monthly,4,30,paid_social,1,24.9,0,1,8,0.206,1,0
C101973,DE,quarterly,17,53,referral,0,21.99,0,2,7,0.869,1,0
C101974,AT,quarterly,23,43,influencer,0,22.91,1,0,9,0.626,0,0
C101975,CH,monthly,5,63,paid_social,0,29.9,2,1,5,0.424,0,1
C101976,DE,quarterly,45,22,paid_social,1,21.99,0,0,8,0.317,1,0
C101977,DE,quarterly,7,48,referral,1,21.99,0,0,7,0.346,0,0
C101978,AT,monthly,5,47,paid_search,0,24.9,1,1,6,0.212,0,1
C101979,AT,monthly,4,33,tv_campaign,0,24.9,1,2,6,0.327,1,1
C101980,DE,monthly,1,34,paid_search,0,23.9,0,0,7,0.403,1,0
C101981,DE,monthly,8,44,referral,0,23.9,0,0,7,0.52,0,0
C101982,CH,monthly,5,44,paid_social,1,29.9,2,1,8,0.557,0,1
C101983,DE,monthly,6,47,tv_campaign,0,23.9,0,0,8,0.532,0,0
C101984,DE,monthly,9,61,paid_social,0,23.9,0,0,8,0.57,0,1
C101985,CH,monthly,5,31,influencer,1,29.9,1,0,7,0.262,1,1
C101986,DE,quarterly,7,41,paid_search,0,21.99,1,0,7,0.633,0,0
C101987,AT,monthly,28,19,tv_campaign,0,24.9,2,1,8,0.274,0,0
C101988,DE,monthly,6,43,paid_social,0,23.9,0,0,7,0.429,0,0
C101989,CH,quarterly,13,53,paid_search,1,27.51,0,0,5,0.696,1,0
C101990,AT,monthly,4,21,paid_social,0,24.9,1,0,8,0.544,0,0
C101991,AT,quarterly,12,50,tv_campaign,1,22.91,1,0,9,0.174,0,0
C101992,DE,monthly,7,32,paid_social,0,23.9,1,0,8,0.346,1,1
C101993,DE,quarterly,18,34,paid_search,0,21.99,0,0,10,0.353,1,0
C101994,DE,monthly,10,22,paid_social,0,23.9,0,1,7,0.661,1,0
C101995,DE,quarterly,7,20,paid_search,1,21.99,1,0,7,0.385,1,0
C101996,DE,quarterly,5,44,paid_search,1,21.99,2,0,6,0.482,1,0
C101997,AT,monthly,5,46,referral,0,24.9,0,0,10,0.143,0,0
C101998,DE,monthly,7,31,influencer,0,23.9,1,2,5,0.444,1,1
C101999,CH,quarterly,3,35,tv_campaign,1,27.51,0,0,10,0.252,0,0
C102000,DE,monthly,1,33,paid_search,0,23.9,0,0,8,0.518,1,0
C102001,DE,quarterly,6,71,paid_social,0,21.99,1,0,9,0.168,0,1
C102002,CH,monthly,33,54,paid_search,1,29.9,1,0,7,0.402,0,0
C102003,DE,quarterly,18,49,paid_social,1,21.99,0,0,7,0.647,0,1
C102004,CH,monthly,19,54,paid_social,1,29.9,0,1,5,0.683,0,0
C102005,DE,monthly,18,34,paid_search,0,23.9,2,0,7,0.378,0,0
C102006,DE,monthly,1,44,paid_social,1,23.9,1,1,8,0.395,1,1
C102007,DE,monthly,1,41,paid_search,0,23.9,0,0,9,0.369,0,0
C102008,CH,quarterly,10,22,paid_search,0,27.51,0,0,9,0.126,1,0
C102009,DE,quarterly,9,33,paid_social,0,21.99,2,1,6,0.67,1,0
C102010,DE,quarterly,11,30,paid_social,0,21.99,1,0,8,0.421,0,0
C102011,AT,quarterly,7,46,tv_campaign,0,22.91,0,0,9,0.258,1,0
C102012,DE,monthly,5,28,tv_campaign,1,23.9,0,0,8,0.663,0,0
C102013,DE,monthly,9,28,paid_search,0,23.9,0,0,7,0.611,1,0
C102014,CH,monthly,16,59,referral,0,29.9,1,1,7,0.613,0,0
C102015,DE,monthly,20,62,tv_campaign,1,23.9,0,0,7,0.171,0,0
C102016,DE,quarterly,15,34,tv_campaign,0,21.99,0,0,8,0.567,1,0
C102017,CH,quarterly,3,33,paid_search,0,27.51,2,1,7,0.484,1,1
C102018,DE,monthly,27,53,paid_search,1,23.9,0,0,8,0.464,0,0
C102019,DE,monthly,11,58,paid_search,0,23.9,1,0,7,0.653,0,0
C102020,DE,monthly,18,45,tv_campaign,0,23.9,1,0,5,0.259,1,1
C102021,DE,quarterly,21,48,paid_search,0,21.99,0,0,6,0.421,0,0
C102022,DE,monthly,1,18,paid_social,0,23.9,1,1,6,0.148,1,0
C102023,AT,quarterly,2,43,tv_campaign,0,22.91,0,1,8,0.507,0,0
C102024,DE,monthly,1,25,paid_social,1,23.9,0,0,7,0.596,1,0
C102025,DE,monthly,33,27,referral,1,23.9,0,1,7,0.8,1,0
C102026,DE,monthly,2,41,tv_campaign,0,23.9,2,1,7,0.325,0,1
C102027,AT,monthly,19,41,tv_campaign,1,24.9,0,0,6,0.795,0,1
C102028,DE,quarterly,2,50,paid_social,1,21.99,1,0,10,0.366,0,0
C102029,DE,monthly,25,50,paid_search,1,23.9,1,0,6,0.605,0,0
C102030,DE,monthly,7,35,influencer,1,23.9,0,0,5,0.179,0,1
C102031,AT,monthly,5,47,paid_search,0,24.9,1,0,7,0.31,0,0
C102032,CH,quarterly,3,56,paid_social,1,27.51,0,0,7,0.583,0,0
C102033,AT,monthly,18,27,influencer,1,24.9,1,0,10,0.396,0,1
C102034,DE,monthly,13,36,tv_campaign,0,23.9,0,0,9,0.374,0,0
C102035,CH,quarterly,8,47,tv_campaign,0,27.51,2,0,8,0.47,1,0
C102036,DE,quarterly,5,23,referral,0,21.99,0,0,8,0.273,0,0
C102037,DE,quarterly,13,33,influencer,1,21.99,1,1,5,0.672,1,0
C102038,DE,monthly,19,30,influencer,1,23.9,0,0,9,0.512,1,0
C102039,AT,monthly,19,35,influencer,1,24.9,1,0,7,0.267,1,0
C102040,DE,quarterly,13,26,tv_campaign,0,21.99,1,1,5,0.617,0,0
C102041,AT,monthly,5,62,paid_social,1,24.9,0,1,6,0.161,0,1
C102042,AT,monthly,3,40,paid_search,0,24.9,1,0,8,0.291,0,0
C102043,DE,quarterly,7,32,referral,1,21.99,0,1,9,0.397,0,0
C102044,AT,monthly,12,39,referral,1,24.9,0,1,9,0.45,1,0
C102045,DE,monthly,7,22,paid_search,0,23.9,2,1,7,0.361,1,0
C102046,DE,quarterly,3,46,paid_social,1,21.99,0,1,6,0.488,0,1
C102047,AT,quarterly,9,43,influencer,0,22.91,0,0,8,0.687,0,0
C102048,CH,quarterly,17,33,referral,1,27.51,2,0,7,0.358,1,1
C102049,AT,quarterly,3,21,influencer,0,22.91,1,0,9,0.562,0,0
C102050,DE,monthly,7,39,paid_social,1,23.9,0,1,6,0.523,0,1
C102051,DE,quarterly,5,52,paid_social,1,21.99,0,0,7,0.303,0,0
C102052,DE,monthly,23,24,paid_social,1,23.9,1,1,6,0.635,0,1
C102053,CH,quarterly,14,38,influencer,0,27.51,3,1,6,0.362,0,1
C102054,AT,monthly,24,22,paid_search,1,24.9,1,1,5,0.641,1,0
C102055,AT,quarterly,9,51,paid_search,1,22.91,0,0,8,0.342,0,0
C102056,DE,monthly,22,23,tv_campaign,1,23.9,0,0,9,0.856,1,0
C102057,AT,monthly,13,28,paid_search,0,24.9,0,0,10,0.376,0,0
C102058,DE,quarterly,9,50,paid_search,1,21.99,0,0,8,0.482,0,0
C102059,AT,quarterly,19,50,paid_social,1,22.91,1,1,7,0.713,0,0
C102060,DE,monthly,5,62,paid_search,0,23.9,0,0,6,0.431,0,1
C102061,AT,monthly,3,34,paid_search,1,24.9,0,0,8,0.438,1,0
C102062,DE,monthly,19,42,tv_campaign,1,23.9,1,1,8,0.126,0,1
C102063,DE,monthly,6,32,paid_search,0,23.9,1,0,8,0.371,1,0
C102064,AT,monthly,4,40,influencer,0,24.9,0,1,8,0.082,1,0
C102065,AT,quarterly,19,40,referral,0,22.91,0,0,9,0.738,1,0
C102066,DE,quarterly,14,44,referral,0,21.99,0,0,8,0.223,0,0
C102067,DE,quarterly,8,36,referral,0,21.99,0,0,8,0.577,1,1
C102068,CH,monthly,22,36,influencer,0,29.9,2,1,7,0.764,0,0
C102069,AT,monthly,11,51,paid_social,1,24.9,2,0,9,0.422,0,0
C102070,DE,monthly,12,58,tv_campaign,0,23.9,0,1,6,0.66,1,0
C102071,DE,quarterly,22,22,paid_search,0,21.99,0,0,8,0.264,1,0
C102072,AT,quarterly,8,30,referral,0,22.91,0,0,10,0.495,0,0
C102073,DE,quarterly,4,31,paid_social,1,21.99,0,0,8,0.479,1,1
C102074,DE,quarterly,18,33,influencer,1,21.99,0,1,7,0.566,0,0
C102075,DE,quarterly,10,56,paid_social,1,21.99,0,0,10,0.605,0,0
C102076,AT,monthly,5,63,paid_social,0,24.9,0,0,8,0.644,0,0
C102077,CH,monthly,2,38,influencer,0,29.9,0,0,9,0.15,0,0
C102078,DE,monthly,17,40,paid_social,1,23.9,0,0,6,0.386,0,0
C102079,DE,quarterly,20,49,paid_social,1,21.99,0,0,7,0.45,0,0
C102080,CH,monthly,28,32,paid_search,0,29.9,2,2,2,0.291,0,0
C102081,AT,monthly,23,29,paid_social,1,24.9,0,0,8,0.519,1,0
C102082,CH,monthly,21,37,tv_campaign,0,29.9,2,1,5,0.539,0,1
C102083,DE,monthly,9,24,paid_social,0,23.9,0,0,9,0.242,0,0
C102084,DE,monthly,30,31,paid_search,0,23.9,1,0,9,0.66,0,0
C102085,AT,monthly,14,33,paid_search,0,24.9,0,0,8,0.403,1,0
C102086,AT,monthly,16,44,tv_campaign,1,24.9,1,0,6,0.528,0,0
C102087,AT,quarterly,5,41,paid_search,1,22.91,0,0,8,0.737,1,0
C102088,CH,monthly,13,35,influencer,0,29.9,1,1,3,0.778,0,1
C102089,DE,monthly,8,32,influencer,0,23.9,0,0,8,0.431,0,0
C102090,DE,monthly,40,61,paid_search,0,23.9,0,0,9,0.418,1,0
C102091,DE,monthly,2,42,paid_search,0,23.9,0,0,8,0.105,1,0
C102092,DE,quarterly,5,30,paid_search,0,21.99,0,0,8,0.504,0,0
C102093,DE,monthly,10,45,paid_social,0,23.9,0,1,8,0.38,0,0
C102094,AT,monthly,16,38,tv_campaign,0,24.9,1,0,8,0.815,1,0
C102095,CH,monthly,22,46,paid_social,1,29.9,1,0,9,0.298,0,1
C102096,AT,monthly,9,36,paid_social,0,24.9,0,0,7,0.331,1,1
C102097,DE,monthly,17,40,paid_search,0,23.9,0,0,6,0.47,0,0
C102098,AT,monthly,23,49,influencer,1,24.9,1,0,6,0.401,1,0
C102099,CH,quarterly,3,62,paid_search,0,27.51,1,0,7,0.584,0,0
C102100,AT,monthly,1,67,paid_search,0,24.9,0,0,8,0.294,0,1
C102101,CH,monthly,13,53,paid_search,1,29.9,1,1,7,0.499,0,0
C102102,CH,quarterly,12,64,paid_social,0,27.51,1,0,8,0.614,0,0
C102103,DE,quarterly,7,43,paid_search,1,21.99,0,0,10,0.604,0,0
C102104,AT,monthly,11,53,paid_social,0,24.9,0,1,9,0.293,0,0
C102105,DE,quarterly,3,38,paid_search,1,21.99,0,0,7,0.372,0,0
C102106,DE,monthly,2,59,referral,0,23.9,0,0,6,0.321,0,0
C102107,AT,monthly,7,29,paid_social,1,24.9,0,0,9,0.129,0,0
C102108,CH,quarterly,4,43,paid_search,0,27.51,2,0,7,0.331,0,0
C102109,DE,quarterly,12,44,influencer,1,21.99,0,0,7,0.385,0,0
C102110,DE,monthly,14,25,paid_social,1,23.9,0,0,8,0.338,0,1
C102111,CH,quarterly,14,63,tv_campaign,0,27.51,0,1,5,0.311,1,0
C102112,DE,quarterly,11,47,paid_social,1,21.99,1,0,7,0.105,0,0
C102113,DE,monthly,40,65,referral,0,23.9,0,0,9,0.513,0,0
C102114,DE,quarterly,3,45,tv_campaign,0,21.99,0,0,9,0.494,0,0
C102115,AT,monthly,5,27,paid_search,0,24.9,1,0,6,0.376,0,0
C102116,AT,quarterly,6,58,tv_campaign,0,22.91,1,0,5,0.325,0,0
C102117,DE,monthly,24,40,paid_search,0,23.9,1,1,6,0.583,1,0
C102118,AT,monthly,12,48,paid_search,1,24.9,1,1,6,0.326,1,0
C102119,DE,monthly,9,59,paid_search,1,23.9,0,0,8,0.449,0,1
C102120,AT,quarterly,9,51,paid_social,0,22.91,1,0,5,0.589,0,1
C102121,DE,monthly,6,38,paid_search,0,23.9,0,0,6,0.397,1,0
C102122,DE,quarterly,2,37,influencer,1,21.99,0,1,7,0.14,1,0
C102123,DE,quarterly,33,35,tv_campaign,0,21.99,0,0,8,0.281,1,0
C102124,AT,monthly,10,56,paid_search,0,24.9,1,1,7,0.287,1,0
C102125,DE,quarterly,3,41,paid_search,0,21.99,1,0,9,0.274,0,0
C102126,DE,quarterly,19,41,paid_social,1,21.99,0,0,9,0.469,1,0
C102127,CH,monthly,10,61,referral,1,29.9,0,0,8,0.506,0,1
C102128,DE,monthly,33,33,paid_search,0,23.9,0,0,6,0.828,1,0
C102129,DE,monthly,11,34,paid_search,0,23.9,1,2,9,0.289,0,0
C102130,DE,quarterly,8,27,influencer,1,21.99,0,0,9,0.43,0,0
C102131,DE,monthly,10,56,paid_social,1,23.9,1,0,4,0.252,0,0
C102132,DE,quarterly,9,60,paid_search,0,21.99,0,0,9,0.468,1,0
C102133,DE,quarterly,5,44,paid_social,1,21.99,0,0,9,0.382,0,1
C102134,AT,quarterly,11,46,paid_search,0,22.91,1,0,7,0.363,0,0
C102135,AT,quarterly,4,61,paid_social,1,22.91,0,0,8,0.355,0,1
C102136,DE,monthly,1,47,paid_search,0,23.9,0,0,8,0.506,0,0
C102137,DE,quarterly,3,26,tv_campaign,0,21.99,0,1,8,0.534,1,0
C102138,DE,quarterly,35,18,paid_search,0,21.99,1,0,5,0.878,1,0
C102139,DE,quarterly,18,30,influencer,0,21.99,1,0,6,0.702,0,0
C102140,AT,monthly,21,36,tv_campaign,0,24.9,0,0,7,0.626,0,0
C102141,DE,monthly,10,35,paid_search,1,23.9,0,0,10,0.366,0,0
C102142,DE,quarterly,2,56,paid_social,0,21.99,0,0,6,0.804,0,0
C102143,DE,monthly,6,50,paid_search,1,23.9,1,1,6,0.704,0,1
C102144,DE,monthly,19,33,tv_campaign,0,23.9,0,0,7,0.629,1,0
C102145,AT,monthly,5,39,paid_social,0,24.9,0,0,8,0.58,1,0
C102146,DE,quarterly,4,44,paid_search,1,21.99,0,0,10,0.427,0,0
C102147,DE,quarterly,12,46,influencer,1,21.99,0,1,6,0.346,0,0
C102148,DE,quarterly,38,36,referral,0,21.99,0,0,9,0.259,0,0
C102149,DE,monthly,15,55,referral,1,23.9,1,0,6,0.709,1,0
C102150,DE,monthly,17,44,paid_search,0,23.9,1,0,7,0.288,0,0
C102151,CH,monthly,17,29,tv_campaign,0,29.9,0,0,7,0.303,0,0
C102152,CH,monthly,10,35,referral,0,29.9,0,0,9,0.649,1,0
C102153,DE,monthly,7,30,paid_social,0,23.9,1,1,6,0.363,0,0
C102154,DE,quarterly,19,27,tv_campaign,0,21.99,2,0,8,0.951,1,0
C102155,DE,monthly,9,42,paid_search,0,23.9,0,0,7,0.602,0,0
C102156,AT,quarterly,20,23,influencer,0,22.91,0,1,8,0.257,0,0
C102157,AT,monthly,18,38,influencer,1,24.9,0,0,9,0.419,1,0
C102158,CH,monthly,12,27,tv_campaign,0,29.9,0,0,8,0.731,0,1
C102159,DE,monthly,14,47,paid_social,1,23.9,1,0,9,0.737,0,1
C102160,DE,quarterly,3,18,referral,0,21.99,1,0,6,0.907,0,0
C102161,DE,quarterly,8,47,paid_social,1,21.99,0,0,7,0.749,1,0
C102162,DE,monthly,13,39,paid_social,1,23.9,0,0,8,0.301,1,0
C102163,DE,monthly,15,18,paid_social,1,23.9,0,0,10,0.307,1,1
C102164,DE,monthly,4,36,referral,0,23.9,1,0,9,0.469,0,0
C102165,DE,quarterly,9,54,paid_social,1,21.99,0,0,8,0.264,0,0
C102166,AT,monthly,10,46,paid_search,0,24.9,0,0,10,0.248,1,0
C102167,AT,quarterly,27,57,paid_social,1,22.91,1,0,7,0.468,0,1
C102168,DE,monthly,4,42,tv_campaign,0,23.9,0,1,4,0.302,0,0
C102169,DE,monthly,19,33,paid_social,0,23.9,0,0,8,0.734,1,0
C102170,DE,quarterly,8,39,paid_search,1,21.99,1,0,6,0.512,0,0
C102171,DE,quarterly,1,67,referral,0,21.99,0,0,8,0.465,0,1
C102172,DE,quarterly,15,33,paid_search,0,21.99,1,0,8,0.246,0,0
C102173,AT,monthly,15,19,paid_search,1,24.9,0,0,9,0.253,0,0
C102174,DE,monthly,2,28,paid_social,1,23.9,1,0,8,0.594,0,0
C102175,AT,monthly,2,34,referral,0,24.9,0,1,8,0.272,1,1
C102176,CH,quarterly,28,18,tv_campaign,1,27.51,3,2,5,0.824,0,0
C102177,DE,monthly,5,57,paid_search,0,23.9,0,0,10,0.585,0,0
C102178,AT,monthly,1,46,paid_search,1,24.9,0,0,6,0.579,0,0
C102179,AT,monthly,28,56,tv_campaign,1,24.9,0,0,8,0.641,0,1
C102180,DE,monthly,4,50,paid_social,1,23.9,0,1,6,0.829,0,1
C102181,DE,quarterly,14,56,referral,1,21.99,0,1,8,0.365,0,1
C102182,AT,monthly,14,50,influencer,1,24.9,0,0,8,0.59,0,0
C102183,DE,monthly,3,24,influencer,0,23.9,0,0,8,0.155,1,0
C102184,AT,quarterly,13,30,influencer,1,22.91,0,1,8,0.377,0,0
C102185,AT,quarterly,13,25,paid_search,1,22.91,2,1,4,0.483,0,1
C102186,AT,monthly,2,56,influencer,1,24.9,2,1,5,0.397,0,1
C102187,DE,monthly,7,37,paid_search,0,23.9,0,0,8,0.383,0,0
C102188,CH,monthly,3,61,referral,0,29.9,0,0,5,0.633,0,0
C102189,AT,monthly,24,36,paid_search,1,24.9,1,0,10,0.419,1,0
C102190,DE,quarterly,6,24,tv_campaign,0,21.99,1,0,5,0.091,0,0
C102191,DE,monthly,13,53,paid_search,1,23.9,0,0,7,0.489,0,0
C102192,AT,quarterly,19,72,referral,0,22.91,0,0,7,0.387,0,0
C102193,CH,quarterly,5,36,influencer,1,27.51,2,1,3,0.447,0,1
C102194,CH,monthly,10,44,paid_social,1,29.9,2,0,6,0.471,0,0
C102195,AT,monthly,11,28,paid_social,0,24.9,0,0,8,0.387,1,0
C102196,AT,quarterly,22,44,referral,0,22.91,1,0,6,0.483,0,0
C102197,AT,monthly,7,31,referral,1,24.9,1,0,7,0.564,1,0
C102198,AT,monthly,9,48,tv_campaign,1,24.9,1,1,7,0.588,0,0
C102199,CH,monthly,17,47,paid_search,0,29.9,0,0,7,0.247,0,0
C102200,DE,monthly,10,66,paid_social,0,23.9,0,0,9,0.433,1,0
C102201,CH,monthly,9,24,paid_search,1,29.9,2,1,6,0.588,0,0
C102202,DE,quarterly,5,54,referral,0,21.99,0,0,8,0.509,0,1
C102203,AT,quarterly,7,46,paid_social,0,22.91,1,1,6,0.761,1,0
C102204,AT,quarterly,15,38,paid_search,0,22.91,0,0,8,0.592,0,0
C102205,DE,monthly,16,42,paid_search,0,23.9,1,0,6,0.73,1,0
C102206,CH,monthly,13,49,paid_search,0,29.9,0,0,8,0.224,0,0
C102207,AT,monthly,11,47,paid_search,0,24.9,1,0,7,0.51,0,0
C102208,DE,quarterly,12,56,tv_campaign,1,21.99,1,1,6,0.628,0,1
C102209,DE,quarterly,23,54,influencer,1,21.99,0,0,5,0.499,0,0
C102210,CH,monthly,7,40,paid_search,0,29.9,3,0,6,0.485,0,1
C102211,DE,monthly,10,65,paid_social,1,23.9,1,0,6,0.372,0,0
C102212,DE,monthly,25,45,paid_social,1,23.9,2,1,8,0.559,0,1
C102213,AT,monthly,1,60,influencer,1,24.9,1,2,5,0.365,0,1
C102214,DE,monthly,12,45,paid_social,0,23.9,0,0,10,0.154,1,0
C102215,AT,monthly,5,51,influencer,0,24.9,1,0,6,0.799,0,0
C102216,CH,quarterly,1,38,paid_social,1,27.51,0,0,9,0.502,1,0
C102217,DE,monthly,3,41,influencer,0,23.9,0,0,10,0.783,0,0
C102218,CH,quarterly,9,28,tv_campaign,0,27.51,2,0,6,0.477,1,1
C102219,DE,monthly,3,53,paid_search,0,23.9,0,0,9,0.245,1,0
C102220,AT,quarterly,13,47,tv_campaign,0,22.91,1,0,6,0.626,0,0
C102221,CH,monthly,14,44,paid_social,0,29.9,2,2,6,0.285,0,1
C102222,DE,monthly,8,61,influencer,0,23.9,0,0,9,0.656,0,0
C102223,CH,monthly,4,47,tv_campaign,1,29.9,0,0,7,0.675,0,0
C102224,DE,monthly,5,25,referral,0,23.9,0,0,7,0.597,0,0
C102225,CH,monthly,5,46,paid_search,0,29.9,1,0,6,0.437,0,0
C102226,CH,monthly,4,54,paid_search,1,29.9,2,0,6,0.151,0,1
C102227,AT,monthly,4,51,tv_campaign,1,24.9,0,1,7,0.238,1,0
C102228,AT,monthly,18,25,tv_campaign,1,24.9,1,0,6,0.679,0,0
C102229,DE,quarterly,5,56,influencer,0,21.99,0,1,10,0.649,1,1
C102230,AT,monthly,17,39,tv_campaign,1,24.9,1,0,8,0.776,0,0
C102231,DE,quarterly,3,32,influencer,1,21.99,1,0,7,0.298,0,0
C102232,CH,monthly,6,44,paid_social,1,29.9,1,0,5,0.207,1,1
C102233,CH,monthly,31,28,tv_campaign,0,29.9,1,1,4,0.64,1,1
C102234,DE,monthly,18,42,paid_search,0,23.9,0,0,9,0.205,0,0
C102235,DE,monthly,2,59,referral,0,23.9,1,2,9,0.401,0,0
C102236,CH,quarterly,15,42,paid_social,1,27.51,0,2,7,0.709,1,0
C102237,CH,quarterly,7,30,influencer,1,27.51,0,1,7,0.527,1,0
C102238,DE,monthly,14,39,tv_campaign,0,23.9,0,0,7,0.493,1,0
C102239,AT,monthly,3,66,influencer,0,24.9,2,1,6,0.396,0,0
C102240,AT,monthly,2,50,paid_social,1,24.9,1,0,5,0.41,1,1
C102241,CH,monthly,8,34,tv_campaign,0,29.9,1,0,8,0.65,1,0
C102242,AT,monthly,4,26,paid_search,0,24.9,0,0,7,0.247,1,0
C102243,DE,quarterly,2,32,influencer,1,21.99,2,0,7,0.415,1,0
C102244,DE,monthly,9,25,paid_search,0,23.9,0,0,9,0.416,1,0
C102245,DE,monthly,4,49,paid_social,0,23.9,0,1,8,0.453,0,0
C102246,DE,monthly,11,42,paid_search,0,23.9,1,1,5,0.503,0,0
C102247,DE,quarterly,5,34,paid_social,1,21.99,0,0,9,0.441,0,0
C102248,DE,monthly,22,52,influencer,1,23.9,0,1,9,0.769,1,0
C102249,DE,monthly,9,49,paid_search,1,23.9,0,0,9,0.094,0,0
C102250,AT,monthly,1,48,paid_social,0,24.9,0,0,9,0.625,0,0
C102251,DE,monthly,4,57,influencer,1,23.9,0,0,7,0.665,0,0
C102252,AT,monthly,9,24,tv_campaign,0,24.9,1,1,6,0.394,0,0
C102253,AT,quarterly,10,66,paid_search,1,22.91,2,0,6,0.222,0,0
C102254,DE,monthly,3,57,paid_search,0,23.9,0,1,6,0.424,0,0
C102255,AT,monthly,13,46,paid_search,0,24.9,0,0,9,0.486,1,0
C102256,DE,monthly,30,50,influencer,0,23.9,1,0,7,0.82,0,0
C102257,DE,monthly,12,52,paid_social,1,23.9,1,1,5,0.447,0,0
C102258,DE,quarterly,13,53,tv_campaign,0,21.99,0,0,7,0.462,0,0
C102259,DE,monthly,12,31,paid_social,0,23.9,1,0,8,0.44,0,1
C102260,CH,monthly,12,41,paid_social,0,29.9,0,0,8,0.302,0,0
C102261,AT,monthly,8,32,paid_social,1,24.9,1,0,7,0.477,0,1
C102262,DE,quarterly,28,52,tv_campaign,1,21.99,1,1,8,0.587,1,0
C102263,DE,monthly,8,41,paid_search,0,23.9,1,0,7,0.375,0,0
C102264,DE,monthly,6,42,paid_social,1,23.9,0,0,7,0.61,1,1
C102265,DE,monthly,3,50,influencer,1,23.9,0,1,7,0.553,0,1
C102266,DE,monthly,1,43,paid_search,1,23.9,0,1,8,0.26,0,1
C102267,AT,monthly,15,28,referral,1,24.9,1,0,6,0.448,1,1
C102268,DE,monthly,4,36,influencer,1,23.9,0,0,8,0.291,0,0
C102269,DE,quarterly,14,55,paid_social,0,21.99,2,0,7,0.698,0,0
C102270,DE,quarterly,15,43,paid_search,0,21.99,0,0,9,0.63,0,0
C102271,DE,quarterly,20,41,referral,0,21.99,0,0,9,0.187,0,0
C102272,DE,monthly,10,24,paid_search,0,23.9,0,0,7,0.297,1,0
C102273,DE,monthly,33,40,referral,0,23.9,1,0,8,0.2,0,0
C102274,CH,monthly,7,49,referral,1,29.9,1,0,8,0.593,1,0
C102275,DE,monthly,8,37,tv_campaign,0,23.9,0,0,7,0.765,1,0
C102276,DE,monthly,15,50,tv_campaign,0,23.9,0,0,10,0.635,0,0
C102277,DE,monthly,18,30,paid_social,1,23.9,1,0,7,0.745,1,0
C102278,DE,monthly,7,42,influencer,0,23.9,0,0,8,0.308,1,1
C102279,AT,monthly,12,32,paid_search,1,24.9,2,1,7,0.374,0,1
C102280,DE,monthly,13,32,paid_search,0,23.9,2,0,8,0.376,0,0
C102281,CH,monthly,7,74,paid_social,1,29.9,2,0,6,0.327,0,0
C102282,CH,monthly,9,51,paid_social,0,29.9,0,0,8,0.373,0,0
C102283,CH,monthly,15,30,paid_search,0,29.9,0,0,10,0.488,1,0
C102284,CH,monthly,3,43,paid_search,0,29.9,1,0,6,0.532,0,1
C102285,DE,monthly,40,65,paid_social,1,23.9,0,0,7,0.536,0,0
C102286,DE,monthly,5,38,paid_social,0,23.9,1,1,5,0.649,0,1
C102287,CH,quarterly,6,51,paid_search,0,27.51,0,0,5,0.41,1,0
C102288,AT,quarterly,8,35,tv_campaign,1,22.91,0,0,6,0.544,0,0
C102289,CH,monthly,12,51,influencer,1,29.9,1,0,7,0.872,0,0
C102290,DE,monthly,5,33,paid_search,0,23.9,1,0,8,0.319,0,1
C102291,AT,quarterly,10,26,referral,0,22.91,0,0,7,0.276,0,0
C102292,CH,monthly,8,41,paid_search,1,29.9,0,1,10,0.819,0,0
C102293,DE,monthly,13,38,paid_search,0,23.9,0,0,7,0.139,1,1
C102294,AT,monthly,11,34,paid_search,0,24.9,0,0,7,0.593,0,0
C102295,DE,quarterly,10,61,tv_campaign,1,21.99,1,0,7,0.367,0,0
C102296,DE,monthly,6,18,tv_campaign,1,23.9,0,0,7,0.356,0,0
C102297,DE,monthly,4,61,referral,1,23.9,1,0,9,0.257,0,1
C102298,AT,quarterly,14,39,referral,0,22.91,1,1,7,0.496,1,0
C102299,AT,monthly,4,47,paid_search,0,24.9,1,1,6,0.573,1,1
C102300,AT,monthly,13,47,paid_search,1,24.9,0,0,6,0.401,1,0
C102301,DE,quarterly,7,49,paid_social,0,21.99,2,0,7,0.412,0,0
C102302,DE,monthly,20,42,paid_search,0,23.9,0,0,6,0.613,1,0
C102303,CH,monthly,17,39,paid_search,1,29.9,0,0,7,0.459,1,0
C102304,DE,monthly,1,19,tv_campaign,1,23.9,2,1,7,0.161,0,1
C102305,DE,quarterly,4,41,tv_campaign,1,21.99,0,0,8,0.252,0,0
C102306,AT,monthly,39,45,referral,0,24.9,0,0,7,0.252,0,0
C102307,DE,monthly,17,39,referral,1,23.9,0,0,10,0.463,1,0
C102308,DE,monthly,11,49,paid_search,1,23.9,0,2,5,0.588,1,0
C102309,DE,quarterly,10,34,influencer,0,21.99,0,1,6,0.482,1,0
C102310,DE,quarterly,17,41,paid_search,0,21.99,2,0,5,0.164,0,0
C102311,AT,monthly,16,27,influencer,1,24.9,1,2,2,0.493,1,1
C102312,DE,quarterly,3,67,paid_social,0,21.99,0,1,7,0.194,0,0
C102313,AT,monthly,1,48,influencer,1,24.9,0,0,9,0.492,0,0
C102314,DE,quarterly,15,53,paid_social,0,21.99,0,0,8,0.614,0,0
C102315,CH,quarterly,10,42,referral,1,27.51,2,0,7,0.847,1,0
C102316,AT,quarterly,8,44,referral,0,22.91,1,0,7,0.953,0,0
C102317,DE,monthly,7,31,tv_campaign,1,23.9,0,0,8,0.596,1,0
C102318,DE,monthly,5,21,influencer,1,23.9,1,0,7,0.404,1,0
C102319,DE,quarterly,19,56,influencer,0,21.99,0,0,9,0.635,0,0
C102320,DE,monthly,3,49,paid_social,1,23.9,1,1,4,0.286,0,1
C102321,DE,monthly,4,45,paid_social,1,23.9,1,1,6,0.268,0,0
C102322,CH,monthly,9,31,paid_search,0,29.9,0,0,9,0.351,1,0
C102323,CH,quarterly,1,37,tv_campaign,1,27.51,0,0,10,0.657,0,0
C102324,DE,monthly,18,37,paid_search,1,23.9,0,0,9,0.305,0,0
C102325,AT,monthly,7,38,paid_search,0,24.9,1,0,8,0.554,1,0
C102326,DE,monthly,22,60,tv_campaign,1,23.9,0,0,7,0.34,1,0
C102327,DE,monthly,7,45,paid_search,1,23.9,2,0,9,0.715,0,0
C102328,DE,monthly,10,46,paid_search,0,23.9,0,0,9,0.598,0,0
C102329,CH,monthly,10,52,referral,1,29.9,1,1,7,0.603,0,1
C102330,DE,quarterly,4,27,paid_search,0,21.99,0,0,7,0.267,1,0
C102331,DE,monthly,19,55,referral,1,23.9,0,0,8,0.708,0,0
C102332,AT,quarterly,5,57,paid_social,1,22.91,0,0,9,0.371,0,0
C102333,CH,quarterly,5,57,tv_campaign,0,27.51,1,1,4,0.437,0,1
C102334,AT,monthly,46,50,paid_social,1,24.9,1,0,5,0.602,0,0
C102335,AT,monthly,9,30,paid_social,1,24.9,1,0,8,0.612,1,0
C102336,DE,quarterly,5,32,paid_search,1,21.99,0,0,10,0.376,0,0
C102337,DE,quarterly,6,18,influencer,1,21.99,0,0,9,0.493,0,0
C102338,DE,monthly,14,43,referral,0,23.9,1,0,7,0.33,0,0
C102339,DE,monthly,11,53,tv_campaign,0,23.9,2,0,7,0.686,0,0
C102340,DE,quarterly,15,47,paid_search,0,21.99,1,2,6,0.44,0,0
C102341,DE,quarterly,15,50,paid_search,1,21.99,0,0,10,0.36,0,0
C102342,DE,monthly,15,46,referral,0,23.9,2,0,8,0.296,0,0
C102343,DE,quarterly,6,51,paid_search,0,21.99,1,0,9,0.313,1,0
C102344,DE,quarterly,8,27,influencer,0,21.99,0,0,7,0.427,1,0
C102345,DE,quarterly,2,56,paid_social,0,21.99,0,0,8,0.905,0,0
C102346,DE,quarterly,4,48,influencer,1,21.99,0,0,7,0.763,0,0
C102347,DE,quarterly,3,48,paid_social,1,21.99,1,0,5,0.544,0,1
C102348,DE,monthly,20,58,paid_social,0,23.9,0,0,9,0.397,0,0
C102349,DE,monthly,8,48,paid_social,0,23.9,2,0,4,0.553,0,1
C102350,DE,monthly,9,60,paid_social,1,23.9,0,0,9,0.488,1,1
C102351,DE,monthly,14,52,referral,1,23.9,0,1,6,0.557,0,0
C102352,DE,monthly,10,22,paid_search,1,23.9,1,0,9,0.381,1,0
C102353,DE,quarterly,8,33,paid_social,1,21.99,1,0,9,0.456,0,0
C102354,DE,monthly,13,37,paid_social,1,23.9,1,0,6,0.517,0,1
C102355,DE,monthly,11,53,paid_search,0,23.9,2,1,6,0.319,0,0
C102356,AT,monthly,17,47,paid_search,0,24.9,0,0,7,0.359,0,0
C102357,DE,monthly,5,37,influencer,0,23.9,0,0,7,0.352,0,0
C102358,DE,monthly,9,55,influencer,1,23.9,1,2,7,0.403,0,1
C102359,AT,monthly,14,30,paid_search,0,24.9,1,0,7,0.244,0,0
C102360,AT,monthly,21,43,paid_search,0,24.9,0,1,7,0.733,0,0
C102361,DE,monthly,25,26,paid_search,1,23.9,2,1,7,0.482,1,0
C102362,DE,monthly,6,44,tv_campaign,1,23.9,1,1,6,0.425,0,0
C102363,DE,monthly,10,49,influencer,1,23.9,0,0,7,0.655,0,1
C102364,DE,monthly,4,23,paid_social,0,23.9,0,0,8,0.397,1,0
C102365,CH,quarterly,5,61,paid_social,0,27.51,0,0,7,0.222,0,0
C102366,AT,monthly,4,25,tv_campaign,1,24.9,0,0,8,0.557,1,0
C102367,CH,monthly,8,24,paid_search,0,29.9,0,0,7,0.327,1,0
C102368,AT,monthly,18,35,tv_campaign,0,24.9,0,0,6,0.633,0,0
C102369,DE,monthly,6,24,tv_campaign,1,23.9,1,1,7,0.305,0,0
C102370,DE,quarterly,14,33,referral,0,21.99,2,2,3,0.407,0,0
C102371,AT,quarterly,8,46,paid_social,1,22.91,0,0,9,0.424,1,0
C102372,AT,monthly,8,60,referral,0,24.9,0,0,7,0.48,0,0
C102373,DE,monthly,12,44,paid_social,1,23.9,0,0,7,0.362,0,0
C102374,AT,monthly,12,25,paid_search,0,24.9,2,0,7,0.197,0,1
C102375,AT,quarterly,4,36,referral,0,22.91,1,0,8,0.843,1,0
C102376,CH,quarterly,25,34,tv_campaign,1,27.51,1,2,6,0.387,0,0
C102377,DE,monthly,22,26,influencer,1,23.9,1,0,6,0.492,1,0
C102378,AT,monthly,8,29,influencer,1,24.9,1,0,7,0.19,0,0
C102379,DE,monthly,23,33,paid_search,1,23.9,1,1,4,0.582,0,0
C102380,CH,monthly,11,31,paid_social,1,29.9,2,1,5,0.604,0,0
C102381,AT,quarterly,4,32,tv_campaign,0,22.91,1,0,6,0.399,0,0
C102382,CH,quarterly,3,32,paid_social,1,27.51,3,1,5,0.411,0,0
C102383,DE,monthly,9,37,paid_search,0,23.9,0,1,8,0.549,0,0
C102384,DE,monthly,3,18,referral,0,23.9,1,1,6,0.733,1,0
C102385,AT,monthly,2,35,influencer,1,24.9,0,1,8,0.677,0,0
C102386,DE,monthly,22,49,paid_search,1,23.9,1,0,8,0.329,0,1
C102387,DE,quarterly,6,60,referral,0,21.99,0,0,8,0.601,0,0
C102388,AT,quarterly,18,32,paid_social,1,22.91,0,0,8,0.247,0,0
C102389,CH,monthly,5,30,paid_search,0,29.9,1,0,6,0.078,1,0
C102390,DE,monthly,6,18,paid_search,1,23.9,0,0,8,0.244,0,0
C102391,DE,monthly,17,54,paid_search,0,23.9,2,1,5,0.707,0,0
C102392,DE,quarterly,34,25,tv_campaign,1,21.99,0,1,8,0.532,0,0
C102393,DE,monthly,3,50,paid_search,0,23.9,0,0,8,0.461,0,0
C102394,DE,quarterly,12,24,influencer,1,21.99,0,0,9,0.635,0,0
C102395,DE,monthly,26,43,influencer,0,23.9,0,0,8,0.351,0,0
C102396,DE,quarterly,17,28,paid_search,0,21.99,0,0,8,0.49,1,0
C102397,CH,quarterly,15,31,paid_search,0,27.51,2,0,6,0.413,0,0
C102398,AT,quarterly,3,28,influencer,0,22.91,0,0,9,0.43,0,0
C102399,AT,quarterly,10,28,influencer,1,22.91,1,0,7,0.213,0,0
C102400,DE,quarterly,17,62,paid_search,1,21.99,1,1,5,0.682,0,0
C102401,CH,quarterly,11,48,tv_campaign,0,27.51,3,0,5,0.109,1,0
C102402,DE,monthly,11,59,paid_social,1,23.9,0,0,10,0.159,0,1
C102403,DE,monthly,13,40,influencer,0,23.9,1,0,6,0.627,0,0
C102404,DE,monthly,18,63,paid_social,0,23.9,0,1,7,0.311,0,0
C102405,DE,quarterly,7,24,paid_social,0,21.99,0,0,9,0.22,0,0
C102406,AT,monthly,6,54,referral,0,24.9,1,0,7,0.211,0,1
C102407,DE,monthly,13,80,referral,0,23.9,0,0,10,0.64,0,0
C102408,DE,quarterly,15,33,paid_search,0,21.99,2,1,6,0.854,0,0
C102409,CH,monthly,13,51,paid_search,0,29.9,2,0,4,0.45,0,1
C102410,AT,monthly,6,46,paid_social,0,24.9,0,0,8,0.468,0,1
C102411,AT,monthly,15,46,paid_search,0,24.9,0,0,9,0.179,0,0
C102412,AT,monthly,16,25,influencer,1,24.9,1,0,6,0.482,1,0
C102413,AT,quarterly,21,18,paid_social,0,22.91,0,0,6,0.721,1,0
C102414,AT,monthly,13,30,paid_social,0,24.9,0,0,6,0.389,0,1
C102415,AT,monthly,7,33,paid_social,1,24.9,1,0,8,0.335,0,0
C102416,AT,quarterly,5,56,influencer,0,22.91,0,0,9,0.378,0,1
C102417,DE,monthly,18,31,paid_social,1,23.9,1,0,8,0.42,0,1
C102418,AT,monthly,19,20,paid_search,0,24.9,2,0,7,0.448,0,0
C102419,DE,monthly,4,37,paid_search,0,23.9,0,0,8,0.736,1,0
C102420,CH,monthly,8,31,paid_social,1,29.9,0,0,6,0.635,0,0
C102421,DE,quarterly,7,37,paid_search,1,21.99,2,0,9,0.461,1,1
C102422,DE,monthly,4,35,paid_social,0,23.9,0,1,9,0.589,1,0
C102423,DE,quarterly,2,58,paid_social,1,21.99,1,0,8,0.167,0,0
C102424,DE,quarterly,10,49,paid_social,0,21.99,0,0,7,0.196,0,0
C102425,CH,monthly,5,50,tv_campaign,1,29.9,1,0,6,0.407,0,0
C102426,DE,monthly,5,47,paid_social,1,23.9,1,0,7,0.62,0,0
C102427,DE,monthly,3,36,paid_social,1,23.9,0,0,8,0.594,0,0
C102428,DE,quarterly,13,43,paid_social,0,21.99,0,0,9,0.649,1,0
C102429,DE,monthly,23,49,paid_social,1,23.9,0,0,7,0.837,1,0
C102430,AT,quarterly,6,35,paid_social,1,22.91,1,0,6,0.667,0,0
C102431,DE,monthly,10,57,referral,0,23.9,0,0,9,0.397,1,0
C102432,DE,quarterly,17,54,paid_social,1,21.99,0,0,9,0.814,0,0
C102433,AT,quarterly,13,40,influencer,1,22.91,1,1,6,0.246,1,0
C102434,AT,quarterly,12,28,paid_search,1,22.91,1,0,5,0.749,0,0
C102435,DE,quarterly,5,34,influencer,0,21.99,1,1,6,0.376,1,0
C102436,DE,quarterly,4,47,paid_search,0,21.99,2,0,4,0.285,0,0
C102437,DE,quarterly,26,48,referral,0,21.99,0,1,7,0.704,1,0
C102438,AT,monthly,3,56,referral,0,24.9,2,1,4,0.473,0,1
C102439,AT,monthly,42,25,tv_campaign,1,24.9,0,1,6,0.82,1,0
C102440,AT,quarterly,7,46,influencer,1,22.91,0,0,8,0.151,0,1
C102441,AT,monthly,8,31,referral,1,24.9,1,0,7,0.404,0,0
C102442,DE,monthly,5,40,tv_campaign,0,23.9,1,1,7,0.7,1,0
C102443,AT,monthly,7,44,paid_social,0,24.9,0,0,8,0.548,1,0
C102444,DE,monthly,13,47,influencer,1,23.9,0,0,6,0.467,1,0
C102445,DE,monthly,9,41,paid_social,0,23.9,2,1,6,0.351,1,1
C102446,CH,monthly,10,23,influencer,1,29.9,2,2,6,0.304,0,1
C102447,CH,monthly,22,18,paid_social,0,29.9,1,0,6,0.447,0,0
C102448,DE,monthly,33,59,influencer,0,23.9,0,0,9,0.34,1,0
C102449,CH,monthly,2,40,influencer,1,29.9,3,2,4,0.637,1,1
C102450,CH,monthly,5,38,referral,0,29.9,1,1,4,0.506,0,0
C102451,DE,quarterly,1,51,paid_search,0,21.99,0,0,9,0.365,1,0
C102452,DE,monthly,8,47,paid_search,0,23.9,0,0,8,0.453,0,0
C102453,AT,monthly,17,18,referral,1,24.9,0,0,8,0.55,0,0
C102454,DE,monthly,9,32,paid_social,0,23.9,2,1,7,0.229,1,1
C102455,AT,quarterly,13,18,paid_search,0,22.91,1,0,6,0.772,1,0
C102456,DE,quarterly,21,36,influencer,0,21.99,0,0,7,0.391,0,0
C102457,AT,monthly,13,37,paid_social,0,24.9,0,0,7,0.613,1,0
C102458,AT,quarterly,10,33,referral,1,22.91,0,0,7,0.387,1,0
C102459,DE,monthly,6,45,influencer,1,23.9,0,1,7,0.605,0,0
C102460,DE,monthly,9,51,paid_search,0,23.9,0,0,7,0.555,0,0
C102461,DE,monthly,21,27,paid_search,0,23.9,0,0,7,0.43,0,0
C102462,CH,monthly,7,26,tv_campaign,0,29.9,1,0,9,0.557,0,0
C102463,DE,monthly,3,43,paid_social,1,23.9,1,0,7,0.32,0,1
C102464,CH,quarterly,9,45,paid_search,1,27.51,0,0,7,0.473,1,0
C102465,DE,monthly,45,28,paid_social,0,23.9,0,0,9,0.737,1,0
C102466,DE,quarterly,24,45,influencer,0,21.99,0,1,7,0.436,0,0
C102467,AT,quarterly,12,44,paid_social,1,22.91,0,0,10,0.587,0,0
C102468,DE,quarterly,15,66,tv_campaign,1,21.99,0,0,8,0.471,0,0
C102469,CH,monthly,16,42,referral,1,29.9,2,1,8,0.404,1,0
C102470,DE,monthly,6,35,paid_social,0,23.9,0,0,5,0.477,1,1
C102471,DE,quarterly,10,30,paid_search,0,21.99,0,0,10,0.289,0,0
C102472,AT,quarterly,13,45,paid_social,1,22.91,0,0,8,0.276,0,0
C102473,AT,quarterly,33,30,referral,0,22.91,1,0,8,0.575,0,0
C102474,AT,quarterly,9,42,paid_search,0,22.91,0,0,10,0.291,0,0
C102475,DE,monthly,3,18,paid_social,1,23.9,1,0,9,0.302,0,1
C102476,AT,quarterly,6,39,tv_campaign,0,22.91,0,1,8,0.186,0,0
C102477,DE,monthly,8,22,paid_search,0,23.9,0,0,9,0.476,1,0
C102478,DE,monthly,12,49,influencer,0,23.9,1,1,9,0.611,0,1
C102479,DE,monthly,19,69,paid_search,0,23.9,0,0,8,0.391,0,0
C102480,DE,monthly,4,45,influencer,1,23.9,0,0,8,0.335,0,0
C102481,DE,monthly,13,49,tv_campaign,0,23.9,0,0,9,0.218,1,0
C102482,CH,quarterly,8,34,paid_social,1,27.51,0,0,9,0.216,0,0
C102483,DE,monthly,10,38,influencer,0,23.9,1,0,8,0.235,0,0
C102484,DE,monthly,21,30,influencer,1,23.9,0,0,10,0.636,1,0
C102485,AT,quarterly,3,31,paid_social,1,22.91,1,1,7,0.361,0,1
C102486,DE,monthly,5,52,paid_social,1,23.9,0,0,9,0.363,0,0
C102487,CH,quarterly,8,51,paid_search,0,27.51,0,0,6,0.386,1,1
C102488,DE,monthly,3,33,influencer,1,23.9,0,0,7,0.392,0,0
C102489,AT,monthly,3,52,influencer,1,24.9,1,1,3,0.348,0,1
C102490,DE,quarterly,16,44,paid_social,0,21.99,0,0,8,0.363,0,0
C102491,CH,monthly,34,34,tv_campaign,1,29.9,0,0,7,0.755,0,0
C102492,CH,monthly,17,38,paid_search,0,29.9,0,0,9,0.42,1,0
C102493,AT,monthly,13,42,paid_search,1,24.9,0,0,7,0.113,1,0
C102494,DE,quarterly,25,42,influencer,0,21.99,0,1,8,0.433,0,0
C102495,DE,monthly,7,41,paid_search,0,23.9,0,0,7,0.567,0,0
C102496,DE,quarterly,15,42,paid_search,0,21.99,0,0,8,0.636,0,0
C102497,CH,monthly,2,46,paid_search,0,29.9,1,0,8,0.459,0,0
C102498,DE,monthly,17,47,paid_search,0,23.9,0,0,8,0.256,0,0
C102499,AT,monthly,10,38,referral,0,24.9,1,0,8,0.583,0,0
C102500,DE,monthly,4,18,paid_social,1,23.9,1,0,9,0.224,1,0
C102501,DE,monthly,6,56,paid_social,0,23.9,2,1,5,0.551,0,1
C102502,DE,quarterly,3,41,referral,1,21.99,0,0,7,0.384,1,0
C102503,DE,monthly,8,31,paid_search,0,23.9,0,0,10,0.153,1,0
C102504,DE,quarterly,4,61,paid_search,0,21.99,1,1,7,0.75,0,0
C102505,AT,monthly,10,49,paid_social,1,24.9,1,0,7,0.786,1,0
C102506,DE,monthly,3,55,tv_campaign,0,23.9,0,0,8,0.094,0,0
C102507,CH,monthly,2,51,paid_search,0,29.9,0,0,8,0.351,1,0
C102508,DE,monthly,11,55,paid_search,1,23.9,0,0,10,0.613,0,0
C102509,AT,quarterly,11,40,tv_campaign,0,22.91,2,1,5,0.836,1,0
C102510,DE,quarterly,19,28,paid_social,1,21.99,1,0,8,0.142,0,1
C102511,DE,quarterly,30,49,influencer,1,21.99,0,0,7,0.69,0,0
C102512,DE,monthly,5,62,influencer,1,23.9,0,0,9,0.584,0,0
C102513,DE,quarterly,29,31,paid_social,0,21.99,0,1,9,0.459,0,0
C102514,DE,quarterly,29,40,referral,0,21.99,0,1,7,0.489,0,0
C102515,AT,monthly,19,39,referral,0,24.9,0,0,8,0.472,0,0
C102516,AT,monthly,32,39,influencer,1,24.9,0,0,9,0.196,1,0
C102517,DE,monthly,16,43,influencer,1,23.9,0,0,8,0.297,0,0
C102518,DE,monthly,9,39,influencer,1,23.9,0,0,7,0.094,0,0
C102519,DE,quarterly,25,37,paid_social,1,21.99,1,1,5,0.285,0,0
C102520,AT,monthly,14,43,referral,0,24.9,0,0,7,0.365,0,0
C102521,DE,quarterly,4,25,tv_campaign,0,21.99,0,1,8,0.312,1,0
C102522,CH,quarterly,9,52,paid_social,1,27.51,2,0,7,0.277,0,0
C102523,DE,quarterly,3,38,paid_search,0,21.99,1,0,7,0.467,0,0
C102524,AT,monthly,24,20,influencer,1,24.9,0,0,7,0.864,1,1
C102525,DE,monthly,8,18,paid_social,1,23.9,0,0,10,0.331,0,0
C102526,DE,monthly,42,60,paid_social,1,23.9,0,0,10,0.435,0,0
C102527,DE,monthly,12,51,influencer,1,23.9,1,0,10,0.703,0,1
C102528,DE,quarterly,17,23,tv_campaign,0,21.99,0,0,8,0.253,0,1
C102529,DE,quarterly,1,36,paid_search,1,21.99,0,1,8,0.351,0,1
C102530,CH,monthly,9,41,influencer,1,29.9,2,1,5,0.836,0,1
C102531,AT,monthly,12,38,paid_search,1,24.9,1,0,7,0.633,1,0
C102532,AT,quarterly,4,42,paid_search,0,22.91,0,0,9,0.361,1,0
C102533,AT,monthly,1,45,paid_social,1,24.9,0,0,10,0.201,0,0
C102534,AT,monthly,36,71,paid_search,1,24.9,0,0,6,0.427,0,1
C102535,DE,monthly,35,45,referral,0,23.9,0,0,7,0.173,0,0
C102536,DE,monthly,9,32,paid_search,0,23.9,1,0,9,0.374,1,0
C102537,AT,monthly,12,52,paid_search,1,24.9,0,0,6,0.722,0,0
C102538,DE,monthly,24,34,paid_search,0,23.9,0,0,10,0.911,1,0
C102539,DE,monthly,15,33,paid_social,1,23.9,1,0,4,0.465,0,1
C102540,DE,monthly,1,40,referral,0,23.9,1,0,9,0.589,1,1
C102541,CH,monthly,17,43,referral,0,29.9,3,0,4,0.543,1,0
C102542,DE,quarterly,16,48,referral,1,21.99,0,0,9,0.558,1,0
C102543,AT,quarterly,12,30,referral,1,22.91,1,1,7,0.536,0,0
C102544,AT,quarterly,2,24,paid_social,1,22.91,0,0,9,0.217,1,1
C102545,DE,quarterly,19,38,tv_campaign,0,21.99,0,0,7,0.51,1,0
C102546,CH,monthly,11,48,referral,0,29.9,0,1,7,0.295,0,0
C102547,AT,monthly,19,54,paid_search,1,24.9,0,0,8,0.646,0,1
C102548,DE,monthly,11,46,paid_search,0,23.9,2,2,2,0.189,0,1
C102549,AT,monthly,1,39,referral,0,24.9,0,0,10,0.385,1,0
C102550,DE,monthly,10,44,tv_campaign,1,23.9,1,1,7,0.264,1,0
C102551,DE,monthly,22,24,paid_search,0,23.9,0,0,7,0.728,1,0
C102552,DE,quarterly,12,37,paid_search,0,21.99,1,0,9,0.793,0,0
C102553,DE,monthly,9,41,referral,1,23.9,0,0,9,0.291,1,0
C102554,DE,monthly,8,46,paid_search,1,23.9,0,0,10,0.556,1,0
C102555,DE,monthly,18,25,paid_search,0,23.9,0,0,9,0.378,0,0
C102556,DE,quarterly,1,19,paid_social,1,21.99,1,1,5,0.745,0,1
C102557,CH,monthly,20,19,tv_campaign,1,29.9,2,1,7,0.599,1,1
C102558,DE,quarterly,4,20,paid_search,0,21.99,0,1,7,0.322,0,1
C102559,DE,quarterly,31,32,paid_search,0,21.99,1,1,6,0.473,1,0
C102560,DE,monthly,3,38,tv_campaign,0,23.9,1,1,9,0.169,0,0
C102561,CH,quarterly,14,49,paid_search,0,27.51,3,0,7,0.513,1,0
C102562,CH,monthly,19,70,influencer,0,29.9,0,0,10,0.357,0,1
C102563,DE,monthly,8,54,paid_search,0,23.9,2,0,8,0.279,1,0
C102564,CH,monthly,4,30,referral,1,29.9,0,0,9,0.23,1,0
C102565,CH,monthly,14,33,paid_social,1,29.9,1,0,9,0.415,1,0
C102566,DE,monthly,17,53,influencer,0,23.9,1,0,7,0.6,0,0
C102567,DE,monthly,10,59,paid_social,0,23.9,0,0,9,0.421,0,0
C102568,AT,quarterly,14,40,paid_social,0,22.91,0,0,10,0.536,0,0
C102569,AT,monthly,7,32,paid_search,0,24.9,0,0,9,0.158,1,0
C102570,DE,monthly,19,18,paid_search,0,23.9,0,0,9,0.297,0,0
C102571,CH,quarterly,21,48,paid_search,0,27.51,2,1,7,0.713,1,0
C102572,DE,quarterly,9,46,paid_social,1,21.99,1,1,4,0.472,1,0
C102573,DE,quarterly,4,38,paid_social,1,21.99,0,1,9,0.682,1,0
C102574,DE,monthly,18,63,referral,0,23.9,0,0,9,0.568,0,0
C102575,DE,monthly,9,49,paid_social,0,23.9,0,0,9,0.341,1,0
C102576,DE,monthly,6,43,paid_social,0,23.9,0,0,10,0.229,0,0
C102577,CH,monthly,21,41,paid_social,0,29.9,3,1,7,0.416,1,0
C102578,CH,quarterly,5,18,referral,0,27.51,1,2,5,0.346,1,1
C102579,DE,monthly,9,41,tv_campaign,0,23.9,1,0,6,0.469,0,1
C102580,AT,monthly,1,31,paid_search,0,24.9,0,1,5,0.386,0,1
C102581,AT,monthly,17,46,paid_social,0,24.9,0,0,8,0.665,1,1
C102582,CH,monthly,39,32,paid_search,0,29.9,2,0,7,0.373,1,0
C102583,CH,monthly,8,60,paid_search,1,29.9,3,1,5,0.472,0,1
C102584,DE,quarterly,14,59,paid_search,0,21.99,0,0,7,0.188,0,0
C102585,AT,quarterly,14,44,paid_social,0,22.91,1,1,7,0.756,1,0
C102586,DE,monthly,9,39,paid_search,0,23.9,0,0,8,0.697,0,0
C102587,AT,monthly,11,22,paid_search,1,24.9,0,0,6,0.635,1,0
C102588,DE,monthly,9,42,tv_campaign,0,23.9,1,0,8,0.428,0,0
C102589,CH,monthly,14,49,tv_campaign,1,29.9,1,0,10,0.505,0,0
C102590,AT,monthly,1,41,influencer,1,24.9,1,1,6,0.141,0,1
C102591,DE,quarterly,6,22,influencer,1,21.99,1,1,7,0.432,0,0
C102592,DE,monthly,4,50,paid_social,0,23.9,0,0,8,0.277,0,0
C102593,DE,quarterly,2,32,influencer,1,21.99,0,0,7,0.101,0,0
C102594,DE,monthly,7,27,paid_social,1,23.9,1,1,6,0.876,1,0
C102595,DE,monthly,9,24,influencer,1,23.9,1,0,8,0.525,0,1
C102596,DE,monthly,4,30,influencer,1,23.9,0,0,8,0.154,1,0
C102597,DE,monthly,26,46,tv_campaign,0,23.9,1,1,5,0.939,1,0
C102598,DE,monthly,12,42,referral,0,23.9,0,0,9,0.765,0,0
C102599,AT,quarterly,5,28,paid_search,0,22.91,1,0,10,0.226,1,0
C102600,DE,monthly,10,29,tv_campaign,0,23.9,1,0,8,0.757,1,0
C102601,CH,monthly,23,28,paid_search,0,29.9,0,0,8,0.745,0,0
C102602,AT,quarterly,39,30,paid_search,0,22.91,0,0,8,0.588,1,0
C102603,AT,quarterly,12,58,influencer,0,22.91,0,0,8,0.567,0,0
C102604,DE,monthly,13,35,referral,1,23.9,0,0,7,0.219,0,1
C102605,DE,monthly,7,50,referral,1,23.9,0,0,8,0.774,0,0
C102606,DE,quarterly,3,62,paid_search,1,21.99,0,0,7,0.365,1,0
C102607,AT,monthly,3,49,paid_social,1,24.9,0,0,7,0.542,0,0
C102608,DE,monthly,16,35,influencer,1,23.9,0,0,9,0.213,0,0
C102609,DE,monthly,21,55,paid_social,0,23.9,1,0,9,0.851,0,1
C102610,DE,monthly,4,49,referral,0,23.9,1,2,4,0.25,0,0
C102611,AT,monthly,9,46,paid_social,1,24.9,0,0,6,0.514,0,0
C102612,DE,monthly,8,41,paid_social,1,23.9,1,0,7,0.85,0,1
C102613,AT,monthly,8,41,tv_campaign,0,24.9,0,1,5,0.634,0,0
C102614,DE,monthly,19,30,influencer,0,23.9,2,1,7,0.645,0,0
C102615,DE,monthly,17,22,paid_search,0,23.9,1,0,8,0.166,0,0
C102616,AT,monthly,14,50,tv_campaign,0,24.9,0,1,10,0.564,0,0
C102617,AT,quarterly,27,55,paid_social,0,22.91,0,0,9,0.559,0,0
C102618,DE,quarterly,7,18,referral,1,21.99,1,0,7,0.57,1,0
C102619,DE,monthly,8,39,influencer,1,23.9,1,0,7,0.636,0,1
C102620,DE,quarterly,28,38,referral,1,21.99,0,0,10,0.254,1,0
C102621,AT,quarterly,13,36,referral,0,22.91,1,0,8,0.398,0,0
C102622,DE,quarterly,8,24,influencer,1,21.99,0,0,4,0.161,0,1
C102623,AT,quarterly,5,38,tv_campaign,0,22.91,1,0,9,0.144,0,0
C102624,DE,quarterly,4,33,tv_campaign,0,21.99,0,0,8,0.654,1,0
C102625,AT,monthly,4,46,influencer,1,24.9,0,0,10,0.288,1,0
C102626,DE,monthly,23,32,influencer,0,23.9,1,0,9,0.256,1,0
C102627,DE,monthly,23,33,referral,0,23.9,0,0,8,0.409,1,0
C102628,CH,monthly,6,38,tv_campaign,0,29.9,0,0,7,0.082,0,1
C102629,DE,monthly,5,53,paid_social,1,23.9,0,0,8,0.308,0,1
C102630,AT,monthly,20,42,referral,0,24.9,0,1,7,0.475,0,0
C102631,AT,monthly,18,51,paid_social,0,24.9,0,0,10,0.559,1,0
C102632,CH,monthly,8,41,paid_social,1,29.9,1,1,7,0.701,0,0
C102633,DE,monthly,11,23,paid_search,0,23.9,0,1,6,0.389,0,1
C102634,DE,monthly,5,35,paid_social,0,23.9,0,0,7,0.328,1,0
C102635,DE,monthly,10,56,influencer,1,23.9,3,2,6,0.294,0,1
C102636,DE,monthly,13,51,influencer,1,23.9,0,1,6,0.665,0,0
C102637,DE,monthly,5,64,paid_social,1,23.9,0,0,5,0.419,1,0
C102638,CH,quarterly,4,28,paid_social,0,27.51,0,1,6,0.478,1,1
C102639,AT,quarterly,11,55,paid_social,1,22.91,2,0,5,0.189,0,0
C102640,DE,quarterly,4,53,influencer,1,21.99,0,0,9,0.252,0,0
C102641,DE,monthly,6,60,paid_social,1,23.9,0,0,8,0.321,0,0
C102642,DE,quarterly,5,30,influencer,1,21.99,0,0,9,0.688,1,0
C102643,DE,monthly,15,54,paid_social,0,23.9,0,0,6,0.369,0,0
C102644,DE,monthly,22,51,paid_social,1,23.9,1,1,5,0.273,0,0
C102645,DE,monthly,2,38,paid_social,1,23.9,0,0,8,0.71,0,0
C102646,AT,quarterly,3,51,paid_search,1,22.91,0,0,8,0.109,0,0
C102647,DE,monthly,8,57,influencer,1,23.9,0,0,9,0.277,0,0
C102648,CH,monthly,21,34,influencer,0,29.9,0,0,7,0.524,1,0
C102649,CH,monthly,4,30,tv_campaign,0,29.9,2,1,6,0.476,1,1
C102650,DE,quarterly,15,41,paid_social,1,21.99,0,0,9,0.269,1,0
C102651,CH,monthly,17,57,influencer,0,29.9,3,2,6,0.454,0,0
C102652,DE,monthly,11,33,paid_search,0,23.9,0,0,9,0.21,0,0
C102653,DE,quarterly,19,31,paid_search,0,21.99,2,1,7,0.537,0,0
C102654,DE,monthly,8,23,referral,0,23.9,0,0,8,0.721,1,0
C102655,DE,monthly,23,42,influencer,0,23.9,0,2,6,0.251,0,1
C102656,CH,monthly,15,47,paid_social,1,29.9,0,0,7,0.133,0,0
C102657,DE,quarterly,13,41,paid_social,1,21.99,2,1,6,0.394,0,1
C102658,AT,monthly,17,42,referral,1,24.9,0,1,8,0.451,1,0
C102659,DE,monthly,4,48,tv_campaign,0,23.9,0,1,7,0.208,0,1
C102660,DE,monthly,11,63,influencer,1,23.9,0,0,7,0.504,0,0
C102661,CH,monthly,19,18,tv_campaign,0,29.9,1,2,6,0.304,1,1
C102662,DE,quarterly,1,29,paid_social,1,21.99,0,0,7,0.107,1,0
C102663,AT,monthly,12,47,paid_search,0,24.9,0,0,8,0.573,0,0
C102664,DE,monthly,32,51,referral,1,23.9,2,1,4,0.431,0,0
C102665,CH,quarterly,3,43,paid_search,0,27.51,1,0,8,0.399,0,0
C102666,DE,monthly,2,38,paid_social,0,23.9,0,1,6,0.326,0,1
C102667,DE,monthly,11,47,influencer,0,23.9,0,1,6,0.437,0,0
C102668,DE,monthly,47,49,paid_search,0,23.9,0,0,7,0.339,1,0
C102669,DE,monthly,7,35,paid_social,0,23.9,2,0,8,0.325,0,1
C102670,DE,quarterly,5,70,paid_search,1,21.99,0,1,5,0.233,0,1
C102671,DE,monthly,26,22,paid_social,0,23.9,1,2,3,0.741,0,1
C102672,DE,quarterly,10,41,referral,1,21.99,1,0,8,0.52,1,0
C102673,CH,monthly,10,55,paid_search,0,29.9,0,0,8,0.167,0,1
C102674,DE,monthly,27,37,referral,0,23.9,2,2,3,0.623,1,0
C102675,DE,monthly,2,43,tv_campaign,0,23.9,0,0,10,0.552,0,0
C102676,AT,quarterly,5,36,referral,0,22.91,1,0,7,0.394,0,0
C102677,DE,monthly,7,41,tv_campaign,1,23.9,0,0,6,0.818,0,0
C102678,DE,monthly,16,42,paid_search,1,23.9,0,0,8,0.795,0,0
C102679,CH,monthly,1,40,paid_search,0,29.9,2,1,4,0.243,1,1
C102680,CH,quarterly,12,42,influencer,1,27.51,3,1,5,0.197,1,0
C102681,DE,monthly,1,48,paid_social,0,23.9,1,1,7,0.367,1,0
C102682,CH,monthly,3,29,paid_social,0,29.9,2,1,9,0.499,1,1
C102683,AT,quarterly,10,49,paid_social,0,22.91,0,0,8,0.455,0,1
C102684,AT,monthly,9,39,paid_search,1,24.9,0,0,8,0.574,1,0
C102685,CH,quarterly,2,49,paid_search,0,27.51,1,0,7,0.494,1,0
C102686,DE,monthly,12,27,influencer,1,23.9,0,0,8,0.623,0,0
C102687,DE,monthly,7,40,tv_campaign,0,23.9,1,2,5,0.656,1,0
C102688,AT,quarterly,10,57,referral,1,22.91,1,2,4,0.181,0,0
C102689,CH,monthly,22,41,paid_search,0,29.9,1,0,7,0.735,0,0
C102690,CH,monthly,10,77,paid_search,0,29.9,0,0,8,0.636,0,0
C102691,DE,quarterly,29,45,paid_social,1,21.99,1,2,6,0.523,0,0
C102692,DE,monthly,4,53,referral,1,23.9,0,0,9,0.171,1,0
C102693,DE,monthly,13,42,paid_search,0,23.9,1,2,5,0.492,1,1
C102694,CH,monthly,5,34,paid_social,1,29.9,1,0,7,0.663,0,0
C102695,DE,monthly,2,38,paid_social,0,23.9,1,0,7,0.273,0,1
C102696,AT,quarterly,3,52,influencer,1,22.91,0,0,9,0.577,1,1
C102697,DE,monthly,29,46,paid_search,0,23.9,1,0,7,0.553,0,0
C102698,DE,quarterly,16,46,referral,1,21.99,0,0,9,0.337,0,0
C102699,DE,monthly,5,43,paid_search,1,23.9,0,1,7,0.146,1,1
C102700,DE,monthly,22,35,paid_search,1,23.9,0,0,10,0.417,1,0
C102701,AT,monthly,6,18,influencer,0,24.9,0,1,7,0.315,1,0
C102702,DE,quarterly,19,20,referral,0,21.99,0,0,9,0.504,1,0
C102703,DE,quarterly,23,61,paid_search,0,21.99,2,0,8,0.789,0,0
C102704,CH,monthly,22,61,referral,0,29.9,2,1,6,0.549,1,0
C102705,DE,quarterly,17,42,paid_social,1,21.99,0,0,7,0.39,0,0
C102706,DE,monthly,12,52,tv_campaign,1,23.9,1,0,7,0.5,0,0
C102707,AT,quarterly,5,48,paid_search,0,22.91,1,0,8,0.268,0,0
C102708,DE,quarterly,17,68,influencer,1,21.99,0,0,7,0.785,1,0
C102709,CH,monthly,17,21,referral,0,29.9,0,0,7,0.372,0,0
C102710,AT,monthly,11,38,paid_social,1,24.9,1,0,8,0.653,0,0
C102711,DE,monthly,3,38,paid_social,1,23.9,0,0,8,0.217,1,0
C102712,DE,monthly,16,53,tv_campaign,1,23.9,1,0,8,0.522,0,0
C102713,DE,quarterly,8,56,tv_campaign,0,21.99,0,0,9,0.676,0,0
C102714,DE,quarterly,8,37,paid_search,1,21.99,1,0,7,0.54,0,0
C102715,CH,quarterly,4,47,referral,0,27.51,1,0,5,0.169,0,0
C102716,CH,monthly,5,40,paid_search,0,29.9,0,0,9,0.657,0,0
C102717,CH,monthly,4,72,paid_search,0,29.9,1,1,6,0.413,0,0
C102718,DE,monthly,13,40,referral,0,23.9,0,0,9,0.692,1,0
C102719,AT,quarterly,4,29,paid_search,1,22.91,1,0,7,0.611,0,0
C102720,DE,monthly,18,48,influencer,0,23.9,0,0,8,0.273,1,0
C102721,CH,quarterly,13,24,paid_search,0,27.51,2,2,6,0.385,0,1
C102722,DE,quarterly,26,32,paid_search,0,21.99,0,1,6,0.208,0,0
C102723,CH,monthly,3,44,influencer,1,29.9,0,0,5,0.523,0,1
C102724,DE,monthly,17,49,tv_campaign,0,23.9,0,0,8,0.629,0,0
C102725,DE,quarterly,14,61,paid_search,0,21.99,0,0,7,0.276,0,0
C102726,AT,monthly,18,51,tv_campaign,1,24.9,0,0,9,0.395,0,0
C102727,AT,monthly,4,34,influencer,1,24.9,0,0,8,0.13,0,0
C102728,AT,monthly,10,37,tv_campaign,1,24.9,0,0,7,0.167,1,0
C102729,DE,monthly,36,55,referral,0,23.9,0,0,9,0.694,0,0
C102730,CH,monthly,35,44,paid_search,0,29.9,0,0,7,0.701,1,0
C102731,AT,monthly,16,38,paid_search,0,24.9,0,0,9,0.448,0,0
C102732,DE,monthly,6,39,paid_search,0,23.9,1,0,7,0.613,0,0
C102733,DE,quarterly,15,51,paid_search,1,21.99,0,0,10,0.497,0,0
C102734,DE,monthly,9,46,paid_social,0,23.9,0,0,8,0.526,0,0
C102735,DE,monthly,26,35,paid_social,1,23.9,2,0,5,0.548,1,0
C102736,CH,monthly,4,29,tv_campaign,0,29.9,1,1,9,0.572,0,0
C102737,DE,monthly,1,59,paid_search,0,23.9,1,1,4,0.394,0,1
C102738,AT,quarterly,29,54,referral,0,22.91,2,0,7,0.832,0,1
C102739,DE,monthly,9,18,influencer,1,23.9,0,0,8,0.392,0,0
C102740,DE,monthly,18,23,paid_social,1,23.9,0,1,5,0.788,1,1
C102741,DE,monthly,8,39,paid_social,0,23.9,0,0,9,0.479,1,0
C102742,AT,quarterly,2,59,tv_campaign,0,22.91,0,0,8,0.409,1,1
C102743,CH,monthly,2,25,tv_campaign,0,29.9,2,1,7,0.317,1,0
C102744,AT,monthly,23,58,referral,0,24.9,0,0,9,0.263,0,0
C102745,DE,monthly,9,42,paid_social,1,23.9,1,1,5,0.267,0,0
C102746,AT,quarterly,22,30,tv_campaign,0,22.91,1,0,8,0.421,0,0
C102747,DE,monthly,11,24,referral,0,23.9,0,0,7,0.169,1,0
C102748,DE,monthly,4,48,influencer,0,23.9,2,0,7,0.463,0,0
C102749,DE,monthly,12,40,paid_social,1,23.9,0,1,8,0.73,0,1
C102750,AT,monthly,6,38,paid_social,0,24.9,0,0,7,0.372,0,0
C102751,CH,quarterly,10,49,paid_search,0,27.51,1,0,8,0.707,1,0
C102752,AT,monthly,9,66,referral,0,24.9,0,0,7,0.267,1,0
C102753,DE,quarterly,10,28,paid_search,0,21.99,0,0,9,0.731,0,0
C102754,DE,quarterly,4,44,paid_social,0,21.99,0,0,4,0.663,0,0
C102755,DE,monthly,3,35,influencer,1,23.9,1,0,7,0.044,0,1
C102756,DE,quarterly,22,37,tv_campaign,0,21.99,0,0,7,0.429,0,0
C102757,DE,quarterly,11,39,referral,1,21.99,0,0,9,0.351,0,0
C102758,AT,quarterly,9,18,tv_campaign,0,22.91,0,0,8,0.696,0,0
C102759,DE,monthly,10,30,influencer,0,23.9,0,0,7,0.606,0,0
C102760,AT,monthly,9,46,tv_campaign,0,24.9,1,0,6,0.65,0,0
C102761,DE,quarterly,4,19,influencer,1,21.99,0,0,7,0.163,0,1
C102762,AT,monthly,6,26,tv_campaign,0,24.9,1,1,7,0.5,0,0
C102763,DE,quarterly,16,48,paid_social,1,21.99,1,0,6,0.708,0,0
C102764,CH,monthly,22,56,influencer,1,29.9,0,0,8,0.56,0,0
C102765,DE,quarterly,13,18,influencer,0,21.99,0,0,5,0.321,1,1
C102766,DE,quarterly,4,57,paid_search,0,21.99,0,0,4,0.104,0,0
C102767,CH,monthly,9,21,paid_social,0,29.9,2,1,5,0.428,0,1
C102768,DE,quarterly,7,44,referral,0,21.99,2,1,7,0.35,0,0
C102769,DE,monthly,8,41,paid_search,0,23.9,0,0,8,0.737,0,0
C102770,DE,monthly,2,29,paid_search,1,23.9,0,0,8,0.265,1,0
C102771,DE,monthly,2,48,paid_social,0,23.9,2,0,7,0.407,1,0
C102772,AT,monthly,41,26,referral,0,24.9,1,1,6,0.408,1,0
C102773,DE,quarterly,1,44,paid_search,1,21.99,0,0,10,0.49,0,0
C102774,DE,quarterly,16,44,paid_social,1,21.99,1,1,7,0.461,0,0
C102775,DE,quarterly,10,35,paid_social,1,21.99,2,1,5,0.481,0,0
C102776,CH,monthly,1,31,tv_campaign,0,29.9,1,2,7,0.153,0,1
C102777,DE,monthly,16,34,paid_search,0,23.9,1,1,6,0.495,0,0
C102778,DE,monthly,13,26,paid_search,1,23.9,1,1,7,0.54,0,1
C102779,CH,quarterly,11,24,paid_social,1,27.51,3,1,7,0.675,1,0
C102780,DE,quarterly,13,48,paid_social,1,21.99,0,0,9,0.559,1,0
C102781,DE,quarterly,8,36,paid_search,0,21.99,0,0,8,0.742,1,0
C102782,AT,monthly,11,38,referral,0,24.9,1,0,9,0.42,0,1
C102783,DE,quarterly,16,48,paid_search,0,21.99,1,0,9,0.922,1,0
C102784,AT,quarterly,6,38,tv_campaign,0,22.91,0,0,6,0.713,0,0
C102785,AT,quarterly,4,18,paid_social,0,22.91,0,0,7,0.562,0,0
C102786,DE,monthly,6,56,influencer,1,23.9,0,0,8,0.396,1,1
C102787,AT,quarterly,10,24,paid_social,1,22.91,1,1,7,0.273,0,0
C102788,CH,quarterly,31,39,referral,0,27.51,3,0,7,0.265,0,0
C102789,CH,quarterly,10,53,referral,0,27.51,1,0,8,0.571,1,0
C102790,AT,monthly,10,45,paid_search,0,24.9,0,0,8,0.8,1,0
C102791,DE,monthly,20,43,influencer,1,23.9,1,0,10,0.46,0,0
C102792,CH,monthly,11,41,tv_campaign,0,29.9,4,0,4,0.449,1,1
C102793,DE,monthly,8,25,paid_search,0,23.9,0,0,6,0.474,1,0
C102794,AT,monthly,6,34,referral,1,24.9,0,0,8,0.343,1,0
C102795,AT,monthly,3,31,paid_social,0,24.9,0,0,10,0.127,0,0
C102796,DE,quarterly,1,45,influencer,1,21.99,2,1,8,0.183,1,1
C102797,CH,monthly,14,27,paid_search,0,29.9,0,1,9,0.432,0,0
C102798,DE,quarterly,6,31,influencer,1,21.99,0,0,9,0.355,1,0
C102799,DE,monthly,9,41,paid_search,0,23.9,0,0,6,0.165,0,0
C102800,DE,monthly,7,37,paid_social,1,23.9,0,0,7,0.13,0,0
C102801,DE,monthly,18,68,paid_search,1,23.9,2,0,6,0.84,0,0
C102802,DE,monthly,3,31,paid_social,1,23.9,0,0,9,0.664,0,0
C102803,DE,monthly,5,47,paid_search,1,23.9,0,1,9,0.47,1,0
C102804,DE,quarterly,13,56,influencer,1,21.99,0,1,6,0.558,0,0
C102805,AT,monthly,7,49,paid_search,1,24.9,0,1,10,0.198,1,0
C102806,AT,monthly,5,26,tv_campaign,0,24.9,0,0,7,0.866,0,0
C102807,DE,quarterly,11,26,paid_search,0,21.99,0,0,8,0.286,1,0
C102808,DE,monthly,19,38,paid_social,1,23.9,0,0,8,0.49,1,0
C102809,AT,monthly,5,48,influencer,0,24.9,0,0,10,0.288,1,0
C102810,DE,monthly,18,46,referral,0,23.9,0,0,7,0.186,1,0
C102811,DE,monthly,2,33,influencer,1,23.9,0,0,9,0.361,1,0
C102812,CH,monthly,1,36,paid_social,1,29.9,1,0,8,0.448,1,0
C102813,DE,monthly,8,48,influencer,1,23.9,0,0,8,0.589,0,0
C102814,DE,quarterly,2,21,paid_social,1,21.99,1,0,6,0.242,1,1
C102815,CH,monthly,13,31,influencer,1,29.9,0,0,9,0.751,0,0
C102816,AT,monthly,10,54,paid_search,0,24.9,0,0,9,0.316,1,0
C102817,CH,quarterly,16,50,paid_social,0,27.51,0,0,8,0.54,0,0
C102818,DE,monthly,20,44,tv_campaign,0,23.9,0,0,9,0.521,0,0
C102819,CH,quarterly,15,49,referral,0,27.51,3,1,5,0.166,1,0
C102820,CH,monthly,4,58,paid_search,1,29.9,0,0,9,0.663,0,0
C102821,DE,monthly,11,42,paid_social,1,23.9,0,0,9,0.824,0,0
C102822,DE,quarterly,13,33,paid_social,1,21.99,0,0,7,0.424,0,0
C102823,DE,quarterly,11,27,paid_social,0,21.99,0,0,9,0.68,1,0
C102824,DE,quarterly,4,57,paid_search,0,21.99,1,0,9,0.253,1,0
C102825,AT,quarterly,18,39,tv_campaign,0,22.91,3,1,5,0.504,1,0
C102826,AT,monthly,18,56,paid_social,1,24.9,0,0,4,0.248,0,0
C102827,CH,monthly,4,41,paid_social,0,29.9,1,0,8,0.563,0,0
C102828,DE,monthly,6,45,paid_search,0,23.9,0,0,6,0.667,0,0
C102829,DE,monthly,4,60,paid_social,1,23.9,1,0,5,0.204,0,1
C102830,AT,monthly,4,35,paid_social,0,24.9,0,0,8,0.7,0,0
C102831,DE,monthly,8,33,tv_campaign,0,23.9,0,2,3,0.33,0,1
C102832,CH,monthly,7,32,paid_search,0,29.9,0,0,8,0.285,0,0
C102833,DE,quarterly,20,23,influencer,1,21.99,0,0,10,0.554,0,0
C102834,DE,monthly,13,37,paid_search,1,23.9,1,1,6,0.378,1,0
C102835,CH,monthly,41,41,paid_social,0,29.9,0,0,9,0.358,0,0
C102836,DE,monthly,6,58,tv_campaign,1,23.9,1,1,7,0.14,0,0
C102837,CH,quarterly,6,43,paid_search,1,27.51,2,1,5,0.553,0,1
C102838,DE,quarterly,8,36,tv_campaign,0,21.99,3,1,7,0.323,0,0
C102839,DE,monthly,15,68,referral,0,23.9,1,1,9,0.469,1,0
C102840,DE,quarterly,6,63,tv_campaign,1,21.99,0,0,10,0.826,0,0
C102841,AT,monthly,26,34,paid_search,1,24.9,1,0,7,0.578,0,0
C102842,DE,quarterly,8,18,paid_social,1,21.99,2,0,5,0.624,0,0
C102843,CH,quarterly,7,35,tv_campaign,1,27.51,1,0,8,0.705,1,0
C102844,AT,monthly,3,62,tv_campaign,1,24.9,0,0,7,0.55,1,0
C102845,DE,quarterly,12,40,referral,0,21.99,0,0,8,0.445,0,0
C102846,DE,monthly,3,33,paid_search,0,23.9,0,0,8,0.372,1,0
C102847,AT,quarterly,7,31,referral,0,22.91,1,1,5,0.265,1,0
C102848,DE,quarterly,1,18,paid_search,0,21.99,1,0,10,0.458,0,0
C102849,DE,quarterly,20,22,paid_search,1,21.99,0,0,8,0.56,1,0
C102850,DE,quarterly,40,30,tv_campaign,0,21.99,0,0,8,0.854,0,0
C102851,DE,quarterly,33,45,paid_search,0,21.99,1,0,6,0.409,0,1
C102852,DE,quarterly,8,32,paid_social,1,21.99,0,0,8,0.061,0,0
C102853,DE,quarterly,18,34,paid_social,0,21.99,0,1,8,0.418,0,1
C102854,DE,quarterly,18,40,paid_search,0,21.99,0,0,7,0.936,0,0
C102855,CH,quarterly,2,51,paid_search,0,27.51,2,1,5,0.387,0,1
C102856,CH,quarterly,7,73,referral,0,27.51,1,0,9,0.48,0,0
C102857,AT,monthly,16,46,paid_social,0,24.9,0,0,9,0.414,0,0
C102858,DE,monthly,10,52,tv_campaign,0,23.9,0,1,9,0.501,0,0
C102859,DE,monthly,15,74,paid_social,0,23.9,1,0,10,0.501,0,0
C102860,DE,quarterly,7,35,paid_social,0,21.99,0,1,9,0.32,1,1
C102861,DE,monthly,9,27,tv_campaign,0,23.9,3,0,6,0.453,1,1
C102862,DE,monthly,14,54,paid_search,0,23.9,1,0,6,0.832,0,0
C102863,AT,monthly,25,25,referral,0,24.9,0,0,8,0.784,0,0
C102864,DE,monthly,28,40,paid_search,0,23.9,1,0,8,0.509,0,0
C102865,DE,monthly,10,53,paid_search,0,23.9,3,1,8,0.677,0,0
C102866,DE,quarterly,12,43,tv_campaign,0,21.99,1,0,8,0.105,0,0
C102867,CH,monthly,3,33,paid_social,0,29.9,0,0,9,0.431,0,0
C102868,CH,monthly,12,55,paid_search,1,29.9,1,0,7,0.769,0,0
C102869,DE,monthly,16,63,paid_search,0,23.9,1,2,6,0.516,0,1
C102870,CH,monthly,2,41,influencer,1,29.9,1,1,6,0.758,0,1
C102871,DE,quarterly,4,27,referral,1,21.99,0,0,8,0.301,0,0
C102872,DE,quarterly,16,29,tv_campaign,0,21.99,0,0,6,0.613,0,0
C102873,DE,quarterly,5,28,referral,1,21.99,0,0,8,0.569,1,0
C102874,DE,quarterly,8,56,paid_social,0,21.99,0,0,9,0.525,0,0
C102875,AT,monthly,7,29,paid_search,0,24.9,0,0,9,0.381,1,1
C102876,DE,monthly,17,54,tv_campaign,0,23.9,0,1,7,0.466,0,0
C102877,DE,quarterly,27,18,paid_social,1,21.99,0,1,7,0.284,0,0
C102878,DE,quarterly,4,40,paid_search,1,21.99,0,0,7,0.191,1,0
C102879,DE,quarterly,7,29,influencer,1,21.99,0,0,9,0.393,0,1
C102880,DE,quarterly,9,31,paid_search,0,21.99,0,0,9,0.581,0,1
C102881,DE,monthly,5,53,referral,0,23.9,1,1,7,0.437,1,0
C102882,AT,quarterly,20,29,influencer,0,22.91,0,0,8,0.653,1,0
C102883,CH,monthly,4,52,paid_search,1,29.9,1,0,8,0.758,1,0
C102884,DE,monthly,18,44,referral,0,23.9,0,0,7,0.248,0,0
C102885,DE,monthly,8,48,paid_social,0,23.9,0,0,9,0.109,0,1
C102886,AT,monthly,16,42,paid_search,0,24.9,0,0,8,0.487,1,0
C102887,CH,monthly,12,42,paid_social,0,29.9,1,0,6,0.255,0,0
C102888,DE,monthly,6,50,paid_search,1,23.9,0,0,9,0.457,0,0
C102889,DE,monthly,10,33,paid_search,1,23.9,0,0,9,0.3,1,0
C102890,CH,quarterly,7,49,referral,0,27.51,3,0,3,0.268,0,1
C102891,DE,quarterly,7,33,paid_search,1,21.99,0,0,9,0.473,1,1
C102892,DE,monthly,2,45,influencer,1,23.9,1,0,7,0.418,1,1
C102893,DE,monthly,13,42,paid_search,1,23.9,0,1,7,0.744,0,0
C102894,DE,monthly,6,49,referral,0,23.9,0,0,10,0.164,0,0
C102895,DE,monthly,3,51,tv_campaign,0,23.9,0,0,6,0.626,0,0
C102896,AT,quarterly,3,48,influencer,1,22.91,1,1,8,0.28,0,0
C102897,DE,monthly,24,38,paid_social,1,23.9,1,0,7,0.387,1,0
C102898,AT,quarterly,6,48,paid_search,0,22.91,1,1,5,0.242,0,1
C102899,DE,monthly,16,39,referral,1,23.9,0,0,7,0.625,0,0
C102900,DE,monthly,11,34,tv_campaign,0,23.9,0,0,6,0.274,1,0
C102901,CH,quarterly,23,45,paid_search,0,27.51,0,0,7,0.387,1,0
C102902,CH,monthly,44,48,influencer,0,29.9,1,0,7,0.21,0,1
C102903,AT,monthly,12,34,paid_search,1,24.9,0,0,10,0.37,0,0
C102904,CH,monthly,18,41,referral,1,29.9,0,0,8,0.431,0,0
C102905,DE,monthly,23,47,tv_campaign,0,23.9,1,0,8,0.578,1,0
C102906,AT,monthly,11,37,paid_social,0,24.9,0,0,9,0.414,0,0
C102907,AT,monthly,6,47,paid_search,0,24.9,0,0,8,0.531,1,0
C102908,DE,quarterly,11,57,paid_social,1,21.99,1,0,7,0.518,0,0
C102909,DE,monthly,2,53,paid_search,1,23.9,0,0,10,0.396,0,0
C102910,AT,monthly,10,55,tv_campaign,1,24.9,0,0,8,0.819,0,0
C102911,DE,monthly,14,33,paid_social,1,23.9,0,0,9,0.764,1,0
C102912,DE,quarterly,16,19,paid_search,1,21.99,1,0,8,0.88,0,0
C102913,DE,monthly,20,46,tv_campaign,0,23.9,2,1,6,0.499,1,0
C102914,DE,monthly,4,67,tv_campaign,1,23.9,1,1,6,0.308,1,0
C102915,DE,monthly,10,49,referral,0,23.9,0,0,8,0.677,0,0
C102916,DE,monthly,9,35,paid_social,1,23.9,0,1,8,0.86,1,0
C102917,AT,quarterly,15,45,referral,1,22.91,0,0,9,0.667,0,0
C102918,AT,quarterly,21,57,paid_search,0,22.91,0,0,10,0.752,0,0
C102919,CH,monthly,9,20,paid_search,0,29.9,0,0,9,0.46,0,0
C102920,DE,quarterly,19,19,tv_campaign,0,21.99,0,0,7,0.956,1,0
C102921,AT,monthly,3,64,tv_campaign,1,24.9,0,0,9,0.846,0,0
C102922,DE,monthly,16,59,tv_campaign,0,23.9,0,0,8,0.375,1,0
C102923,DE,quarterly,2,57,referral,0,21.99,1,0,8,0.476,0,1
C102924,DE,monthly,5,54,paid_search,0,23.9,0,1,9,0.291,1,0
C102925,DE,quarterly,14,21,paid_search,1,21.99,2,2,5,0.7,0,0
C102926,DE,quarterly,4,32,paid_social,0,21.99,0,0,6,0.313,0,1
C102927,DE,quarterly,8,18,referral,0,21.99,1,1,5,0.239,1,0
C102928,DE,monthly,20,42,paid_social,0,23.9,0,0,8,0.412,0,0
C102929,DE,monthly,6,39,paid_search,0,23.9,0,0,9,0.185,1,0
C102930,DE,monthly,30,54,tv_campaign,0,23.9,0,0,4,0.541,1,0
C102931,AT,monthly,11,28,influencer,0,24.9,1,0,8,0.698,1,0
C102932,DE,monthly,6,35,influencer,0,23.9,0,0,7,0.082,1,0
C102933,CH,monthly,20,20,influencer,1,29.9,1,0,8,0.625,1,0
C102934,DE,quarterly,4,26,paid_search,0,21.99,1,1,6,0.603,0,1
C102935,DE,quarterly,18,46,referral,0,21.99,0,0,8,0.504,0,0
C102936,DE,monthly,10,46,paid_social,0,23.9,0,1,7,0.656,0,1
C102937,AT,monthly,11,28,influencer,0,24.9,0,0,8,0.642,1,1
C102938,DE,quarterly,18,38,paid_social,0,21.99,1,1,8,0.441,0,0
C102939,DE,quarterly,10,60,paid_search,0,21.99,0,0,8,0.795,0,0
C102940,DE,monthly,17,31,paid_search,0,23.9,0,0,7,0.397,0,0
C102941,DE,monthly,5,18,tv_campaign,0,23.9,2,0,5,0.622,0,0
C102942,DE,quarterly,6,29,influencer,1,21.99,2,0,8,0.418,1,0
C102943,CH,monthly,16,32,paid_social,1,29.9,0,0,7,0.272,0,0
C102944,CH,monthly,5,47,paid_search,0,29.9,0,0,9,0.235,0,1
C102945,AT,monthly,4,61,paid_search,1,24.9,0,0,9,0.219,0,1
C102946,DE,quarterly,38,31,tv_campaign,0,21.99,0,0,8,0.51,0,0
C102947,DE,monthly,3,49,paid_search,0,23.9,0,0,8,0.699,1,1
C102948,DE,monthly,1,65,influencer,0,23.9,0,0,8,0.378,0,0
C102949,DE,monthly,14,34,paid_search,0,23.9,0,0,7,0.46,0,0
C102950,CH,monthly,4,41,paid_social,1,29.9,1,0,8,0.353,1,0
C102951,AT,monthly,8,18,tv_campaign,0,24.9,0,1,8,0.527,0,0
C102952,DE,quarterly,23,63,tv_campaign,0,21.99,0,0,10,0.313,0,0
C102953,DE,monthly,27,30,paid_search,1,23.9,0,0,10,0.759,0,0
C102954,DE,monthly,9,57,influencer,1,23.9,0,0,7,0.377,0,0
C102955,CH,monthly,9,43,paid_search,0,29.9,0,0,9,0.717,1,0
C102956,CH,monthly,9,47,referral,0,29.9,0,0,9,0.444,0,0
C102957,DE,monthly,12,35,paid_social,1,23.9,1,0,8,0.42,0,1
C102958,DE,monthly,14,30,paid_search,0,23.9,0,0,6,0.343,1,0
C102959,DE,monthly,3,38,influencer,0,23.9,1,0,7,0.618,0,0
C102960,DE,monthly,14,53,tv_campaign,0,23.9,0,0,7,0.376,0,0
C102961,DE,quarterly,27,43,influencer,0,21.99,0,0,7,0.265,0,0
C102962,AT,quarterly,8,28,referral,1,22.91,1,1,8,0.61,1,0
C102963,DE,quarterly,11,57,tv_campaign,1,21.99,1,0,8,0.508,1,0
C102964,DE,monthly,3,51,influencer,0,23.9,1,0,5,0.42,0,1
C102965,AT,monthly,25,47,paid_search,0,24.9,2,1,6,0.605,0,0
C102966,DE,quarterly,13,37,paid_social,0,21.99,0,0,8,0.204,0,0
C102967,DE,monthly,22,53,tv_campaign,0,23.9,1,1,7,0.613,0,0
C102968,AT,monthly,6,44,paid_search,0,24.9,0,0,7,0.586,1,0
C102969,DE,monthly,16,36,tv_campaign,0,23.9,1,2,5,0.503,1,0
C102970,DE,quarterly,4,28,paid_social,0,21.99,0,0,7,0.315,0,0
C102971,DE,monthly,7,46,paid_search,1,23.9,1,0,10,0.2,0,0
C102972,DE,monthly,25,53,paid_search,0,23.9,0,0,7,0.664,0,0
C102973,DE,monthly,10,47,tv_campaign,0,23.9,1,0,8,0.175,0,0
C102974,CH,monthly,18,43,paid_search,1,29.9,1,0,6,0.338,0,0
C102975,DE,monthly,3,36,tv_campaign,0,23.9,0,0,9,0.22,0,1
C102976,DE,monthly,5,73,paid_social,0,23.9,2,1,6,0.454,0,1
C102977,DE,monthly,22,39,influencer,1,23.9,1,0,8,0.255,0,0
C102978,AT,quarterly,6,39,paid_search,1,22.91,0,0,8,0.921,0,0
C102979,DE,quarterly,1,43,paid_search,0,21.99,0,0,9,0.167,0,0
C102980,CH,quarterly,6,44,tv_campaign,1,27.51,2,2,6,0.491,0,0
C102981,AT,monthly,19,40,influencer,1,24.9,0,0,9,0.464,0,0
C102982,DE,monthly,5,35,paid_search,0,23.9,1,0,6,0.378,0,1
C102983,CH,quarterly,9,55,influencer,1,27.51,1,0,6,0.393,1,1
C102984,DE,monthly,16,22,paid_search,1,23.9,2,0,7,0.579,0,0
C102985,AT,monthly,3,30,referral,0,24.9,1,0,8,0.763,0,0
C102986,AT,quarterly,6,27,tv_campaign,0,22.91,0,0,7,0.201,1,0
C102987,CH,quarterly,5,30,paid_search,1,27.51,3,0,7,0.348,1,0
C102988,DE,monthly,7,43,paid_search,0,23.9,0,1,7,0.449,0,0
C102989,DE,monthly,5,37,tv_campaign,0,23.9,0,0,7,0.42,0,0
C102990,AT,monthly,16,39,influencer,0,24.9,0,0,6,0.674,1,0
C102991,DE,monthly,23,25,paid_social,0,23.9,0,0,9,0.268,0,0
C102992,DE,monthly,11,33,referral,0,23.9,0,0,7,0.115,1,1
C102993,DE,monthly,10,55,influencer,0,23.9,0,1,7,0.559,0,0
C102994,DE,quarterly,6,44,referral,0,21.99,3,1,7,0.637,0,1
C102995,CH,monthly,11,41,paid_search,0,29.9,1,0,7,0.383,0,1
C102996,DE,monthly,18,37,referral,1,23.9,1,0,8,0.42,0,0
C102997,DE,monthly,17,43,influencer,1,23.9,0,0,7,0.397,0,0
C102998,DE,monthly,5,52,paid_search,0,23.9,0,0,6,0.517,1,0
C102999,AT,monthly,6,24,paid_search,0,24.9,0,1,6,0.425,1,0
C103000,DE,monthly,18,35,referral,0,23.9,1,0,7,0.463,0,0
C103001,AT,quarterly,10,26,tv_campaign,1,22.91,0,0,8,0.095,0,0
C103002,DE,monthly,16,30,tv_campaign,1,23.9,0,0,9,0.269,0,1
C103003,DE,monthly,13,35,influencer,1,23.9,0,1,6,0.706,1,0
C103004,DE,monthly,20,59,tv_campaign,1,23.9,1,0,6,0.49,1,0
C103005,DE,monthly,24,50,referral,1,23.9,1,0,7,0.436,0,0
C103006,CH,quarterly,17,26,paid_search,0,27.51,0,0,6,0.196,0,0
C103007,AT,monthly,7,42,paid_social,1,24.9,0,0,10,0.612,1,0
C103008,CH,monthly,24,36,paid_search,0,29.9,0,0,8,0.354,0,0
C103009,AT,monthly,12,38,paid_social,0,24.9,0,0,7,0.573,0,0
C103010,CH,quarterly,32,36,paid_social,1,27.51,1,2,7,0.662,1,0
C103011,DE,quarterly,4,48,paid_search,0,21.99,1,2,6,0.52,1,0
C103012,DE,quarterly,6,30,paid_social,1,21.99,0,0,7,0.483,1,0
C103013,DE,monthly,12,47,paid_search,0,23.9,0,0,9,0.435,0,0
C103014,AT,monthly,13,51,influencer,0,24.9,1,0,9,0.283,0,0
C103015,AT,quarterly,7,40,paid_search,0,22.91,0,1,7,0.258,0,0
C103016,DE,monthly,1,44,influencer,1,23.9,1,0,10,0.564,0,1
C103017,DE,monthly,11,46,referral,0,23.9,2,1,6,0.327,0,0
C103018,CH,quarterly,6,22,paid_search,0,27.51,0,0,8,0.743,1,0
C103019,DE,quarterly,4,38,paid_search,0,21.99,1,2,5,0.114,1,1
C103020,DE,monthly,7,44,tv_campaign,1,23.9,1,1,6,0.284,0,1
C103021,DE,monthly,48,44,paid_search,0,23.9,2,0,7,0.454,0,0
C103022,DE,monthly,5,56,paid_search,1,23.9,0,2,6,0.705,0,0
C103023,DE,monthly,4,53,tv_campaign,1,23.9,0,0,7,0.27,0,1
C103024,DE,quarterly,24,41,tv_campaign,0,21.99,2,0,6,0.446,1,0
C103025,AT,monthly,18,34,paid_search,0,24.9,0,0,9,0.427,0,0
C103026,DE,monthly,8,27,referral,1,23.9,0,0,8,0.265,1,0
C103027,DE,quarterly,22,59,paid_search,1,21.99,1,1,7,0.644,0,0
C103028,DE,quarterly,14,33,paid_search,1,21.99,0,0,7,0.53,0,1
C103029,DE,monthly,4,18,referral,0,23.9,2,0,7,0.734,0,0
C103030,DE,monthly,23,64,paid_search,1,23.9,0,0,9,0.694,1,0
C103031,DE,quarterly,27,41,tv_campaign,0,21.99,0,0,7,0.55,1,0
C103032,DE,monthly,13,62,tv_campaign,0,23.9,1,2,6,0.277,0,0
C103033,DE,monthly,6,20,influencer,1,23.9,2,1,5,0.115,1,1
C103034,AT,monthly,13,50,influencer,1,24.9,1,0,6,0.343,1,0
C103035,DE,monthly,48,34,paid_search,0,23.9,0,1,6,0.307,0,0
C103036,DE,monthly,6,33,paid_search,1,23.9,1,0,5,0.716,0,0
C103037,AT,quarterly,9,36,referral,1,22.91,1,1,8,0.369,1,0
C103038,DE,monthly,30,40,paid_social,1,23.9,3,1,7,0.404,1,1
C103039,CH,monthly,11,67,paid_social,0,29.9,0,0,10,0.541,1,0
C103040,DE,quarterly,16,40,paid_social,0,21.99,0,1,6,0.297,1,0
C103041,DE,monthly,23,22,paid_social,0,23.9,0,0,6,0.225,0,1
C103042,CH,monthly,2,25,referral,0,29.9,1,0,9,0.247,0,0
C103043,CH,monthly,14,32,paid_social,1,29.9,0,0,8,0.548,0,1
C103044,DE,monthly,9,44,paid_social,1,23.9,1,1,6,0.804,1,0
C103045,AT,monthly,3,41,referral,0,24.9,0,0,7,0.49,0,0
C103046,CH,monthly,14,35,paid_social,1,29.9,0,0,7,0.422,1,0
C103047,CH,quarterly,7,45,influencer,1,27.51,0,1,7,0.181,0,1
C103048,AT,monthly,5,19,paid_search,0,24.9,0,0,9,0.348,0,1
C103049,CH,quarterly,3,29,paid_search,0,27.51,0,0,7,0.631,1,0
C103050,DE,monthly,3,24,tv_campaign,1,23.9,0,0,10,0.562,0,0
C103051,AT,monthly,9,58,paid_search,1,24.9,0,0,8,0.333,1,0
C103052,DE,quarterly,29,49,tv_campaign,0,21.99,2,1,5,0.631,0,0
C103053,DE,quarterly,18,41,influencer,1,21.99,0,0,7,0.408,0,0
C103054,DE,monthly,21,33,paid_search,0,23.9,0,0,7,0.709,1,0
C103055,AT,quarterly,13,41,tv_campaign,1,22.91,1,2,6,0.802,0,0
C103056,DE,quarterly,15,38,paid_search,0,21.99,1,0,7,0.756,0,0
C103057,DE,monthly,17,32,tv_campaign,1,23.9,0,0,7,0.427,0,0
C103058,CH,monthly,18,40,referral,1,29.9,1,1,6,0.684,1,0
C103059,DE,quarterly,4,51,influencer,0,21.99,0,0,9,0.714,0,0
C103060,AT,monthly,6,63,paid_social,0,24.9,1,0,9,0.333,1,0
C103061,DE,monthly,10,45,influencer,1,23.9,0,0,8,0.671,1,1
C103062,DE,monthly,11,54,paid_search,0,23.9,0,0,10,0.682,1,0
C103063,DE,monthly,47,42,paid_social,1,23.9,0,0,9,0.724,0,0
C103064,DE,quarterly,4,62,paid_search,0,21.99,0,0,8,0.687,0,0
C103065,DE,monthly,7,48,tv_campaign,0,23.9,0,0,8,0.366,0,0
C103066,CH,monthly,17,57,paid_search,0,29.9,1,1,6,0.53,0,1
C103067,DE,quarterly,5,46,paid_social,0,21.99,0,2,6,0.36,0,0
C103068,DE,monthly,19,70,referral,0,23.9,0,0,8,0.309,0,0
C103069,DE,monthly,11,36,paid_social,0,23.9,2,0,7,0.853,1,1
C103070,DE,quarterly,15,55,paid_social,1,21.99,0,1,8,0.52,0,0
C103071,AT,monthly,17,51,influencer,0,24.9,0,1,6,0.577,1,0
C103072,DE,monthly,9,42,tv_campaign,1,23.9,0,0,8,0.843,0,0
C103073,CH,quarterly,16,43,paid_search,0,27.51,0,1,8,0.384,1,0
C103074,DE,monthly,2,49,paid_social,0,23.9,0,0,8,0.413,0,0
C103075,AT,monthly,12,21,paid_search,1,24.9,1,0,8,0.38,1,0
C103076,AT,monthly,7,29,paid_social,1,24.9,1,2,6,0.354,1,1
C103077,CH,monthly,7,46,paid_social,0,29.9,1,0,8,0.42,0,1
C103078,AT,monthly,7,31,tv_campaign,1,24.9,0,0,8,0.434,1,0
C103079,AT,quarterly,12,46,tv_campaign,0,22.91,0,0,7,0.567,1,0
C103080,AT,monthly,10,47,paid_social,1,24.9,0,0,10,0.335,0,0
C103081,DE,quarterly,4,29,paid_social,1,21.99,1,1,4,0.377,0,1
C103082,DE,monthly,13,38,paid_social,1,23.9,1,0,8,0.187,0,1
C103083,DE,quarterly,22,45,referral,0,21.99,0,0,6,0.447,0,0
C103084,DE,monthly,11,53,paid_search,0,23.9,0,0,9,0.853,1,0
C103085,DE,quarterly,12,32,referral,0,21.99,0,0,9,0.424,0,0
C103086,AT,monthly,8,24,paid_social,1,24.9,1,2,6,0.324,0,1
C103087,DE,monthly,11,21,referral,0,23.9,2,0,7,0.297,1,1
C103088,AT,quarterly,8,52,paid_search,1,22.91,0,0,8,0.655,0,0
C103089,DE,quarterly,8,49,tv_campaign,0,21.99,1,0,10,0.381,0,0
C103090,AT,quarterly,5,41,referral,1,22.91,1,1,5,0.44,0,0
C103091,DE,monthly,6,44,paid_search,0,23.9,0,0,8,0.308,0,0
C103092,DE,monthly,10,27,paid_social,0,23.9,1,0,6,0.529,0,0
C103093,DE,quarterly,20,53,paid_search,1,21.99,2,1,5,0.71,0,0
C103094,DE,quarterly,10,62,tv_campaign,0,21.99,0,1,8,0.696,0,0
C103095,CH,monthly,11,31,paid_social,1,29.9,1,0,7,0.34,0,1
C103096,AT,quarterly,26,47,influencer,1,22.91,1,1,7,0.74,0,0
C103097,DE,monthly,8,48,paid_social,0,23.9,0,0,8,0.861,0,0
C103098,AT,monthly,3,53,paid_social,1,24.9,0,0,6,0.71,0,0
C103099,DE,monthly,12,44,referral,0,23.9,0,0,8,0.634,1,0
C103100,DE,monthly,17,44,paid_social,1,23.9,0,0,6,0.355,0,1
C103101,DE,quarterly,12,18,referral,0,21.99,0,0,8,0.183,0,0
C103102,DE,monthly,9,39,paid_search,1,23.9,0,0,8,0.415,0,0
C103103,DE,monthly,9,55,influencer,1,23.9,1,0,6,0.869,0,0
C103104,DE,monthly,13,59,paid_search,1,23.9,1,0,8,0.447,0,1
C103105,CH,monthly,14,32,referral,0,29.9,2,1,7,0.439,0,0
C103106,AT,monthly,12,27,tv_campaign,0,24.9,1,0,5,0.324,0,1
C103107,DE,monthly,14,40,paid_search,0,23.9,0,0,7,0.612,0,0
C103108,DE,monthly,3,59,paid_search,0,23.9,0,0,8,0.493,0,0
C103109,DE,monthly,27,18,referral,0,23.9,0,0,7,0.161,1,0
C103110,DE,monthly,5,38,influencer,0,23.9,0,1,10,0.355,0,1
C103111,AT,monthly,10,54,referral,1,24.9,0,0,8,0.451,0,0
C103112,DE,quarterly,19,28,paid_social,0,21.99,1,1,7,0.25,0,0
C103113,DE,quarterly,11,38,paid_social,1,21.99,1,0,8,0.447,1,0
C103114,DE,quarterly,12,27,paid_search,0,21.99,1,1,8,0.745,1,0
C103115,DE,monthly,9,66,paid_social,1,23.9,0,1,9,0.654,0,1
C103116,DE,quarterly,15,33,tv_campaign,0,21.99,1,1,5,0.515,1,0
C103117,AT,quarterly,18,66,paid_social,1,22.91,1,0,6,0.729,0,0
C103118,DE,quarterly,1,24,tv_campaign,0,21.99,0,0,8,0.301,0,0
C103119,DE,monthly,2,48,paid_search,0,23.9,0,1,6,0.487,0,1
C103120,DE,quarterly,7,44,tv_campaign,0,21.99,1,0,8,0.558,0,1
C103121,CH,monthly,16,45,paid_search,0,29.9,1,1,8,0.202,0,1
C103122,DE,monthly,11,55,tv_campaign,0,23.9,0,0,5,0.588,0,0
C103123,AT,quarterly,8,34,paid_social,1,22.91,0,0,6,0.605,0,1
C103124,DE,monthly,24,42,paid_social,0,23.9,1,2,6,0.366,0,1
C103125,DE,monthly,25,40,paid_social,0,23.9,0,2,6,0.335,0,1
C103126,DE,quarterly,23,43,paid_search,0,21.99,1,0,6,0.445,0,0
C103127,AT,quarterly,16,59,referral,0,22.91,1,0,9,0.559,0,0
C103128,DE,monthly,2,45,paid_social,0,23.9,1,1,8,0.581,0,0
C103129,CH,monthly,5,36,paid_social,1,29.9,0,0,8,0.423,0,1
C103130,DE,monthly,18,55,influencer,1,23.9,0,0,6,0.467,0,0
C103131,DE,monthly,4,53,paid_search,0,23.9,0,0,8,0.252,1,0
C103132,CH,monthly,10,55,influencer,1,29.9,2,0,6,0.28,1,1
C103133,AT,monthly,12,48,influencer,1,24.9,1,1,4,0.537,1,1
C103134,DE,monthly,6,46,paid_search,1,23.9,1,0,9,0.43,0,0
C103135,DE,monthly,28,36,paid_social,1,23.9,1,1,9,0.353,1,0
C103136,DE,quarterly,16,63,referral,0,21.99,0,1,6,0.42,0,0
C103137,AT,monthly,15,38,paid_search,0,24.9,1,0,4,0.396,0,1
C103138,AT,monthly,7,45,tv_campaign,1,24.9,1,0,6,0.245,0,1
C103139,DE,monthly,8,31,paid_social,1,23.9,0,0,7,0.52,1,0
C103140,CH,quarterly,5,46,paid_search,0,27.51,0,0,6,0.577,0,0
C103141,CH,quarterly,13,52,referral,1,27.51,0,0,8,0.223,0,0
C103142,AT,monthly,16,39,influencer,0,24.9,1,1,8,0.533,0,1
C103143,CH,monthly,1,46,paid_social,0,29.9,1,1,7,0.405,0,1
C103144,DE,monthly,13,34,tv_campaign,0,23.9,0,0,6,0.147,0,1
C103145,CH,monthly,13,41,paid_search,0,29.9,0,0,8,0.414,0,0
C103146,AT,monthly,3,32,tv_campaign,1,24.9,0,0,5,0.525,0,1
C103147,DE,quarterly,4,50,paid_social,1,21.99,4,0,8,0.654,0,0
C103148,AT,monthly,13,39,paid_social,1,24.9,1,0,8,0.77,0,1
C103149,DE,monthly,12,56,paid_search,0,23.9,1,0,8,0.633,0,1
C103150,DE,quarterly,7,34,tv_campaign,0,21.99,1,0,8,0.397,0,0
C103151,DE,quarterly,9,43,paid_search,0,21.99,0,1,7,0.183,1,1
C103152,AT,quarterly,4,64,paid_search,1,22.91,0,0,7,0.766,0,0
C103153,DE,monthly,8,31,paid_social,1,23.9,2,1,4,0.503,0,1
C103154,DE,monthly,21,32,referral,1,23.9,0,0,8,0.433,1,0
C103155,DE,quarterly,11,55,paid_social,1,21.99,1,0,8,0.731,0,0
C103156,AT,monthly,8,43,paid_search,0,24.9,1,0,6,0.51,1,0
C103157,CH,quarterly,6,31,influencer,1,27.51,1,1,5,0.261,0,0
C103158,DE,quarterly,4,45,paid_search,1,21.99,0,0,6,0.471,0,0
C103159,AT,quarterly,16,42,paid_search,0,22.91,0,0,7,0.634,0,1
C103160,CH,quarterly,12,18,paid_search,0,27.51,0,0,10,0.729,0,0
C103161,CH,monthly,2,42,paid_social,1,29.9,0,0,7,0.752,1,0
C103162,DE,monthly,1,28,paid_search,1,23.9,0,1,6,0.426,1,0
C103163,DE,monthly,18,29,referral,1,23.9,2,0,6,0.899,0,0
C103164,AT,quarterly,21,45,referral,0,22.91,2,0,8,0.623,0,0
C103165,DE,quarterly,30,52,paid_search,0,21.99,0,0,8,0.351,0,0
C103166,DE,quarterly,32,27,referral,0,21.99,0,0,10,0.242,0,0
C103167,AT,quarterly,9,22,tv_campaign,0,22.91,0,0,10,0.667,1,0
C103168,DE,monthly,9,41,paid_social,1,23.9,0,0,8,0.722,0,0
C103169,AT,monthly,19,36,influencer,0,24.9,0,0,6,0.365,1,0
C103170,DE,quarterly,5,54,tv_campaign,1,21.99,1,1,6,0.291,0,0
C103171,DE,monthly,4,27,referral,1,23.9,1,0,7,0.164,1,1
C103172,DE,monthly,5,44,paid_social,1,23.9,2,1,8,0.465,0,0
C103173,DE,monthly,14,29,paid_search,0,23.9,0,0,7,0.465,0,0
C103174,AT,monthly,3,50,tv_campaign,0,24.9,0,0,8,0.5,0,0
C103175,DE,monthly,18,42,paid_search,1,23.9,1,0,9,0.613,0,0
C103176,CH,monthly,12,56,paid_social,1,29.9,0,0,9,0.322,0,1
C103177,DE,monthly,8,26,paid_search,0,23.9,2,0,5,0.392,1,1
C103178,DE,quarterly,25,45,paid_search,0,21.99,0,0,8,0.536,0,0
C103179,DE,quarterly,30,39,referral,0,21.99,0,0,10,0.457,0,0
C103180,AT,monthly,6,34,paid_social,1,24.9,0,1,8,0.472,0,1
C103181,AT,quarterly,18,48,paid_search,1,22.91,0,0,8,0.255,0,0
C103182,DE,monthly,5,38,paid_social,1,23.9,3,1,7,0.454,0,1
C103183,DE,monthly,28,41,paid_search,0,23.9,0,0,8,0.213,1,0
C103184,CH,quarterly,4,38,referral,0,27.51,1,1,7,0.58,0,0
C103185,CH,monthly,18,50,paid_social,1,29.9,0,0,5,0.158,1,0
C103186,DE,quarterly,3,46,paid_search,0,21.99,0,0,9,0.698,0,0
C103187,DE,quarterly,5,50,referral,0,21.99,0,0,10,0.412,1,0
C103188,AT,quarterly,3,25,paid_search,1,22.91,0,0,9,0.313,0,0
C103189,DE,monthly,10,30,referral,1,23.9,0,0,5,0.343,1,0
C103190,DE,monthly,5,20,influencer,0,23.9,0,0,7,0.352,0,0
C103191,DE,monthly,17,43,tv_campaign,0,23.9,0,0,8,0.504,1,0
C103192,CH,monthly,13,48,influencer,0,29.9,1,0,8,0.399,1,0
C103193,DE,quarterly,13,43,paid_search,0,21.99,0,0,8,0.843,1,0
C103194,CH,monthly,9,40,referral,0,29.9,1,0,7,0.479,1,0
C103195,DE,monthly,27,34,paid_social,1,23.9,0,2,7,0.45,0,0
C103196,AT,monthly,5,40,tv_campaign,0,24.9,0,1,6,0.149,0,1
C103197,AT,monthly,5,38,referral,0,24.9,0,0,10,0.119,1,0
C103198,AT,quarterly,7,33,influencer,0,22.91,0,0,7,0.431,0,0
C103199,AT,monthly,7,55,referral,0,24.9,0,0,7,0.403,0,0
C103200,DE,monthly,2,31,influencer,1,23.9,1,2,5,0.548,0,1
C103201,DE,monthly,1,28,influencer,0,23.9,1,1,5,0.386,0,1
C103202,DE,monthly,1,42,paid_social,0,23.9,0,0,7,0.498,1,0
C103203,DE,quarterly,7,43,paid_social,1,21.99,0,0,9,0.446,0,0
C103204,DE,quarterly,9,46,referral,1,21.99,1,0,8,0.445,1,1
C103205,DE,quarterly,9,43,referral,1,21.99,1,0,10,0.342,0,0
C103206,CH,monthly,22,40,referral,1,29.9,1,2,5,0.309,0,1
C103207,DE,monthly,17,32,paid_social,1,23.9,1,0,8,0.532,0,1
C103208,DE,monthly,6,48,paid_search,0,23.9,1,0,8,0.148,0,0
C103209,DE,monthly,21,34,referral,1,23.9,1,0,8,0.882,0,0
C103210,DE,monthly,3,52,paid_search,0,23.9,0,0,9,0.523,0,0
C103211,AT,monthly,10,47,paid_search,1,24.9,0,0,10,0.575,1,0
C103212,DE,quarterly,3,36,paid_search,0,21.99,0,0,7,0.634,1,0
C103213,DE,monthly,1,41,paid_search,0,23.9,0,0,10,0.595,0,0
C103214,DE,monthly,19,36,tv_campaign,0,23.9,1,0,7,0.527,0,0
C103215,DE,monthly,18,18,referral,0,23.9,0,0,8,0.356,0,1
C103216,AT,monthly,17,53,referral,0,24.9,1,0,7,0.225,0,0
C103217,DE,monthly,15,26,paid_search,1,23.9,0,0,10,0.361,0,0
C103218,AT,quarterly,14,40,paid_search,0,22.91,0,0,9,0.472,0,0
C103219,DE,monthly,14,27,influencer,1,23.9,0,0,8,0.605,1,0
C103220,CH,monthly,9,38,referral,0,29.9,0,0,9,0.381,1,0
C103221,DE,monthly,10,45,paid_search,1,23.9,0,0,7,0.769,1,0
C103222,DE,quarterly,20,60,referral,1,21.99,0,0,9,0.43,0,0
C103223,CH,quarterly,16,30,influencer,0,27.51,0,0,4,0.158,0,0
C103224,CH,monthly,7,54,paid_search,0,29.9,3,1,6,0.056,0,1
C103225,AT,monthly,12,43,paid_search,1,24.9,1,0,7,0.463,0,0
C103226,DE,monthly,19,30,paid_search,0,23.9,0,1,8,0.861,1,0
C103227,DE,quarterly,12,35,paid_social,1,21.99,0,0,10,0.2,1,0
C103228,DE,monthly,2,22,paid_social,1,23.9,0,1,6,0.676,1,0
C103229,CH,monthly,10,30,tv_campaign,1,29.9,0,0,6,0.659,1,0
C103230,AT,monthly,16,37,paid_social,1,24.9,0,0,8,0.295,1,0
C103231,DE,quarterly,29,24,influencer,1,21.99,0,0,9,0.605,1,0
C103232,CH,monthly,11,71,paid_search,0,29.9,0,0,9,0.201,0,0
C103233,DE,monthly,22,42,influencer,0,23.9,1,2,4,0.292,0,1
C103234,CH,monthly,13,33,paid_search,0,29.9,0,0,6,0.263,0,0
C103235,CH,monthly,6,31,referral,0,29.9,2,0,5,0.535,0,0
C103236,DE,quarterly,11,24,referral,0,21.99,0,0,8,0.391,1,0
C103237,DE,monthly,22,58,influencer,1,23.9,1,0,7,0.433,0,0
C103238,DE,quarterly,26,46,paid_social,1,21.99,1,2,6,0.631,0,1
C103239,AT,quarterly,6,37,paid_search,1,22.91,1,0,6,0.361,0,0
C103240,DE,quarterly,17,49,paid_search,0,21.99,0,0,9,0.53,0,0
C103241,DE,quarterly,17,42,paid_social,0,21.99,1,1,5,0.377,1,0
C103242,DE,monthly,2,47,tv_campaign,1,23.9,0,0,8,0.459,0,1
C103243,DE,quarterly,4,32,paid_search,0,21.99,0,0,8,0.422,0,1
C103244,DE,monthly,18,45,paid_social,1,23.9,0,0,8,0.437,1,0
C103245,DE,monthly,4,42,paid_social,1,23.9,0,0,8,0.292,0,0
C103246,AT,monthly,10,18,influencer,1,24.9,1,1,8,0.384,0,0
C103247,DE,monthly,6,47,paid_search,1,23.9,1,0,9,0.565,0,1
C103248,DE,quarterly,4,28,referral,0,21.99,0,0,9,0.66,1,0
C103249,DE,monthly,17,35,tv_campaign,0,23.9,0,0,7,0.47,0,0
C103250,DE,monthly,39,36,referral,0,23.9,0,0,10,0.655,0,0
C103251,DE,monthly,6,53,paid_social,1,23.9,0,0,9,0.565,0,0
C103252,AT,monthly,28,35,influencer,1,24.9,0,0,8,0.497,1,0
C103253,AT,quarterly,1,27,paid_social,1,22.91,0,0,8,0.514,1,1
C103254,DE,quarterly,12,45,paid_search,0,21.99,0,0,7,0.497,0,0
C103255,AT,monthly,10,50,referral,0,24.9,2,0,8,0.69,0,0
C103256,DE,quarterly,10,18,paid_social,0,21.99,0,0,8,0.487,0,0
C103257,DE,monthly,3,39,paid_search,1,23.9,0,0,6,0.587,0,0
C103258,CH,monthly,5,26,influencer,1,29.9,0,0,9,0.356,0,0
C103259,DE,monthly,6,31,paid_social,1,23.9,0,0,9,0.277,0,0
C103260,DE,monthly,28,46,paid_search,0,23.9,0,0,10,0.301,1,0
C103261,DE,monthly,4,31,paid_search,0,23.9,0,0,8,0.31,0,0
C103262,DE,quarterly,14,48,paid_search,0,21.99,0,1,8,0.724,0,0
C103263,DE,quarterly,12,38,influencer,0,21.99,1,1,5,0.251,0,0
C103264,CH,monthly,8,40,tv_campaign,1,29.9,2,2,5,0.27,0,0
C103265,AT,monthly,8,66,paid_search,0,24.9,0,0,5,0.419,1,0
C103266,CH,monthly,34,41,tv_campaign,0,29.9,0,0,9,0.836,0,0
C103267,DE,monthly,5,18,paid_search,0,23.9,0,0,7,0.109,0,0
C103268,CH,quarterly,1,35,paid_social,1,27.51,0,0,8,0.679,0,0
C103269,DE,monthly,9,54,referral,0,23.9,0,1,5,0.313,0,0
C103270,CH,monthly,5,39,paid_search,0,29.9,0,0,9,0.684,0,0
C103271,DE,monthly,31,33,paid_search,0,23.9,0,0,8,0.633,1,0
C103272,DE,quarterly,10,47,paid_search,0,21.99,1,0,8,0.361,0,0
C103273,CH,monthly,36,55,paid_search,0,29.9,0,0,5,0.258,0,0
C103274,AT,quarterly,26,25,referral,0,22.91,1,0,9,0.562,1,0
C103275,CH,quarterly,14,61,tv_campaign,1,27.51,0,0,7,0.478,0,0
C103276,DE,quarterly,11,45,paid_social,0,21.99,0,1,7,0.606,1,0
C103277,DE,monthly,12,42,tv_campaign,0,23.9,0,0,8,0.315,0,0
C103278,DE,quarterly,1,45,influencer,1,21.99,1,0,6,0.218,0,1
C103279,CH,monthly,24,54,tv_campaign,0,29.9,1,0,7,0.675,1,0
C103280,DE,monthly,23,18,paid_social,1,23.9,0,0,8,0.344,0,0
C103281,DE,monthly,7,33,paid_search,1,23.9,1,1,5,0.294,0,1
C103282,DE,monthly,9,38,influencer,0,23.9,1,1,6,0.28,1,0
C103283,DE,monthly,3,44,influencer,1,23.9,0,0,7,0.249,0,1
C103284,DE,quarterly,2,37,paid_social,0,21.99,0,0,9,0.637,1,0
C103285,DE,quarterly,15,56,paid_social,0,21.99,0,0,9,0.318,1,0
C103286,AT,quarterly,11,27,paid_search,0,22.91,0,0,8,0.335,0,0
C103287,DE,monthly,8,36,tv_campaign,1,23.9,2,0,7,0.384,0,1
C103288,DE,monthly,38,39,influencer,1,23.9,0,0,8,0.599,0,0
C103289,DE,monthly,16,50,influencer,1,23.9,0,0,7,0.252,0,0
C103290,DE,monthly,3,35,tv_campaign,0,23.9,0,0,6,0.24,0,1
C103291,DE,monthly,38,45,paid_social,0,23.9,0,0,6,0.456,1,0
C103292,AT,monthly,8,35,paid_social,1,24.9,0,0,9,0.331,1,0
C103293,AT,quarterly,29,25,paid_search,0,22.91,0,0,9,0.522,0,0
C103294,DE,quarterly,7,26,paid_social,1,21.99,1,1,8,0.342,1,0
C103295,DE,quarterly,12,42,tv_campaign,0,21.99,2,0,7,0.52,0,1
C103296,DE,quarterly,6,51,tv_campaign,0,21.99,0,0,7,0.205,1,0
C103297,AT,quarterly,3,48,tv_campaign,0,22.91,1,0,8,0.205,0,1
C103298,DE,monthly,31,35,referral,0,23.9,1,0,7,0.549,0,0
C103299,DE,monthly,2,36,paid_social,1,23.9,0,0,7,0.222,1,1
C103300,AT,monthly,6,36,tv_campaign,0,24.9,1,0,8,0.809,1,0
C103301,AT,monthly,19,66,paid_search,1,24.9,0,0,9,0.567,0,0
C103302,DE,monthly,5,43,paid_social,1,23.9,0,0,7,0.31,0,0
C103303,CH,quarterly,3,51,paid_search,0,27.51,1,0,7,0.222,0,1
C103304,DE,quarterly,12,19,influencer,1,21.99,0,0,9,0.34,1,0
C103305,DE,monthly,17,43,paid_search,0,23.9,0,0,9,0.294,0,0
C103306,CH,quarterly,2,40,influencer,0,27.51,0,0,7,0.339,0,1
C103307,DE,quarterly,15,54,paid_search,0,21.99,0,0,6,0.588,0,0
C103308,DE,monthly,7,26,paid_social,0,23.9,0,1,8,0.432,0,1
C103309,DE,monthly,5,32,paid_social,0,23.9,0,0,8,0.136,1,0
C103310,AT,monthly,8,56,influencer,1,24.9,0,0,7,0.465,0,0
C103311,DE,quarterly,2,61,referral,1,21.99,0,0,7,0.307,0,0
C103312,AT,quarterly,26,23,paid_social,1,22.91,0,0,8,0.86,1,0
C103313,AT,monthly,12,60,influencer,1,24.9,1,0,9,0.341,0,1
C103314,DE,quarterly,11,46,tv_campaign,0,21.99,0,0,5,0.4,1,0
C103315,DE,monthly,34,35,referral,0,23.9,0,0,8,0.435,1,0
C103316,CH,monthly,11,44,referral,0,29.9,1,1,6,0.374,1,0
C103317,CH,monthly,34,43,paid_search,1,29.9,1,2,5,0.686,0,1
C103318,DE,monthly,22,58,paid_social,0,23.9,0,0,7,0.316,1,0
C103319,AT,monthly,5,39,tv_campaign,1,24.9,1,0,8,0.266,0,0
C103320,CH,monthly,9,61,tv_campaign,1,29.9,2,1,6,0.724,0,1
C103321,AT,monthly,12,33,paid_search,0,24.9,0,0,10,0.353,1,0
C103322,AT,monthly,12,50,tv_campaign,1,24.9,0,0,8,0.734,0,0
C103323,AT,quarterly,10,38,paid_social,1,22.91,0,0,9,0.238,0,0
C103324,DE,monthly,10,51,paid_social,1,23.9,0,1,6,0.356,1,0
C103325,DE,quarterly,20,33,paid_social,1,21.99,1,0,9,0.254,0,0
C103326,DE,monthly,10,37,tv_campaign,0,23.9,1,1,10,0.182,0,0
C103327,DE,monthly,7,49,referral,0,23.9,0,0,9,0.471,1,0
C103328,DE,monthly,4,59,paid_search,0,23.9,0,0,10,0.55,0,0
C103329,AT,monthly,5,71,paid_social,1,24.9,0,0,5,0.498,0,1
C103330,AT,quarterly,24,59,paid_search,0,22.91,0,0,10,0.776,0,0
C103331,AT,quarterly,9,28,paid_search,0,22.91,1,0,8,0.71,0,0
C103332,DE,monthly,20,42,paid_social,0,23.9,1,0,9,0.71,0,0
C103333,CH,monthly,19,37,tv_campaign,1,29.9,1,0,6,0.415,1,0
C103334,AT,monthly,11,42,influencer,1,24.9,0,0,8,0.522,0,0
C103335,DE,monthly,1,28,tv_campaign,0,23.9,1,1,5,0.376,0,1
C103336,DE,quarterly,9,43,influencer,1,21.99,0,0,7,0.178,0,0
C103337,DE,monthly,3,42,tv_campaign,0,23.9,0,0,8,0.399,1,0
C103338,AT,quarterly,6,42,paid_social,0,22.91,0,0,9,0.738,0,0
C103339,DE,monthly,10,31,paid_search,0,23.9,0,0,6,0.663,1,0
C103340,DE,monthly,18,39,paid_social,1,23.9,0,0,7,0.452,0,0
C103341,AT,monthly,8,56,tv_campaign,0,24.9,0,0,9,0.65,0,0
C103342,DE,monthly,21,55,paid_social,1,23.9,0,0,9,0.305,1,0
C103343,DE,quarterly,15,39,paid_social,1,21.99,1,1,7,0.369,0,0
C103344,AT,monthly,11,41,paid_search,1,24.9,0,0,9,0.61,0,0
C103345,DE,monthly,26,51,paid_social,1,23.9,2,0,6,0.753,0,1
C103346,CH,monthly,6,28,influencer,0,29.9,1,1,7,0.572,0,0
C103347,AT,monthly,8,18,referral,0,24.9,1,0,8,0.409,0,0
C103348,DE,monthly,6,56,paid_social,1,23.9,1,0,8,0.409,0,0
C103349,DE,quarterly,20,43,tv_campaign,0,21.99,0,0,7,0.454,1,0
C103350,CH,monthly,19,49,tv_campaign,0,29.9,0,1,8,0.107,1,0
C103351,DE,quarterly,15,47,tv_campaign,0,21.99,1,0,7,0.621,0,0
C103352,DE,quarterly,5,31,paid_search,0,21.99,1,1,4,0.557,0,0
C103353,AT,quarterly,20,21,tv_campaign,1,22.91,0,0,8,0.443,1,0
C103354,AT,quarterly,9,48,paid_search,0,22.91,0,0,9,0.336,0,0
C103355,AT,monthly,21,33,paid_social,0,24.9,0,0,8,0.459,0,0
C103356,DE,quarterly,17,31,influencer,1,21.99,0,0,9,0.395,1,0
C103357,DE,monthly,23,52,referral,0,23.9,0,0,10,0.63,0,0
C103358,AT,monthly,17,52,paid_social,1,24.9,0,0,6,0.5,0,0
C103359,DE,monthly,13,37,tv_campaign,1,23.9,1,0,7,0.57,0,0
C103360,DE,monthly,10,18,referral,0,23.9,0,0,9,0.544,0,0
C103361,DE,monthly,8,52,paid_social,1,23.9,0,0,10,0.692,0,0
C103362,DE,monthly,4,51,paid_social,0,23.9,1,1,8,0.395,1,1
C103363,DE,quarterly,6,70,paid_social,1,21.99,0,0,8,0.297,0,1
C103364,AT,monthly,6,62,paid_search,0,24.9,0,0,8,0.271,0,0
C103365,DE,quarterly,24,21,paid_social,1,21.99,1,0,9,0.347,0,0
C103366,AT,monthly,8,47,referral,0,24.9,0,0,7,0.275,1,0
C103367,AT,monthly,13,29,paid_social,1,24.9,0,0,9,0.558,1,0
C103368,AT,quarterly,14,19,referral,1,22.91,1,0,10,0.31,1,0
C103369,AT,monthly,14,50,influencer,0,24.9,1,0,7,0.417,0,1
C103370,DE,quarterly,15,36,paid_search,0,21.99,0,1,8,0.816,0,0
C103371,AT,monthly,8,18,paid_search,0,24.9,1,0,8,0.348,0,0
C103372,DE,monthly,6,50,influencer,1,23.9,0,0,10,0.766,0,0
C103373,AT,quarterly,6,43,paid_social,0,22.91,1,0,6,0.593,0,0
C103374,CH,quarterly,4,38,paid_social,0,27.51,0,0,8,0.571,1,0
C103375,CH,monthly,23,35,paid_search,0,29.9,0,0,9,0.452,1,0
C103376,DE,monthly,12,62,paid_search,0,23.9,0,1,5,0.529,1,0
C103377,AT,monthly,8,31,paid_social,1,24.9,2,1,7,0.481,0,0
C103378,AT,quarterly,28,41,paid_search,1,22.91,0,0,8,0.578,0,0
C103379,DE,monthly,20,57,influencer,1,23.9,0,0,9,0.555,0,0
C103380,DE,quarterly,6,41,paid_social,0,21.99,0,0,9,0.077,0,0
C103381,DE,monthly,6,30,tv_campaign,1,23.9,1,0,7,0.949,0,1
C103382,DE,monthly,2,54,paid_search,0,23.9,1,0,7,0.386,0,1
C103383,AT,monthly,5,45,referral,1,24.9,0,1,5,0.431,0,0
C103384,DE,quarterly,13,29,paid_search,0,21.99,0,0,8,0.236,0,0
C103385,DE,quarterly,16,35,paid_social,1,21.99,1,0,9,0.595,1,0
C103386,AT,monthly,10,47,paid_social,1,24.9,0,0,7,0.101,0,0
C103387,AT,quarterly,14,53,referral,0,22.91,1,0,8,0.476,0,0
C103388,DE,monthly,11,57,paid_social,1,23.9,0,0,7,0.25,0,0
C103389,DE,quarterly,5,37,paid_social,1,21.99,2,1,7,0.347,0,0
C103390,AT,monthly,2,26,referral,0,24.9,0,0,10,0.726,1,0
C103391,DE,quarterly,24,50,referral,0,21.99,3,0,7,0.582,1,0
C103392,DE,monthly,3,25,referral,1,23.9,0,0,7,0.172,0,0
C103393,DE,quarterly,15,41,paid_search,0,21.99,2,2,4,0.492,0,0
C103394,DE,monthly,6,22,paid_social,0,23.9,1,0,8,0.269,1,0
C103395,AT,monthly,9,37,paid_search,0,24.9,0,0,8,0.484,1,0
C103396,AT,monthly,11,18,paid_search,0,24.9,0,0,9,0.22,1,1
C103397,CH,monthly,23,45,referral,1,29.9,1,0,7,0.455,1,1
C103398,CH,monthly,22,39,referral,0,29.9,0,0,9,0.456,1,0
C103399,DE,monthly,18,42,referral,0,23.9,1,0,9,0.373,1,0
C103400,DE,monthly,12,29,paid_search,0,23.9,0,0,10,0.709,0,0
C103401,DE,quarterly,4,20,influencer,1,21.99,1,1,6,0.597,1,0
C103402,CH,quarterly,13,65,paid_social,0,27.51,0,0,8,0.343,0,1
C103403,AT,quarterly,20,41,referral,0,22.91,0,0,7,0.298,0,0
C103404,DE,quarterly,33,64,paid_social,1,21.99,1,0,6,0.798,0,0
C103405,DE,monthly,5,44,tv_campaign,0,23.9,0,0,7,0.443,1,0
C103406,AT,monthly,10,48,paid_search,0,24.9,1,0,5,0.338,0,1
C103407,DE,quarterly,19,34,tv_campaign,0,21.99,0,0,7,0.584,1,0
C103408,CH,quarterly,18,34,paid_search,0,27.51,2,0,5,0.33,0,0
C103409,AT,monthly,11,29,paid_search,0,24.9,0,0,7,0.405,0,0
C103410,CH,quarterly,4,42,influencer,0,27.51,4,1,7,0.549,0,0
C103411,DE,quarterly,10,48,paid_search,0,21.99,0,1,3,0.624,0,0
C103412,DE,monthly,15,41,paid_search,0,23.9,0,1,6,0.447,1,1
C103413,CH,monthly,21,53,referral,1,29.9,2,1,5,0.819,0,0
C103414,AT,monthly,6,33,paid_search,0,24.9,0,0,9,0.498,0,0
C103415,DE,monthly,16,39,paid_search,1,23.9,0,0,6,0.224,0,0
C103416,DE,monthly,8,35,tv_campaign,0,23.9,0,1,5,0.456,1,0
C103417,DE,quarterly,33,29,paid_search,0,21.99,1,1,6,0.967,0,0
C103418,AT,monthly,10,53,paid_search,1,24.9,0,0,7,0.363,1,0
C103419,AT,monthly,10,57,influencer,1,24.9,0,0,9,0.314,1,0
C103420,AT,monthly,3,49,paid_search,1,24.9,1,1,9,0.597,1,0
C103421,DE,monthly,9,29,influencer,1,23.9,0,0,9,0.571,0,0
C103422,DE,monthly,2,22,paid_search,0,23.9,1,0,9,0.506,1,0
C103423,DE,monthly,4,52,paid_search,0,23.9,1,1,8,0.402,0,0
C103424,DE,quarterly,2,20,influencer,1,21.99,0,0,8,0.466,1,0
C103425,DE,monthly,15,27,paid_search,0,23.9,0,1,6,0.317,0,0
C103426,CH,monthly,10,41,paid_social,1,29.9,2,1,8,0.433,0,0
C103427,DE,monthly,3,33,referral,0,23.9,0,0,9,0.31,1,0
C103428,DE,quarterly,13,27,paid_search,0,21.99,0,0,8,0.486,1,0
C103429,AT,quarterly,33,47,referral,1,22.91,0,0,9,0.699,1,0
C103430,DE,monthly,4,27,paid_search,0,23.9,0,0,7,0.68,1,0
C103431,DE,monthly,2,39,influencer,0,23.9,0,1,8,0.614,0,0
C103432,DE,monthly,9,37,paid_social,1,23.9,0,0,8,0.373,0,1
C103433,AT,monthly,20,48,paid_search,1,24.9,0,0,8,0.3,0,0
C103434,DE,quarterly,16,44,paid_search,0,21.99,2,2,6,0.28,0,0
C103435,DE,monthly,36,48,paid_search,0,23.9,1,0,8,0.427,1,0
C103436,DE,quarterly,6,58,paid_social,1,21.99,0,0,9,0.331,1,0
C103437,AT,monthly,5,34,paid_search,0,24.9,0,0,10,0.841,0,0
C103438,AT,monthly,14,39,tv_campaign,1,24.9,1,1,7,0.62,1,0
C103439,AT,quarterly,5,38,paid_social,1,22.91,0,0,8,0.21,0,0
C103440,DE,monthly,2,47,referral,0,23.9,4,1,8,0.163,0,0
C103441,DE,quarterly,4,51,referral,0,21.99,0,0,9,0.75,0,0
C103442,DE,monthly,5,37,paid_search,0,23.9,0,0,8,0.554,0,0
C103443,DE,quarterly,6,49,paid_search,0,21.99,0,1,9,0.377,0,0
C103444,DE,monthly,7,35,influencer,1,23.9,1,1,7,0.512,0,0
C103445,CH,monthly,16,43,paid_social,0,29.9,0,1,8,0.712,0,1
C103446,AT,quarterly,13,40,influencer,1,22.91,0,0,7,0.359,0,0
C103447,CH,monthly,19,22,paid_social,0,29.9,0,0,6,0.605,1,0
C103448,AT,monthly,17,32,paid_search,0,24.9,0,1,7,0.644,0,0
C103449,DE,quarterly,7,26,paid_social,1,21.99,0,0,8,0.59,1,0
C103450,DE,quarterly,15,28,paid_social,1,21.99,0,0,6,0.407,0,0
C103451,AT,monthly,13,34,paid_social,0,24.9,0,0,6,0.305,0,0
C103452,DE,monthly,24,25,paid_social,0,23.9,0,1,10,0.762,1,0
C103453,AT,quarterly,19,49,tv_campaign,0,22.91,0,0,8,0.661,0,0
C103454,AT,monthly,6,36,referral,0,24.9,1,0,7,0.422,1,0
C103455,DE,quarterly,7,26,influencer,0,21.99,1,2,7,0.493,1,0
C103456,DE,monthly,5,42,tv_campaign,0,23.9,0,0,8,0.756,0,0
C103457,AT,quarterly,6,42,paid_social,0,22.91,1,0,5,0.48,0,0
C103458,DE,quarterly,3,18,paid_search,0,21.99,1,0,10,0.527,1,0
C103459,AT,quarterly,11,22,referral,0,22.91,0,0,8,0.136,1,0
C103460,DE,monthly,9,28,tv_campaign,0,23.9,0,0,9,0.251,0,0
C103461,AT,monthly,2,38,tv_campaign,1,24.9,0,0,7,0.143,1,1
C103462,CH,monthly,20,49,influencer,1,29.9,1,0,6,0.553,1,0
C103463,DE,quarterly,21,51,tv_campaign,1,21.99,1,0,8,0.561,0,0
C103464,DE,monthly,16,43,paid_social,1,23.9,0,0,8,0.479,0,0
C103465,DE,quarterly,6,48,referral,1,21.99,2,2,4,0.435,0,0
C103466,AT,monthly,12,49,referral,0,24.9,0,0,10,0.223,0,0
C103467,AT,quarterly,15,63,tv_campaign,1,22.91,1,0,6,0.453,1,0
C103468,DE,quarterly,4,25,influencer,0,21.99,0,0,7,0.815,1,0
C103469,DE,monthly,30,31,paid_social,0,23.9,1,0,8,0.588,1,0
C103470,DE,monthly,33,51,paid_social,1,23.9,0,1,7,0.676,0,0
C103471,DE,quarterly,10,35,referral,1,21.99,0,0,3,0.09,0,1
C103472,DE,monthly,31,23,paid_search,0,23.9,0,0,9,0.355,0,0
C103473,DE,quarterly,16,40,paid_search,0,21.99,1,0,8,0.574,1,0
C103474,DE,monthly,14,47,paid_search,0,23.9,0,0,8,0.465,0,0
C103475,DE,quarterly,8,23,paid_social,1,21.99,1,0,8,0.383,0,0
C103476,DE,quarterly,11,35,paid_search,0,21.99,0,0,8,0.565,0,0
C103477,AT,quarterly,21,69,influencer,0,22.91,3,0,7,0.582,0,0
C103478,AT,monthly,41,46,paid_social,1,24.9,0,0,5,0.215,0,1
C103479,DE,monthly,2,56,paid_social,1,23.9,2,0,7,0.201,0,1
C103480,AT,quarterly,8,18,influencer,0,22.91,1,2,8,0.191,0,0
C103481,AT,monthly,2,38,referral,0,24.9,0,1,6,0.285,1,1
C103482,DE,quarterly,10,53,tv_campaign,0,21.99,0,0,8,0.737,0,0
C103483,AT,quarterly,23,41,paid_social,1,22.91,2,0,7,0.272,0,1
C103484,AT,monthly,11,34,tv_campaign,0,24.9,0,1,5,0.372,0,0
C103485,DE,monthly,5,38,referral,0,23.9,0,0,5,0.404,0,1
C103486,DE,monthly,7,18,paid_search,0,23.9,1,0,8,0.413,1,1
C103487,AT,monthly,7,40,paid_search,1,24.9,0,0,6,0.47,0,0
C103488,DE,monthly,32,51,referral,0,23.9,1,3,4,0.209,0,1
C103489,DE,quarterly,31,56,paid_social,1,21.99,0,1,7,0.478,1,0
C103490,CH,monthly,29,18,tv_campaign,1,29.9,1,0,8,0.438,0,0
C103491,DE,monthly,17,40,paid_social,1,23.9,0,0,8,0.377,1,0
C103492,DE,quarterly,8,50,influencer,1,21.99,1,0,9,0.698,0,0
C103493,DE,monthly,12,38,influencer,1,23.9,0,0,5,0.331,0,0
C103494,AT,quarterly,14,45,influencer,0,22.91,0,0,5,0.472,1,0
C103495,DE,monthly,5,56,influencer,1,23.9,0,0,7,0.705,0,0
C103496,AT,monthly,12,33,tv_campaign,0,24.9,0,0,9,0.474,0,1
C103497,CH,monthly,7,41,paid_search,0,29.9,0,0,9,0.348,1,0
C103498,DE,monthly,20,57,influencer,1,23.9,1,0,6,0.429,0,0
C103499,AT,quarterly,7,69,influencer,1,22.91,1,0,7,0.774,0,0
C103500,DE,quarterly,5,42,influencer,0,21.99,0,0,9,0.256,1,0
C103501,AT,monthly,9,47,influencer,0,24.9,0,0,7,0.763,0,1
C103502,DE,quarterly,4,36,referral,0,21.99,1,0,10,0.169,0,0
C103503,AT,quarterly,9,36,paid_search,1,22.91,0,0,5,0.833,0,0
C103504,AT,monthly,7,39,influencer,1,24.9,1,1,5,0.627,1,1
C103505,DE,monthly,3,46,referral,0,23.9,2,0,10,0.553,0,0
C103506,CH,monthly,12,60,paid_search,0,29.9,0,0,8,0.121,0,0
C103507,AT,monthly,2,55,paid_search,0,24.9,0,0,5,0.609,0,0
C103508,DE,quarterly,21,51,influencer,0,21.99,1,0,8,0.265,1,0
C103509,CH,quarterly,20,46,tv_campaign,0,27.51,2,1,4,0.77,1,0
C103510,DE,monthly,17,44,referral,1,23.9,2,2,6,0.366,1,0
C103511,AT,quarterly,14,36,referral,0,22.91,0,0,8,0.215,0,0
C103512,DE,monthly,7,26,paid_search,1,23.9,0,0,7,0.349,1,1
C103513,CH,monthly,12,30,paid_social,1,29.9,1,2,5,0.74,1,0
C103514,AT,monthly,15,18,paid_search,0,24.9,0,0,9,0.655,0,0
C103515,DE,monthly,9,24,paid_search,0,23.9,1,0,8,0.135,0,0
C103516,DE,monthly,5,54,influencer,1,23.9,0,1,8,0.528,1,0
C103517,DE,monthly,5,35,tv_campaign,0,23.9,1,0,9,0.457,0,0
C103518,AT,quarterly,7,18,paid_search,1,22.91,0,0,7,0.169,0,0
C103519,DE,monthly,1,63,referral,0,23.9,0,0,8,0.217,0,0
C103520,DE,monthly,22,41,referral,0,23.9,0,0,7,0.849,0,0
C103521,DE,monthly,11,25,paid_search,0,23.9,1,0,7,0.656,0,0
C103522,CH,monthly,17,44,referral,1,29.9,0,0,9,0.49,1,0
C103523,DE,monthly,11,55,referral,1,23.9,0,0,6,0.266,1,0
C103524,DE,monthly,4,64,paid_search,1,23.9,0,0,10,0.499,1,1
C103525,DE,quarterly,32,51,paid_social,0,21.99,3,0,5,0.216,0,0
C103526,AT,monthly,9,64,paid_search,1,24.9,2,1,6,0.718,0,1
C103527,DE,monthly,6,52,tv_campaign,1,23.9,0,0,7,0.577,1,0
C103528,DE,monthly,17,57,referral,0,23.9,0,0,10,0.736,0,0
C103529,DE,monthly,12,43,paid_social,1,23.9,0,0,9,0.68,0,0
C103530,DE,quarterly,18,32,paid_search,1,21.99,0,0,7,0.332,0,0
C103531,CH,monthly,20,23,paid_social,1,29.9,0,0,8,0.218,0,1
C103532,CH,monthly,14,47,tv_campaign,1,29.9,1,0,7,0.441,1,0
C103533,AT,monthly,7,39,influencer,1,24.9,1,0,8,0.251,1,1
C103534,DE,monthly,11,41,tv_campaign,0,23.9,1,0,9,0.077,0,1
C103535,DE,monthly,21,39,paid_search,0,23.9,0,0,8,0.534,0,1
C103536,DE,quarterly,13,37,tv_campaign,1,21.99,1,0,8,0.224,0,0
C103537,DE,monthly,4,36,paid_social,0,23.9,1,0,5,0.151,1,0
C103538,DE,monthly,15,43,paid_search,0,23.9,2,1,5,0.38,0,0
C103539,DE,quarterly,4,48,influencer,0,21.99,0,0,8,0.574,0,0
C103540,DE,monthly,8,43,paid_search,1,23.9,1,1,8,0.289,0,0
C103541,DE,monthly,7,36,influencer,0,23.9,0,1,6,0.35,1,1
C103542,DE,monthly,1,38,paid_social,0,23.9,1,0,8,0.398,0,1
C103543,DE,quarterly,39,46,paid_search,0,21.99,0,0,8,0.453,1,0
C103544,CH,monthly,9,26,tv_campaign,0,29.9,1,0,8,0.673,1,0
C103545,AT,monthly,3,40,paid_social,1,24.9,0,0,8,0.287,0,0
C103546,DE,quarterly,3,41,paid_social,0,21.99,0,1,9,0.344,0,0
C103547,DE,monthly,12,28,paid_search,0,23.9,0,0,8,0.815,0,0
C103548,DE,monthly,10,46,paid_social,0,23.9,0,0,9,0.464,0,0
C103549,DE,monthly,6,39,referral,0,23.9,1,1,4,0.595,1,0
C103550,AT,quarterly,14,33,paid_social,1,22.91,2,0,7,0.191,0,0
C103551,DE,monthly,18,42,paid_search,0,23.9,0,0,7,0.372,0,0
C103552,DE,monthly,16,42,paid_social,0,23.9,1,1,7,0.298,0,1
C103553,CH,monthly,13,49,influencer,1,29.9,1,0,9,0.433,0,0
C103554,DE,monthly,3,50,paid_search,0,23.9,0,0,8,0.359,0,0
C103555,AT,quarterly,4,56,referral,1,22.91,1,1,5,0.444,0,0
C103556,DE,monthly,7,43,tv_campaign,1,23.9,1,0,8,0.701,1,0
C103557,DE,monthly,1,40,paid_search,1,23.9,1,0,10,0.698,0,0
C103558,DE,monthly,27,60,paid_social,0,23.9,1,0,8,0.256,1,0
C103559,AT,monthly,6,60,paid_social,1,24.9,0,0,10,0.092,0,0
C103560,DE,quarterly,7,40,paid_search,1,21.99,0,1,7,0.608,0,0
C103561,AT,monthly,14,66,paid_search,1,24.9,1,0,7,0.515,1,0
C103562,DE,monthly,15,51,paid_search,0,23.9,1,1,9,0.361,1,0
C103563,CH,monthly,1,40,influencer,1,29.9,1,0,7,0.458,1,1
C103564,AT,monthly,7,57,paid_social,1,24.9,1,0,8,0.606,0,0
C103565,DE,monthly,13,26,referral,1,23.9,0,1,9,0.523,0,0
C103566,AT,monthly,27,49,paid_search,1,24.9,1,0,8,0.669,0,0
C103567,DE,monthly,19,48,paid_social,0,23.9,0,0,9,0.594,0,0
C103568,CH,monthly,21,18,tv_campaign,0,29.9,2,2,4,0.388,1,0
C103569,DE,monthly,1,46,paid_search,1,23.9,1,1,7,0.191,1,0
C103570,DE,monthly,11,20,paid_search,1,23.9,0,0,8,0.429,0,0
C103571,DE,monthly,7,39,referral,0,23.9,1,1,6,0.554,0,0
C103572,CH,monthly,6,45,referral,1,29.9,1,0,7,0.341,0,0
C103573,AT,monthly,22,45,tv_campaign,1,24.9,1,0,8,0.645,1,0
C103574,DE,monthly,9,29,paid_social,1,23.9,0,0,9,0.153,0,0
C103575,DE,quarterly,9,63,referral,1,21.99,0,0,9,0.609,0,0
C103576,DE,quarterly,8,50,tv_campaign,0,21.99,0,1,5,0.812,0,0
C103577,CH,monthly,23,18,paid_social,0,29.9,1,0,7,0.654,1,0
C103578,DE,quarterly,6,33,paid_search,0,21.99,0,0,7,0.552,0,0
C103579,DE,monthly,10,54,paid_search,0,23.9,0,1,7,0.524,0,0
C103580,DE,quarterly,6,38,paid_social,1,21.99,0,0,9,0.698,0,0
C103581,DE,quarterly,24,23,referral,1,21.99,0,0,8,0.441,1,0
C103582,DE,quarterly,2,47,referral,0,21.99,0,0,8,0.748,1,0
C103583,DE,monthly,4,48,paid_social,0,23.9,0,0,8,0.533,0,0
C103584,DE,quarterly,13,45,paid_social,1,21.99,0,0,6,0.43,0,0
C103585,DE,monthly,15,71,referral,0,23.9,0,0,6,0.438,0,0
C103586,DE,monthly,2,39,paid_search,0,23.9,1,1,7,0.159,0,0
C103587,DE,monthly,16,66,influencer,1,23.9,0,1,6,0.306,0,1
C103588,DE,quarterly,3,39,paid_social,1,21.99,0,1,7,0.486,1,1
C103589,AT,quarterly,12,21,referral,0,22.91,0,0,7,0.642,0,0
C103590,DE,quarterly,11,37,paid_search,0,21.99,1,0,5,0.763,0,0
C103591,DE,quarterly,19,54,tv_campaign,1,21.99,2,0,6,0.166,0,0
C103592,DE,monthly,6,60,paid_search,1,23.9,0,0,7,0.354,0,0
C103593,DE,quarterly,17,46,referral,0,21.99,2,0,6,0.528,0,0
C103594,AT,monthly,3,34,paid_social,0,24.9,0,1,6,0.37,0,0
C103595,DE,quarterly,1,33,influencer,1,21.99,0,0,8,0.179,1,1
C103596,AT,monthly,25,48,influencer,0,24.9,0,0,9,0.507,0,0
C103597,DE,quarterly,16,35,influencer,1,21.99,0,0,8,0.501,0,0
C103598,CH,quarterly,15,25,paid_social,0,27.51,1,0,6,0.672,1,0
C103599,DE,monthly,3,23,influencer,1,23.9,1,0,6,0.348,0,0
C103600,DE,monthly,8,23,paid_social,0,23.9,0,0,8,0.417,1,0
C103601,AT,monthly,2,39,paid_search,1,24.9,0,0,7,0.172,0,1
C103602,CH,quarterly,6,37,paid_search,0,27.51,0,0,9,0.058,0,1
C103603,CH,monthly,22,40,tv_campaign,0,29.9,0,2,7,0.877,1,1
C103604,DE,monthly,7,28,tv_campaign,0,23.9,2,0,8,0.269,1,0
C103605,CH,monthly,23,50,influencer,1,29.9,1,0,6,0.324,0,0
C103606,AT,quarterly,12,42,tv_campaign,1,22.91,0,1,6,0.309,0,0
C103607,DE,monthly,16,51,paid_social,0,23.9,0,0,8,0.588,0,0
C103608,CH,monthly,17,39,influencer,0,29.9,0,0,7,0.382,0,1
C103609,DE,monthly,13,44,paid_search,0,23.9,0,2,7,0.506,0,0
C103610,DE,quarterly,34,35,paid_search,0,21.99,2,0,6,0.522,1,0
C103611,DE,monthly,13,36,tv_campaign,1,23.9,0,0,8,0.751,1,0
C103612,DE,monthly,7,41,influencer,1,23.9,1,1,8,0.217,1,1
C103613,AT,quarterly,36,39,influencer,1,22.91,2,1,6,0.286,0,1
C103614,CH,monthly,13,32,paid_search,1,29.9,1,1,5,0.567,1,1
C103615,DE,monthly,20,41,paid_social,1,23.9,1,1,9,0.77,0,0
C103616,DE,monthly,10,35,tv_campaign,0,23.9,0,0,9,0.854,0,0
C103617,DE,monthly,4,45,tv_campaign,0,23.9,0,0,7,0.373,0,0
C103618,AT,quarterly,7,38,paid_social,0,22.91,0,0,10,0.622,0,0
C103619,DE,monthly,4,28,paid_search,0,23.9,1,0,8,0.352,0,0
C103620,DE,monthly,9,43,referral,0,23.9,2,0,7,0.463,0,0
C103621,AT,monthly,16,38,paid_social,1,24.9,0,1,8,0.272,1,0
C103622,AT,monthly,7,34,paid_social,1,24.9,0,0,7,0.631,0,0
C103623,CH,quarterly,18,44,tv_campaign,0,27.51,0,0,6,0.728,0,0
C103624,DE,monthly,23,27,paid_social,1,23.9,1,2,5,0.412,0,1
C103625,DE,quarterly,9,47,paid_search,1,21.99,0,0,9,0.382,0,0
C103626,DE,monthly,8,42,referral,1,23.9,0,1,9,0.498,1,0
C103627,DE,monthly,6,50,tv_campaign,0,23.9,2,1,5,0.786,0,0
C103628,DE,quarterly,10,43,referral,1,21.99,0,1,8,0.291,1,0
C103629,AT,monthly,8,33,paid_social,1,24.9,0,0,10,0.269,1,0
C103630,DE,monthly,1,56,paid_search,1,23.9,1,0,6,0.286,0,1
C103631,DE,monthly,20,18,paid_search,0,23.9,3,1,3,0.349,0,1
C103632,AT,quarterly,4,36,tv_campaign,0,22.91,0,0,7,0.495,1,0
C103633,CH,quarterly,7,32,paid_search,0,27.51,0,0,8,0.734,0,0
C103634,DE,quarterly,7,40,tv_campaign,0,21.99,3,1,7,0.567,1,0
C103635,DE,quarterly,14,42,paid_search,1,21.99,0,0,9,0.275,1,0
C103636,CH,monthly,15,37,paid_search,0,29.9,1,0,8,0.638,0,0
C103637,AT,monthly,17,44,paid_search,0,24.9,0,0,9,0.478,1,0
C103638,DE,monthly,3,44,paid_search,0,23.9,0,0,7,0.437,0,0
C103639,AT,quarterly,17,29,tv_campaign,1,22.91,0,0,9,0.279,1,0
C103640,DE,monthly,5,32,referral,0,23.9,2,0,5,0.239,0,1
C103641,AT,monthly,10,37,influencer,1,24.9,4,1,6,0.625,1,1
C103642,AT,quarterly,48,43,influencer,1,22.91,1,1,5,0.513,0,1
C103643,AT,quarterly,18,35,referral,1,22.91,0,0,9,0.361,1,0
C103644,DE,monthly,5,71,paid_search,0,23.9,0,0,9,0.471,1,0
C103645,DE,quarterly,9,46,paid_search,0,21.99,3,0,6,0.556,0,0
C103646,DE,monthly,4,36,paid_search,0,23.9,1,0,10,0.349,0,1
C103647,DE,monthly,17,39,paid_search,1,23.9,0,0,9,0.253,0,0
C103648,DE,quarterly,14,45,paid_search,0,21.99,1,0,6,0.646,1,0
C103649,AT,monthly,4,33,referral,0,24.9,0,0,5,0.278,0,1
C103650,AT,quarterly,2,38,tv_campaign,0,22.91,0,0,7,0.512,1,0
C103651,CH,monthly,12,20,paid_social,1,29.9,1,1,10,0.908,1,1
C103652,DE,monthly,5,41,paid_search,1,23.9,0,0,7,0.755,0,1
C103653,DE,monthly,12,35,tv_campaign,1,23.9,0,1,10,0.232,1,0
C103654,DE,quarterly,10,48,tv_campaign,1,21.99,1,1,4,0.389,1,0
C103655,DE,monthly,13,38,paid_search,0,23.9,0,0,6,0.372,0,0
C103656,CH,quarterly,15,57,referral,0,27.51,0,0,8,0.329,0,0
C103657,DE,quarterly,12,43,influencer,0,21.99,0,0,7,0.265,0,0
C103658,DE,monthly,13,60,referral,0,23.9,0,0,7,0.829,0,0
C103659,DE,monthly,14,48,paid_search,0,23.9,0,1,8,0.399,1,0
C103660,DE,quarterly,16,53,influencer,0,21.99,1,0,8,0.518,1,0
C103661,DE,monthly,6,35,paid_social,0,23.9,0,1,8,0.34,0,0
C103662,AT,quarterly,10,34,paid_search,0,22.91,1,0,8,0.204,0,0
C103663,DE,monthly,9,44,tv_campaign,0,23.9,1,0,9,0.404,0,0
C103664,DE,monthly,11,41,tv_campaign,0,23.9,0,0,8,0.542,0,0
C103665,DE,monthly,19,25,paid_social,0,23.9,0,0,8,0.271,0,0
C103666,DE,monthly,3,75,tv_campaign,0,23.9,0,1,7,0.362,1,0
C103667,DE,quarterly,14,32,tv_campaign,0,21.99,1,0,8,0.805,0,0
C103668,AT,monthly,6,32,tv_campaign,0,24.9,2,2,3,0.646,0,1
C103669,CH,quarterly,35,40,paid_search,1,27.51,2,2,3,0.67,0,1
C103670,DE,monthly,16,46,referral,1,23.9,0,0,8,0.122,0,0
C103671,CH,monthly,16,47,paid_search,0,29.9,0,0,10,0.546,1,0
C103672,DE,quarterly,11,49,tv_campaign,0,21.99,2,0,5,0.337,1,0
C103673,DE,monthly,17,43,paid_social,0,23.9,0,0,5,0.716,0,1
C103674,DE,quarterly,2,49,paid_social,0,21.99,1,1,8,0.644,0,0
C103675,DE,quarterly,13,44,paid_social,1,21.99,0,0,7,0.645,0,0
C103676,DE,quarterly,10,65,paid_social,0,21.99,0,0,10,0.352,0,1
C103677,DE,monthly,1,34,paid_social,1,23.9,0,0,7,0.187,0,1
C103678,AT,monthly,2,52,tv_campaign,0,24.9,0,0,7,0.286,0,1
C103679,CH,monthly,30,41,referral,0,29.9,1,0,8,0.568,0,0
C103680,AT,monthly,5,26,tv_campaign,1,24.9,0,0,5,0.243,0,0
C103681,CH,monthly,10,42,paid_search,0,29.9,0,0,9,0.62,1,0
C103682,AT,monthly,31,43,tv_campaign,0,24.9,0,0,9,0.324,1,0
C103683,DE,monthly,5,48,paid_social,1,23.9,1,0,8,0.157,1,1
C103684,DE,monthly,2,48,influencer,0,23.9,0,0,8,0.432,1,0
C103685,DE,monthly,11,51,paid_search,0,23.9,0,0,8,0.102,1,0
C103686,DE,quarterly,9,56,paid_search,0,21.99,0,0,8,0.67,0,0
C103687,CH,monthly,5,54,paid_search,0,29.9,0,1,6,0.762,0,1
C103688,DE,monthly,5,43,referral,0,23.9,1,0,8,0.587,1,1
C103689,DE,monthly,22,43,tv_campaign,0,23.9,1,2,9,0.313,0,0
C103690,DE,monthly,13,27,influencer,1,23.9,1,0,7,0.338,1,0
C103691,CH,monthly,3,38,paid_search,0,29.9,1,0,6,0.228,1,0
C103692,DE,monthly,20,46,referral,1,23.9,2,0,6,0.546,0,0
C103693,DE,monthly,10,28,tv_campaign,0,23.9,0,1,7,0.16,1,0
C103694,DE,quarterly,4,34,tv_campaign,0,21.99,0,0,10,0.334,0,0
C103695,AT,monthly,21,45,tv_campaign,1,24.9,1,0,7,0.664,1,0
C103696,DE,quarterly,16,32,influencer,0,21.99,0,1,8,0.47,1,0
C103697,AT,monthly,15,25,paid_social,1,24.9,1,0,7,0.534,1,0
C103698,AT,quarterly,3,32,influencer,1,22.91,0,0,7,0.433,1,1
C103699,DE,quarterly,3,60,referral,0,21.99,1,0,8,0.208,0,0
C103700,DE,monthly,20,65,paid_search,0,23.9,0,0,9,0.301,0,0
C103701,DE,quarterly,5,41,influencer,1,21.99,1,0,7,0.198,0,0
C103702,DE,quarterly,3,26,paid_search,0,21.99,2,1,6,0.332,0,1
C103703,DE,monthly,28,46,referral,1,23.9,1,1,5,0.608,0,0
C103704,AT,monthly,9,29,influencer,1,24.9,0,0,10,0.25,0,0
C103705,DE,monthly,24,56,tv_campaign,0,23.9,2,0,10,0.464,1,0
C103706,AT,monthly,2,49,paid_search,1,24.9,1,0,8,0.425,0,1
C103707,DE,monthly,13,49,influencer,0,23.9,1,1,6,0.689,0,1
C103708,AT,quarterly,9,29,paid_search,0,22.91,0,1,7,0.787,0,0
C103709,DE,quarterly,16,48,paid_search,1,21.99,0,0,7,0.559,0,0
C103710,DE,monthly,15,50,paid_search,0,23.9,0,0,7,0.812,0,0
C103711,DE,monthly,3,62,tv_campaign,0,23.9,0,0,9,0.578,0,0
C103712,DE,quarterly,19,50,paid_search,0,21.99,1,0,9,0.73,0,0
C103713,DE,monthly,18,40,paid_social,1,23.9,0,0,7,0.774,0,1
C103714,DE,quarterly,24,58,referral,1,21.99,0,0,8,0.453,0,0
C103715,DE,monthly,30,53,paid_social,0,23.9,1,1,7,0.589,0,0
C103716,DE,quarterly,14,45,paid_search,0,21.99,1,1,8,0.546,1,0
C103717,DE,monthly,6,36,paid_social,1,23.9,1,0,8,0.169,0,0
C103718,AT,monthly,10,30,paid_social,1,24.9,1,0,8,0.582,0,0
C103719,DE,quarterly,6,49,paid_search,1,21.99,0,0,7,0.393,0,0
C103720,DE,quarterly,4,18,paid_search,1,21.99,0,0,8,0.484,0,0
C103721,DE,monthly,7,56,influencer,1,23.9,1,1,6,0.493,1,1
C103722,DE,monthly,11,32,influencer,1,23.9,1,1,5,0.289,0,0
C103723,DE,monthly,6,39,paid_search,0,23.9,0,0,7,0.38,0,0
C103724,AT,monthly,18,42,tv_campaign,0,24.9,0,0,10,0.318,0,0
C103725,CH,quarterly,15,42,tv_campaign,1,27.51,1,0,6,0.542,0,0
C103726,DE,monthly,7,30,paid_search,0,23.9,1,1,5,0.27,1,0
C103727,AT,quarterly,6,45,influencer,1,22.91,0,0,7,0.519,0,0
C103728,DE,monthly,3,29,paid_search,0,23.9,0,0,8,0.831,0,0
C103729,AT,monthly,12,40,paid_search,0,24.9,0,0,7,0.724,0,0
C103730,DE,monthly,16,40,referral,1,23.9,1,0,6,0.351,0,0
C103731,AT,quarterly,21,45,paid_search,1,22.91,0,0,8,0.716,1,0
C103732,DE,quarterly,9,44,referral,0,21.99,2,1,5,0.486,0,0
C103733,CH,quarterly,10,40,paid_social,0,27.51,0,0,8,0.26,1,0
C103734,DE,quarterly,8,35,influencer,1,21.99,1,0,8,0.41,1,0
C103735,CH,monthly,15,30,paid_search,0,29.9,0,0,9,0.464,1,0
C103736,AT,monthly,8,30,influencer,0,24.9,1,0,8,0.274,1,0
C103737,AT,quarterly,18,54,influencer,1,22.91,1,0,6,0.461,0,1
C103738,DE,quarterly,18,25,paid_search,0,21.99,0,0,7,0.272,1,0
C103739,DE,monthly,10,49,referral,1,23.9,1,1,6,0.276,0,1
C103740,DE,monthly,8,34,tv_campaign,0,23.9,2,1,6,0.392,0,1
C103741,DE,quarterly,13,19,paid_search,0,21.99,0,0,8,0.643,0,0
C103742,DE,monthly,13,44,referral,0,23.9,0,0,6,0.674,1,0
C103743,DE,quarterly,9,42,paid_search,1,21.99,0,0,7,0.402,1,0
C103744,DE,monthly,5,34,paid_social,0,23.9,1,0,9,0.389,0,0
C103745,DE,monthly,9,45,paid_social,0,23.9,2,0,5,0.501,0,1
C103746,CH,monthly,9,47,referral,0,29.9,0,1,7,0.123,0,0
C103747,DE,quarterly,23,40,tv_campaign,1,21.99,0,0,9,0.578,0,0
C103748,DE,quarterly,7,57,tv_campaign,0,21.99,0,0,6,0.147,0,0
C103749,CH,monthly,7,56,referral,1,29.9,3,1,7,0.455,1,0
C103750,DE,monthly,8,54,referral,0,23.9,0,0,8,0.77,0,0
C103751,CH,monthly,13,50,influencer,0,29.9,0,0,8,0.289,0,0
C103752,DE,quarterly,10,40,tv_campaign,1,21.99,0,0,8,0.374,1,0
C103753,DE,monthly,3,47,paid_search,0,23.9,0,0,10,0.164,1,0
C103754,CH,monthly,29,49,paid_social,1,29.9,1,1,8,0.41,1,0
C103755,AT,quarterly,8,18,paid_search,0,22.91,0,0,8,0.29,1,0
C103756,DE,quarterly,20,51,paid_search,1,21.99,0,1,7,0.369,0,0
C103757,CH,quarterly,40,18,paid_social,0,27.51,0,0,10,0.398,0,0
C103758,AT,monthly,29,48,paid_social,1,24.9,1,0,7,0.535,0,0
C103759,AT,monthly,22,42,influencer,1,24.9,0,0,9,0.273,0,0
C103760,AT,quarterly,11,46,referral,0,22.91,2,0,8,0.272,0,0
C103761,CH,monthly,35,40,paid_social,0,29.9,0,0,8,0.261,0,0
C103762,DE,quarterly,4,56,paid_social,1,21.99,0,0,9,0.451,1,1
C103763,AT,monthly,14,38,referral,0,24.9,2,0,8,0.355,0,1
C103764,CH,monthly,9,63,paid_search,0,29.9,1,1,6,0.16,1,0
C103765,DE,monthly,17,67,tv_campaign,0,23.9,0,0,8,0.69,0,0
C103766,AT,quarterly,2,55,influencer,0,22.91,1,0,9,0.416,0,1
C103767,DE,quarterly,2,46,paid_search,1,21.99,0,0,8,0.639,0,0
C103768,DE,quarterly,18,51,paid_search,0,21.99,0,0,8,0.533,1,0
C103769,DE,quarterly,20,27,tv_campaign,0,21.99,0,0,9,0.402,0,0
C103770,AT,monthly,21,32,referral,0,24.9,0,0,8,0.678,0,0
C103771,DE,monthly,12,18,paid_search,0,23.9,0,0,9,0.625,1,0
C103772,DE,monthly,14,63,referral,0,23.9,0,0,9,0.622,1,0
C103773,DE,monthly,4,36,paid_search,0,23.9,0,0,10,0.32,0,0
C103774,AT,monthly,10,53,paid_social,0,24.9,0,0,7,0.461,0,1
C103775,CH,monthly,20,52,influencer,1,29.9,0,0,7,0.836,1,0
C103776,CH,monthly,10,29,paid_search,1,29.9,0,0,8,0.39,1,1
C103777,DE,monthly,5,51,influencer,1,23.9,0,0,7,0.351,1,0
C103778,DE,quarterly,17,41,influencer,1,21.99,0,0,8,0.534,1,0
C103779,AT,monthly,5,30,referral,1,24.9,0,0,9,0.444,0,0
C103780,DE,quarterly,3,46,referral,0,21.99,0,1,7,0.664,1,0
C103781,CH,monthly,3,44,paid_social,1,29.9,0,1,10,0.305,0,0
C103782,CH,quarterly,6,53,paid_social,1,27.51,2,1,8,0.382,0,1
C103783,CH,monthly,22,36,paid_social,0,29.9,1,0,8,0.354,1,0
C103784,DE,monthly,15,51,tv_campaign,1,23.9,0,0,7,0.266,1,0
C103785,DE,monthly,5,49,tv_campaign,0,23.9,0,0,8,0.226,1,0
C103786,AT,quarterly,6,40,tv_campaign,1,22.91,1,0,7,0.187,0,0
C103787,AT,monthly,27,25,tv_campaign,0,24.9,1,0,7,0.69,0,0
C103788,DE,quarterly,34,24,paid_social,0,21.99,0,1,5,0.646,1,0
C103789,DE,monthly,13,30,tv_campaign,0,23.9,1,0,9,0.338,0,0
C103790,AT,monthly,1,43,paid_social,0,24.9,0,0,8,0.445,0,0
C103791,DE,quarterly,12,43,referral,0,21.99,0,0,8,0.436,0,0
C103792,DE,monthly,6,48,paid_search,0,23.9,2,0,7,0.303,0,0
C103793,DE,quarterly,6,33,paid_social,1,21.99,1,0,8,0.627,1,0
C103794,DE,monthly,33,53,paid_search,1,23.9,1,0,7,0.609,0,0
C103795,AT,monthly,7,45,tv_campaign,0,24.9,1,1,8,0.325,0,0
C103796,AT,quarterly,3,41,tv_campaign,0,22.91,0,0,7,0.32,0,0
C103797,DE,monthly,19,43,tv_campaign,0,23.9,0,1,8,0.275,1,0
C103798,AT,quarterly,16,51,paid_social,0,22.91,0,0,9,0.614,0,0
C103799,AT,monthly,16,72,referral,1,24.9,0,0,9,0.605,0,0
C103800,DE,monthly,1,31,referral,0,23.9,2,1,6,0.188,1,1
C103801,DE,monthly,3,29,paid_social,1,23.9,0,0,9,0.112,1,1
C103802,AT,monthly,7,29,paid_social,1,24.9,0,0,8,0.77,1,0
C103803,DE,monthly,1,43,influencer,0,23.9,0,0,6,0.637,1,1
C103804,AT,quarterly,13,35,influencer,1,22.91,0,1,6,0.15,0,1
C103805,AT,quarterly,12,18,influencer,1,22.91,1,0,7,0.399,0,0
C103806,AT,monthly,8,58,paid_search,0,24.9,1,0,8,0.29,0,0
C103807,DE,monthly,9,37,paid_social,1,23.9,1,1,8,0.32,0,1
C103808,DE,quarterly,2,46,paid_search,1,21.99,0,0,10,0.674,1,0
C103809,DE,monthly,22,49,tv_campaign,0,23.9,0,0,9,0.614,0,0
C103810,DE,monthly,5,25,paid_search,0,23.9,0,0,6,0.332,1,0
C103811,CH,monthly,11,18,paid_search,0,29.9,2,1,4,0.645,1,0
C103812,DE,monthly,3,45,referral,0,23.9,0,1,9,0.478,0,0
C103813,DE,monthly,1,26,referral,0,23.9,0,1,5,0.32,1,0
C103814,DE,quarterly,3,47,paid_search,0,21.99,2,0,7,0.568,0,0
C103815,DE,monthly,24,28,paid_social,1,23.9,0,0,7,0.571,1,0
C103816,DE,quarterly,21,24,paid_social,1,21.99,0,0,9,0.63,0,0
C103817,DE,monthly,43,54,influencer,1,23.9,0,0,10,0.389,0,0
C103818,DE,quarterly,19,59,influencer,0,21.99,0,0,7,0.622,1,0
C103819,CH,monthly,6,24,influencer,0,29.9,1,1,6,0.462,0,1
C103820,DE,monthly,7,34,paid_search,0,23.9,1,0,7,0.396,1,0
C103821,DE,quarterly,5,49,paid_search,0,21.99,0,0,10,0.302,0,0
C103822,AT,monthly,9,58,paid_search,0,24.9,1,1,7,0.706,0,0
C103823,CH,monthly,2,34,paid_social,0,29.9,0,0,9,0.655,1,0
C103824,DE,quarterly,17,50,referral,0,21.99,1,1,8,0.252,1,1
C103825,AT,quarterly,7,58,influencer,1,22.91,0,0,6,0.866,0,0
C103826,DE,monthly,14,38,tv_campaign,1,23.9,0,0,9,0.414,1,0
C103827,DE,monthly,22,46,referral,0,23.9,0,0,8,0.648,0,0
C103828,DE,monthly,10,44,paid_search,0,23.9,0,1,7,0.566,1,0
C103829,DE,quarterly,5,59,influencer,0,21.99,1,0,9,0.649,0,0
C103830,AT,monthly,17,28,paid_social,1,24.9,0,0,9,0.403,0,1
C103831,DE,monthly,23,36,influencer,1,23.9,0,0,4,0.608,0,0
C103832,DE,monthly,2,45,paid_social,0,23.9,0,0,9,0.363,0,1
C103833,DE,monthly,4,51,paid_search,1,23.9,1,1,9,0.394,0,0
C103834,AT,quarterly,15,41,paid_search,0,22.91,2,1,6,0.503,0,0
C103835,AT,quarterly,2,30,referral,0,22.91,1,1,6,0.492,0,0
C103836,DE,quarterly,16,29,paid_social,0,21.99,0,0,7,0.499,1,0
C103837,CH,quarterly,7,24,paid_search,0,27.51,1,1,7,0.216,0,0
C103838,AT,monthly,7,25,referral,1,24.9,2,0,5,0.201,1,1
C103839,CH,monthly,16,24,paid_search,1,29.9,1,0,6,0.479,0,1
C103840,AT,monthly,46,20,paid_search,0,24.9,0,0,8,0.603,1,0
C103841,DE,monthly,8,47,paid_social,1,23.9,1,0,8,0.395,0,1
C103842,DE,monthly,21,22,influencer,1,23.9,0,0,9,0.595,1,0
C103843,AT,monthly,14,40,paid_search,0,24.9,1,0,7,0.309,0,1
C103844,CH,quarterly,11,27,influencer,1,27.51,0,0,8,0.271,1,0
C103845,DE,quarterly,20,52,paid_social,1,21.99,1,0,6,0.61,0,0
C103846,DE,monthly,8,30,paid_search,0,23.9,1,0,8,0.246,0,0
C103847,DE,quarterly,4,37,paid_search,0,21.99,2,0,7,0.25,0,0
C103848,AT,quarterly,8,49,tv_campaign,0,22.91,0,0,7,0.231,0,0
C103849,AT,monthly,28,18,paid_search,0,24.9,0,0,9,0.824,1,0
C103850,DE,monthly,16,35,referral,0,23.9,1,1,7,0.68,0,0
C103851,DE,monthly,17,26,paid_social,1,23.9,2,0,8,0.472,0,1
C103852,DE,monthly,5,44,paid_social,0,23.9,0,0,8,0.058,1,0
C103853,CH,monthly,6,65,referral,1,29.9,1,0,6,0.334,0,0
C103854,DE,monthly,5,40,influencer,1,23.9,0,0,6,0.652,1,0
C103855,DE,monthly,48,42,tv_campaign,0,23.9,0,0,9,0.446,0,0
C103856,AT,monthly,5,52,tv_campaign,0,24.9,0,0,10,0.53,1,0
C103857,DE,monthly,27,50,paid_social,0,23.9,0,0,6,0.687,0,0
C103858,DE,quarterly,8,36,influencer,0,21.99,2,0,8,0.149,1,0
C103859,DE,quarterly,4,62,paid_social,0,21.99,0,0,9,0.423,0,0
C103860,AT,monthly,14,62,tv_campaign,0,24.9,0,0,7,0.634,0,0
C103861,DE,monthly,10,27,referral,1,23.9,0,0,10,0.737,1,0
C103862,DE,quarterly,23,27,paid_social,0,21.99,1,0,10,0.301,1,0
C103863,CH,monthly,47,28,influencer,0,29.9,0,0,8,0.635,0,0
C103864,DE,quarterly,27,49,influencer,0,21.99,2,0,7,0.414,0,0
C103865,AT,monthly,11,54,referral,1,24.9,1,0,8,0.244,1,1
C103866,DE,monthly,12,30,paid_search,0,23.9,1,1,7,0.675,1,0
C103867,CH,quarterly,1,34,paid_social,0,27.51,0,1,8,0.295,0,0
C103868,AT,monthly,5,36,tv_campaign,0,24.9,1,1,6,0.544,1,0
C103869,AT,quarterly,18,34,referral,0,22.91,1,1,9,0.32,1,0
C103870,CH,quarterly,12,30,paid_social,1,27.51,0,0,9,0.381,1,0
C103871,DE,monthly,11,46,tv_campaign,0,23.9,2,1,6,0.61,0,0
C103872,DE,quarterly,13,34,paid_search,0,21.99,0,0,8,0.307,1,0
C103873,DE,quarterly,17,64,paid_search,0,21.99,1,0,6,0.34,0,0
C103874,AT,quarterly,4,21,referral,1,22.91,2,0,6,0.213,0,0
C103875,DE,monthly,10,40,influencer,1,23.9,0,0,7,0.381,1,0
C103876,DE,quarterly,8,41,influencer,1,21.99,0,0,8,0.342,1,0
C103877,AT,monthly,6,30,influencer,0,24.9,0,0,7,0.59,1,0
C103878,DE,quarterly,4,36,tv_campaign,0,21.99,0,1,7,0.327,0,1
C103879,DE,monthly,4,37,referral,0,23.9,0,1,6,0.56,1,0
C103880,DE,monthly,27,62,influencer,0,23.9,0,1,7,0.469,1,1
C103881,DE,monthly,3,35,paid_search,0,23.9,1,0,5,0.586,0,0
C103882,CH,monthly,21,46,paid_social,0,29.9,0,0,9,0.557,0,0
C103883,CH,quarterly,6,34,paid_search,1,27.51,1,0,8,0.542,1,0
C103884,DE,quarterly,48,30,paid_social,1,21.99,1,0,6,0.205,0,0
C103885,AT,monthly,18,44,paid_search,0,24.9,1,0,8,0.698,0,0
C103886,DE,monthly,4,46,paid_social,1,23.9,0,0,7,0.311,0,0
C103887,DE,quarterly,12,35,paid_social,1,21.99,1,0,5,0.31,1,1
C103888,DE,monthly,20,26,referral,0,23.9,0,0,6,0.661,1,0
C103889,DE,monthly,8,69,paid_search,1,23.9,1,0,9,0.53,0,1
C103890,DE,monthly,24,42,paid_social,0,23.9,0,0,9,0.675,1,0
C103891,CH,quarterly,3,45,paid_search,0,27.51,1,0,7,0.557,0,0
C103892,DE,monthly,17,35,referral,0,23.9,0,0,7,0.387,0,0
C103893,AT,monthly,15,56,referral,0,24.9,0,0,6,0.308,0,0
C103894,AT,quarterly,3,29,paid_search,0,22.91,1,1,7,0.297,1,0
C103895,DE,quarterly,8,40,influencer,1,21.99,0,0,8,0.322,1,0
C103896,AT,monthly,19,38,paid_social,1,24.9,0,0,8,0.614,1,0
C103897,DE,monthly,13,45,tv_campaign,0,23.9,1,0,7,0.783,1,0
C103898,CH,quarterly,17,29,tv_campaign,0,27.51,0,0,10,0.539,1,0
C103899,AT,monthly,6,44,paid_social,0,24.9,0,0,8,0.628,0,0
C103900,AT,quarterly,20,30,influencer,1,22.91,0,0,8,0.819,1,0
C103901,DE,quarterly,5,57,tv_campaign,0,21.99,0,0,10,0.355,0,0
C103902,DE,monthly,14,45,influencer,1,23.9,1,0,7,0.269,1,0
C103903,DE,monthly,3,26,referral,0,23.9,2,2,5,0.593,0,0
C103904,DE,quarterly,5,53,referral,0,21.99,1,0,6,0.615,0,0
C103905,CH,monthly,16,63,paid_search,1,29.9,0,0,7,0.675,0,1
C103906,DE,monthly,8,73,paid_social,1,23.9,0,0,8,0.115,0,0
C103907,CH,monthly,4,31,paid_search,0,29.9,0,0,7,0.394,1,0
C103908,DE,monthly,35,38,paid_social,1,23.9,0,0,9,0.547,1,0
C103909,DE,quarterly,8,54,paid_search,0,21.99,0,0,8,0.554,1,0
C103910,DE,quarterly,12,48,paid_social,0,21.99,1,1,6,0.579,1,0
C103911,AT,quarterly,11,47,influencer,1,22.91,0,0,9,0.643,1,0
C103912,DE,quarterly,3,77,tv_campaign,0,21.99,0,2,6,0.544,0,0
C103913,DE,monthly,11,30,tv_campaign,0,23.9,1,0,5,0.595,0,0
C103914,DE,monthly,17,56,paid_search,0,23.9,0,0,10,0.435,0,0
C103915,AT,monthly,9,20,paid_social,0,24.9,0,0,9,0.703,0,0
C103916,AT,monthly,15,45,paid_social,0,24.9,0,0,8,0.175,0,0
C103917,AT,monthly,9,44,influencer,1,24.9,0,0,8,0.227,1,0
C103918,AT,quarterly,11,39,referral,0,22.91,2,1,4,0.821,0,0
C103919,CH,quarterly,11,39,influencer,0,27.51,2,0,6,0.398,0,0
C103920,AT,quarterly,24,38,paid_search,1,22.91,1,0,9,0.502,1,0
C103921,DE,quarterly,17,75,paid_social,1,21.99,1,0,9,0.416,0,0
C103922,AT,quarterly,23,47,paid_search,1,22.91,0,0,10,0.236,0,1
C103923,CH,quarterly,5,42,referral,1,27.51,0,0,7,0.917,0,0
C103924,AT,monthly,9,41,influencer,1,24.9,1,2,4,0.254,0,1
C103925,DE,monthly,5,31,referral,0,23.9,0,0,9,0.366,0,0
C103926,DE,quarterly,9,45,paid_social,0,21.99,0,0,7,0.255,0,0
C103927,CH,quarterly,2,40,referral,0,27.51,2,0,8,0.567,0,0
C103928,DE,monthly,5,28,tv_campaign,0,23.9,0,0,8,0.421,0,1
C103929,DE,monthly,7,47,tv_campaign,0,23.9,0,0,9,0.146,1,0
C103930,DE,monthly,5,55,paid_social,1,23.9,0,0,8,0.829,0,0
C103931,CH,monthly,5,18,paid_social,0,29.9,0,1,7,0.476,1,0
C103932,AT,monthly,8,32,tv_campaign,0,24.9,0,0,10,0.216,1,0
C103933,CH,quarterly,18,61,paid_search,0,27.51,0,0,9,0.231,1,0
C103934,AT,quarterly,37,33,tv_campaign,0,22.91,0,0,8,0.477,1,0
C103935,DE,monthly,1,23,paid_search,0,23.9,0,0,9,0.254,0,0
C103936,DE,monthly,11,35,paid_search,0,23.9,1,0,8,0.41,1,0
C103937,DE,monthly,1,61,influencer,1,23.9,0,0,8,0.462,0,0
C103938,DE,monthly,4,33,paid_social,1,23.9,0,0,9,0.429,0,0
C103939,CH,monthly,25,22,paid_search,0,29.9,1,1,4,0.14,1,0
C103940,DE,monthly,12,43,referral,1,23.9,1,1,8,0.426,1,0
C103941,DE,monthly,4,46,paid_search,0,23.9,0,0,8,0.519,0,1
C103942,DE,monthly,23,46,referral,1,23.9,0,0,8,0.497,1,0
C103943,DE,monthly,29,51,paid_search,0,23.9,1,0,8,0.385,0,0
C103944,DE,monthly,5,54,paid_search,0,23.9,0,1,7,0.721,0,0
C103945,DE,monthly,5,33,referral,0,23.9,1,1,6,0.695,1,0
C103946,AT,monthly,5,62,paid_search,0,24.9,0,0,8,0.34,0,0
C103947,DE,monthly,2,64,paid_social,0,23.9,1,0,7,0.417,0,1
C103948,DE,monthly,7,34,referral,0,23.9,0,1,8,0.451,0,0
C103949,DE,monthly,10,33,paid_search,1,23.9,1,0,6,0.572,0,0
C103950,AT,monthly,1,54,referral,0,24.9,1,0,7,0.543,0,0
C103951,AT,monthly,6,43,paid_search,1,24.9,0,1,7,0.373,1,0
C103952,CH,monthly,10,30,tv_campaign,1,29.9,1,0,8,0.225,0,0
C103953,DE,monthly,17,50,paid_social,1,23.9,1,1,8,0.16,0,1
C103954,CH,quarterly,4,71,paid_social,0,27.51,1,1,6,0.64,0,0
C103955,CH,quarterly,12,32,influencer,0,27.51,1,3,3,0.297,0,1
C103956,AT,monthly,12,47,paid_search,0,24.9,0,0,8,0.337,0,0
C103957,DE,monthly,7,57,influencer,1,23.9,0,0,8,0.701,0,0
C103958,AT,monthly,11,36,tv_campaign,1,24.9,0,0,8,0.595,1,0
C103959,DE,monthly,12,33,paid_search,1,23.9,0,0,8,0.375,0,0
C103960,AT,quarterly,11,55,paid_search,0,22.91,1,0,5,0.434,0,0
C103961,DE,monthly,1,28,referral,0,23.9,0,0,9,0.527,1,0
C103962,CH,quarterly,3,53,paid_search,0,27.51,0,0,8,0.163,0,0
C103963,DE,monthly,16,32,referral,1,23.9,0,0,7,0.29,0,0
C103964,DE,quarterly,14,43,paid_search,0,21.99,3,1,4,0.789,1,0
C103965,AT,monthly,27,59,tv_campaign,0,24.9,0,0,9,0.616,0,0
C103966,CH,quarterly,37,61,paid_social,1,27.51,0,0,7,0.648,0,0
C103967,DE,monthly,15,18,paid_search,0,23.9,0,1,9,0.539,1,0
C103968,CH,quarterly,13,43,influencer,0,27.51,1,0,6,0.105,1,0
C103969,DE,monthly,4,45,paid_social,0,23.9,0,0,8,0.458,0,0
C103970,AT,quarterly,11,49,tv_campaign,1,22.91,0,1,7,0.732,1,0
C103971,DE,quarterly,4,27,tv_campaign,1,21.99,1,0,5,0.243,1,0
C103972,DE,quarterly,8,45,paid_social,1,21.99,0,0,10,0.417,0,0
C103973,CH,quarterly,6,18,paid_search,1,27.51,1,0,8,0.237,1,0
C103974,DE,monthly,14,53,paid_search,1,23.9,2,1,4,0.677,1,1
C103975,AT,monthly,7,27,paid_search,0,24.9,0,1,8,0.717,0,0
C103976,DE,monthly,7,37,paid_search,1,23.9,0,0,8,0.462,1,0
C103977,AT,monthly,18,34,paid_social,1,24.9,1,1,7,0.618,0,0
C103978,DE,monthly,6,40,tv_campaign,1,23.9,0,0,10,0.525,0,0
C103979,DE,monthly,5,26,paid_search,0,23.9,1,1,5,0.315,0,1
C103980,DE,monthly,7,57,paid_search,0,23.9,1,1,8,0.272,0,0
C103981,DE,monthly,27,26,paid_social,0,23.9,0,0,6,0.355,0,0
C103982,DE,monthly,32,28,paid_social,1,23.9,0,0,7,0.559,1,0
C103983,CH,quarterly,12,38,tv_campaign,0,27.51,3,1,5,0.186,0,0
C103984,AT,monthly,7,20,paid_social,1,24.9,0,0,10,0.099,1,0
C103985,CH,monthly,12,32,paid_search,1,29.9,0,0,6,0.23,0,1
C103986,CH,quarterly,3,44,paid_search,0,27.51,1,1,7,0.165,1,0
C103987,DE,quarterly,2,33,paid_social,1,21.99,0,1,8,0.292,0,0
C103988,AT,monthly,11,45,paid_search,1,24.9,0,0,7,0.568,0,0
C103989,DE,monthly,7,34,paid_search,0,23.9,1,0,7,0.72,0,0
C103990,CH,quarterly,15,42,influencer,1,27.51,3,1,4,0.533,0,1
C103991,DE,monthly,10,38,referral,1,23.9,1,2,5,0.758,0,0
C103992,AT,monthly,6,29,influencer,1,24.9,0,0,6,0.552,1,0
C103993,CH,quarterly,11,50,influencer,1,27.51,1,0,7,0.603,0,0
C103994,AT,monthly,3,28,paid_search,1,24.9,2,0,9,0.519,1,1
C103995,DE,quarterly,34,44,paid_search,0,21.99,1,0,6,0.313,0,0
C103996,DE,monthly,12,20,referral,0,23.9,1,0,7,0.602,1,0
C103997,DE,monthly,23,40,paid_search,1,23.9,1,0,7,0.352,0,0
C103998,DE,monthly,9,46,paid_search,0,23.9,0,0,9,0.403,0,0
C103999,DE,quarterly,12,57,paid_social,1,21.99,0,0,9,0.411,0,1
C104000,AT,monthly,9,46,paid_social,1,24.9,0,0,9,0.602,0,1
C104001,AT,quarterly,19,36,referral,0,22.91,0,0,9,0.196,0,0
C104002,DE,quarterly,18,50,paid_social,0,21.99,2,0,7,0.115,0,0
C104003,DE,monthly,38,33,referral,0,23.9,1,0,6,0.201,0,0
C104004,DE,monthly,7,31,paid_search,1,23.9,0,0,8,0.366,1,0
C104005,DE,quarterly,4,32,referral,1,21.99,1,1,6,0.782,0,1
C104006,DE,monthly,8,50,paid_social,1,23.9,1,0,9,0.517,1,0
C104007,DE,quarterly,23,26,tv_campaign,0,21.99,0,0,7,0.483,1,0
C104008,DE,monthly,23,51,influencer,0,23.9,0,0,8,0.261,1,0
C104009,AT,monthly,8,36,paid_social,1,24.9,0,0,7,0.48,0,1
C104010,CH,quarterly,14,65,paid_social,1,27.51,4,2,4,0.912,0,1
C104011,DE,monthly,3,50,paid_search,0,23.9,1,1,6,0.59,0,1
C104012,AT,monthly,18,46,paid_search,0,24.9,1,0,5,0.956,0,1
C104013,DE,monthly,28,27,referral,1,23.9,0,0,8,0.743,0,0
C104014,CH,monthly,18,44,paid_social,1,29.9,0,0,8,0.671,0,0
C104015,DE,quarterly,30,56,paid_social,1,21.99,0,0,10,0.579,0,0
C104016,DE,monthly,18,40,paid_search,1,23.9,0,0,9,0.327,1,0
C104017,DE,quarterly,12,34,influencer,0,21.99,0,1,7,0.358,0,0
C104018,DE,quarterly,4,44,referral,0,21.99,0,1,7,0.294,1,0
C104019,AT,quarterly,12,38,paid_social,0,22.91,0,0,7,0.667,0,0
C104020,DE,monthly,10,38,paid_search,0,23.9,0,0,9,0.404,1,0
C104021,DE,quarterly,8,30,referral,0,21.99,1,0,8,0.528,0,0
C104022,DE,quarterly,3,43,paid_search,0,21.99,0,0,9,0.792,0,0
C104023,DE,quarterly,9,43,tv_campaign,0,21.99,1,1,6,0.203,1,0
C104024,DE,monthly,22,42,tv_campaign,1,23.9,0,1,7,0.629,0,1
C104025,DE,quarterly,3,29,influencer,1,21.99,0,0,8,0.684,0,1
C104026,DE,monthly,15,42,paid_search,0,23.9,0,0,9,0.36,1,0
C104027,DE,monthly,24,20,influencer,1,23.9,0,0,9,0.79,0,0
C104028,CH,monthly,8,42,paid_social,0,29.9,0,1,9,0.205,0,0
C104029,CH,quarterly,30,44,paid_search,1,27.51,0,0,8,0.749,1,0
C104030,DE,monthly,8,21,referral,1,23.9,0,0,8,0.693,1,0
C104031,DE,monthly,5,54,tv_campaign,0,23.9,0,1,8,0.344,0,1
C104032,DE,monthly,9,69,paid_social,1,23.9,1,0,6,0.475,0,0
C104033,AT,quarterly,3,37,paid_social,1,22.91,0,1,7,0.355,0,1
C104034,DE,monthly,4,62,paid_social,0,23.9,1,0,7,0.618,0,1
C104035,AT,quarterly,3,44,paid_social,1,22.91,1,0,8,0.165,0,0
C104036,DE,monthly,6,36,paid_social,0,23.9,0,0,6,0.736,0,0
C104037,DE,quarterly,9,40,influencer,1,21.99,1,0,9,0.135,0,1
C104038,DE,quarterly,17,36,paid_search,0,21.99,1,1,5,0.593,0,0
C104039,DE,monthly,27,44,paid_social,0,23.9,1,0,7,0.342,0,0
C104040,DE,monthly,1,38,paid_search,0,23.9,0,0,7,0.215,0,0
C104041,CH,monthly,14,47,referral,1,29.9,2,0,8,0.396,0,1
C104042,DE,monthly,10,45,paid_social,1,23.9,0,0,10,0.626,0,0
C104043,DE,quarterly,2,30,influencer,0,21.99,0,1,7,0.62,0,1
C104044,AT,quarterly,29,34,paid_search,0,22.91,0,1,6,0.472,0,0
C104045,DE,monthly,9,30,influencer,0,23.9,0,0,6,0.19,1,1
C104046,AT,monthly,3,44,paid_search,1,24.9,0,0,8,0.08,1,0
C104047,AT,monthly,2,40,tv_campaign,1,24.9,1,1,7,0.305,0,1
C104048,DE,monthly,9,51,paid_search,1,23.9,0,0,9,0.27,0,0
C104049,AT,monthly,7,45,influencer,1,24.9,0,0,7,0.462,0,0
C104050,DE,quarterly,30,43,tv_campaign,0,21.99,1,1,4,0.362,1,0
C104051,DE,monthly,17,49,influencer,0,23.9,0,0,8,0.409,0,0
C104052,DE,monthly,4,42,referral,1,23.9,0,0,9,0.118,0,0
C104053,AT,quarterly,10,43,influencer,1,22.91,0,0,9,0.386,0,0
C104054,AT,monthly,7,67,paid_social,1,24.9,1,0,6,0.748,0,1
C104055,DE,quarterly,43,58,tv_campaign,0,21.99,0,0,10,0.647,1,0
C104056,CH,monthly,12,20,paid_social,1,29.9,0,0,7,0.336,0,0
C104057,AT,monthly,20,47,influencer,1,24.9,0,0,7,0.517,0,0
C104058,AT,quarterly,2,48,paid_search,1,22.91,1,0,8,0.371,0,1
C104059,CH,monthly,17,45,tv_campaign,0,29.9,0,0,8,0.171,0,0
C104060,DE,monthly,6,45,paid_search,0,23.9,0,1,6,0.55,0,0
C104061,DE,quarterly,9,26,paid_search,0,21.99,1,1,6,0.407,0,0
C104062,DE,monthly,9,41,tv_campaign,0,23.9,2,0,6,0.306,0,0
C104063,DE,monthly,5,70,influencer,0,23.9,0,0,10,0.404,1,0
C104064,AT,quarterly,13,48,paid_search,0,22.91,0,0,7,0.234,0,0
C104065,DE,quarterly,2,35,tv_campaign,0,21.99,1,1,6,0.611,0,1
C104066,DE,monthly,2,38,influencer,1,23.9,1,0,6,0.631,0,0
C104067,DE,monthly,40,49,referral,0,23.9,2,2,5,0.403,0,0
C104068,DE,monthly,21,18,paid_social,1,23.9,2,1,7,0.359,1,0
C104069,DE,monthly,23,23,paid_search,0,23.9,0,0,7,0.631,0,0
C104070,DE,quarterly,22,46,paid_social,1,21.99,0,0,8,0.718,0,0
C104071,AT,quarterly,7,42,paid_search,0,22.91,1,0,7,0.563,0,0
C104072,CH,monthly,5,34,paid_search,1,29.9,0,1,9,0.304,0,0
C104073,DE,monthly,7,44,paid_search,0,23.9,0,0,6,0.081,0,0
C104074,CH,monthly,14,43,paid_social,0,29.9,1,1,5,0.611,0,0
C104075,DE,monthly,14,37,influencer,0,23.9,0,1,9,0.49,1,0
C104076,AT,monthly,3,31,tv_campaign,0,24.9,1,0,9,0.38,1,0
C104077,CH,monthly,7,40,paid_social,0,29.9,0,1,7,0.514,1,0
C104078,DE,monthly,14,50,tv_campaign,1,23.9,0,0,8,0.626,0,1
C104079,CH,monthly,2,22,paid_search,0,29.9,0,0,8,0.683,0,0
C104080,DE,quarterly,10,39,paid_social,1,21.99,0,0,8,0.595,1,0
C104081,DE,quarterly,20,51,paid_search,0,21.99,1,1,6,0.473,1,0
C104082,DE,monthly,3,37,paid_search,1,23.9,0,0,7,0.337,0,1
C104083,DE,monthly,7,54,paid_social,0,23.9,0,0,6,0.794,0,0
C104084,AT,quarterly,2,40,referral,0,22.91,0,1,6,0.583,0,0
C104085,CH,monthly,4,31,paid_social,1,29.9,0,0,9,0.259,0,1
C104086,AT,quarterly,7,40,tv_campaign,0,22.91,0,0,7,0.439,0,1
C104087,AT,monthly,15,59,paid_social,1,24.9,1,0,9,0.49,0,0
C104088,DE,monthly,12,58,influencer,0,23.9,0,0,10,0.636,0,0
C104089,AT,monthly,10,29,referral,0,24.9,2,1,5,0.406,0,0
C104090,DE,monthly,10,54,paid_search,0,23.9,0,0,7,0.509,0,0
C104091,DE,monthly,29,51,tv_campaign,1,23.9,0,0,9,0.476,0,1
C104092,AT,quarterly,23,55,influencer,0,22.91,0,0,6,0.376,0,0
C104093,DE,monthly,7,38,referral,0,23.9,0,0,10,0.385,1,0
C104094,AT,quarterly,2,35,tv_campaign,0,22.91,1,1,8,0.233,1,0
C104095,DE,quarterly,8,57,influencer,0,21.99,0,0,9,0.642,1,0
C104096,DE,quarterly,16,31,paid_search,1,21.99,0,0,9,0.693,1,0
C104097,CH,monthly,10,37,paid_social,0,29.9,0,0,6,0.125,1,0
C104098,AT,quarterly,18,39,referral,0,22.91,1,0,7,0.656,1,0
C104099,DE,quarterly,19,44,referral,1,21.99,1,1,5,0.447,1,0
C104100,DE,monthly,26,34,paid_search,1,23.9,0,0,9,0.678,1,0
C104101,DE,quarterly,4,42,paid_search,1,21.99,1,0,8,0.642,0,0
C104102,AT,quarterly,12,35,paid_social,0,22.91,1,1,6,0.658,1,0
C104103,AT,monthly,9,42,influencer,1,24.9,0,0,9,0.492,1,0
C104104,DE,monthly,9,27,influencer,0,23.9,1,0,7,0.595,0,0
C104105,DE,monthly,10,43,paid_social,1,23.9,0,0,6,0.277,0,0
C104106,AT,monthly,1,26,paid_social,0,24.9,0,0,7,0.329,1,0
C104107,DE,monthly,48,33,tv_campaign,0,23.9,1,1,6,0.434,0,0
C104108,AT,monthly,24,46,influencer,1,24.9,0,0,7,0.637,0,0
C104109,DE,monthly,14,41,paid_search,0,23.9,0,0,10,0.336,0,0
C104110,DE,quarterly,10,60,referral,0,21.99,1,0,9,0.398,0,0
C104111,AT,monthly,4,28,influencer,1,24.9,1,0,7,0.264,0,1
C104112,DE,quarterly,37,45,paid_search,0,21.99,1,2,6,0.434,0,0
C104113,CH,monthly,19,39,paid_social,1,29.9,1,0,10,0.495,0,0
C104114,DE,monthly,13,46,paid_search,0,23.9,0,0,9,0.485,0,0
C104115,DE,monthly,7,69,paid_search,1,23.9,0,1,8,0.252,0,1
C104116,DE,monthly,11,49,influencer,0,23.9,0,0,7,0.661,0,0
C104117,CH,quarterly,12,37,paid_social,1,27.51,1,1,9,0.522,1,0
C104118,DE,quarterly,9,48,referral,0,21.99,1,0,8,0.396,0,0
C104119,DE,monthly,4,29,influencer,1,23.9,0,0,8,0.612,0,0
C104120,DE,monthly,6,40,paid_search,0,23.9,0,1,7,0.229,0,1
C104121,DE,monthly,6,45,paid_search,1,23.9,0,1,9,0.736,0,0
C104122,DE,monthly,13,41,paid_search,1,23.9,2,1,4,0.638,0,0
C104123,DE,monthly,19,56,tv_campaign,0,23.9,0,1,6,0.255,0,0
C104124,CH,quarterly,2,42,paid_search,0,27.51,2,0,7,0.162,0,1
C104125,DE,quarterly,2,51,paid_social,0,21.99,2,0,7,0.126,0,0
C104126,CH,quarterly,12,27,paid_search,1,27.51,2,0,8,0.264,1,0
C104127,CH,monthly,2,39,paid_social,1,29.9,0,1,7,0.468,0,1
C104128,DE,monthly,8,19,influencer,1,23.9,0,0,9,0.484,1,0
C104129,AT,quarterly,11,31,paid_search,0,22.91,0,0,6,0.118,1,0
C104130,CH,monthly,10,53,paid_social,1,29.9,0,0,9,0.559,0,0
C104131,DE,monthly,8,35,paid_social,0,23.9,0,0,8,0.343,1,0
C104132,AT,monthly,10,19,tv_campaign,0,24.9,0,1,6,0.493,0,0
C104133,AT,monthly,8,43,paid_search,0,24.9,0,0,6,0.609,0,0
C104134,AT,monthly,6,36,paid_social,1,24.9,0,0,10,0.518,0,0
C104135,DE,quarterly,7,45,paid_social,0,21.99,1,0,8,0.108,0,0
C104136,AT,monthly,7,55,paid_search,0,24.9,1,0,8,0.721,1,0
C104137,DE,quarterly,8,35,paid_search,1,21.99,0,1,9,0.581,1,1
C104138,DE,quarterly,13,48,influencer,1,21.99,0,0,10,0.312,0,0
C104139,DE,monthly,13,45,paid_social,1,23.9,0,0,7,0.764,0,0
C104140,AT,monthly,14,31,paid_search,0,24.9,0,1,7,0.412,0,0
C104141,DE,monthly,6,28,paid_social,0,23.9,0,0,8,0.424,1,0
C104142,DE,quarterly,12,51,paid_social,1,21.99,0,0,9,0.469,0,0
C104143,DE,monthly,26,28,paid_search,1,23.9,0,1,7,0.221,1,0
C104144,DE,monthly,4,48,tv_campaign,0,23.9,0,0,7,0.106,0,1
C104145,AT,monthly,10,49,influencer,1,24.9,1,0,7,0.688,0,1
C104146,DE,monthly,17,46,paid_social,0,23.9,0,0,7,0.867,0,0
C104147,DE,quarterly,25,42,referral,0,21.99,0,0,8,0.764,0,0
C104148,DE,monthly,12,46,tv_campaign,0,23.9,0,0,6,0.382,0,0
C104149,DE,monthly,9,41,tv_campaign,0,23.9,0,0,8,0.314,1,1
C104150,AT,monthly,5,41,paid_social,0,24.9,0,0,8,0.349,0,0
C104151,AT,quarterly,6,37,paid_social,1,22.91,2,1,6,0.534,0,1
C104152,DE,quarterly,16,47,referral,1,21.99,1,0,7,0.337,0,0
C104153,DE,monthly,4,54,referral,1,23.9,0,0,6,0.363,1,0
C104154,DE,monthly,9,31,referral,0,23.9,0,0,7,0.174,1,0
C104155,DE,monthly,4,43,paid_search,0,23.9,0,0,8,0.336,0,0
C104156,CH,quarterly,9,20,influencer,1,27.51,0,2,8,0.43,0,0
C104157,AT,monthly,9,42,referral,0,24.9,1,1,7,0.311,0,1
C104158,DE,monthly,21,34,paid_search,1,23.9,0,0,9,0.45,0,0
C104159,DE,monthly,20,41,paid_social,1,23.9,0,0,8,0.782,1,0
C104160,AT,monthly,20,18,paid_search,0,24.9,0,1,6,0.716,1,0
C104161,DE,quarterly,15,25,paid_social,0,21.99,0,0,8,0.593,0,0
C104162,DE,quarterly,9,57,paid_search,0,21.99,1,2,5,0.55,1,0
C104163,DE,monthly,26,33,paid_search,0,23.9,0,0,10,0.442,0,0
C104164,DE,monthly,5,51,paid_search,0,23.9,1,0,8,0.42,0,0
C104165,DE,quarterly,11,32,tv_campaign,0,21.99,0,1,8,0.364,1,0
C104166,DE,quarterly,25,41,tv_campaign,0,21.99,0,1,8,0.943,0,0
C104167,CH,monthly,33,18,paid_search,1,29.9,3,1,7,0.692,1,0
C104168,DE,monthly,5,80,paid_social,1,23.9,2,0,7,0.54,1,0
C104169,DE,quarterly,12,45,paid_search,0,21.99,0,0,8,0.377,0,0
C104170,DE,monthly,5,34,paid_search,0,23.9,0,0,7,0.582,0,0
C104171,DE,monthly,2,40,paid_social,1,23.9,1,1,8,0.174,1,0
C104172,AT,monthly,7,19,tv_campaign,0,24.9,1,1,5,0.588,1,1
C104173,AT,quarterly,10,41,paid_social,0,22.91,1,2,8,0.508,0,0
C104174,DE,quarterly,6,45,paid_search,0,21.99,0,0,6,0.078,0,1
C104175,DE,monthly,27,38,tv_campaign,0,23.9,0,0,9,0.616,0,0
C104176,DE,monthly,3,32,influencer,1,23.9,0,0,8,0.291,0,0
C104177,DE,quarterly,8,40,paid_social,1,21.99,1,0,8,0.641,0,0
C104178,AT,monthly,13,41,paid_social,1,24.9,1,1,8,0.42,0,1
C104179,DE,quarterly,6,35,paid_search,0,21.99,0,1,9,0.673,0,0
C104180,DE,monthly,9,50,tv_campaign,0,23.9,0,1,7,0.567,0,0
C104181,AT,monthly,17,31,tv_campaign,1,24.9,0,0,9,0.665,1,0
C104182,DE,monthly,4,24,tv_campaign,0,23.9,1,2,7,0.71,1,0
C104183,DE,quarterly,12,32,referral,1,21.99,2,2,6,0.434,0,0
C104184,CH,monthly,5,22,paid_social,0,29.9,1,1,5,0.896,0,1
C104185,DE,monthly,18,32,referral,1,23.9,0,1,6,0.498,1,0
C104186,AT,quarterly,13,47,paid_social,1,22.91,0,0,7,0.656,0,0
C104187,CH,monthly,2,51,paid_search,0,29.9,2,1,5,0.346,0,1
C104188,AT,monthly,17,32,referral,1,24.9,0,2,7,0.471,0,0
C104189,DE,monthly,21,59,paid_search,1,23.9,0,0,10,0.435,1,0
C104190,DE,monthly,1,39,tv_campaign,1,23.9,0,0,8,0.347,1,1
C104191,AT,quarterly,20,34,paid_social,0,22.91,0,0,6,0.352,0,0
C104192,AT,monthly,27,64,referral,1,24.9,2,0,8,0.408,0,0
C104193,DE,monthly,2,54,paid_social,1,23.9,1,0,8,0.572,0,1
C104194,DE,monthly,6,18,influencer,1,23.9,1,0,8,0.238,1,1
C104195,DE,monthly,15,36,referral,0,23.9,1,0,9,0.629,0,0
C104196,DE,monthly,8,48,paid_search,0,23.9,0,1,7,0.471,1,0
C104197,DE,monthly,23,47,paid_social,0,23.9,0,0,9,0.466,1,0
C104198,CH,quarterly,2,33,paid_search,0,27.51,0,0,6,0.699,0,1
C104199,DE,monthly,3,40,referral,0,23.9,2,1,7,0.178,0,0
C104200,AT,monthly,10,41,paid_search,1,24.9,0,1,7,0.273,0,1
C104201,DE,monthly,18,55,tv_campaign,0,23.9,0,1,4,0.336,0,0
C104202,AT,quarterly,25,58,paid_search,1,22.91,1,0,8,0.417,1,0
C104203,DE,quarterly,11,27,referral,1,21.99,1,1,6,0.468,0,1
C104204,AT,monthly,6,44,tv_campaign,1,24.9,0,0,9,0.284,1,0
C104205,CH,monthly,5,26,referral,0,29.9,0,0,8,0.431,0,0
C104206,DE,monthly,14,46,paid_search,0,23.9,0,0,9,0.8,1,0
C104207,DE,monthly,39,18,referral,1,23.9,0,0,9,0.339,1,0
C104208,DE,monthly,20,49,paid_search,1,23.9,1,0,8,0.517,1,0
C104209,DE,monthly,29,49,tv_campaign,0,23.9,0,0,7,0.302,0,0
C104210,DE,monthly,8,29,referral,0,23.9,0,0,10,0.257,0,0
C104211,DE,monthly,1,68,referral,0,23.9,0,0,6,0.697,1,0
C104212,DE,monthly,5,37,paid_social,1,23.9,0,0,9,0.489,0,0
C104213,DE,quarterly,7,39,paid_search,0,21.99,0,1,6,0.374,1,0
C104214,DE,monthly,18,62,referral,0,23.9,0,0,10,0.353,0,0
C104215,DE,monthly,10,43,referral,1,23.9,0,0,8,0.375,0,1
C104216,AT,monthly,5,19,tv_campaign,1,24.9,2,1,4,0.542,1,1
C104217,AT,monthly,4,50,tv_campaign,0,24.9,0,0,6,0.641,0,0
C104218,DE,monthly,6,42,paid_social,1,23.9,0,0,8,0.432,0,0
C104219,DE,monthly,9,28,paid_search,1,23.9,1,0,7,0.667,1,0
C104220,AT,quarterly,8,37,referral,0,22.91,0,0,4,0.226,0,0
C104221,DE,monthly,27,47,paid_search,0,23.9,1,0,8,0.315,0,0
C104222,AT,monthly,27,71,paid_search,0,24.9,2,0,9,0.895,0,0
C104223,DE,quarterly,15,48,paid_social,0,21.99,1,1,8,0.167,1,0
C104224,DE,quarterly,12,23,paid_social,0,21.99,1,1,4,0.618,0,0
C104225,CH,monthly,2,56,referral,1,29.9,0,0,7,0.297,0,0
C104226,CH,monthly,10,22,tv_campaign,0,29.9,2,0,7,0.718,0,0
C104227,DE,monthly,14,37,paid_search,0,23.9,1,2,4,0.409,0,0
C104228,DE,monthly,7,34,paid_social,1,23.9,1,0,6,0.33,1,0
C104229,DE,monthly,18,31,paid_social,1,23.9,0,1,6,0.554,1,0
C104230,AT,quarterly,5,59,referral,0,22.91,0,1,7,0.371,0,0
C104231,AT,quarterly,8,41,tv_campaign,0,22.91,1,0,10,0.471,0,0
C104232,CH,quarterly,16,38,influencer,0,27.51,1,1,7,0.501,0,0
C104233,DE,monthly,11,46,paid_search,0,23.9,0,0,8,0.63,0,0
C104234,DE,monthly,5,23,paid_search,1,23.9,0,1,7,0.404,0,0
C104235,AT,monthly,20,42,paid_search,1,24.9,0,0,10,0.404,0,0
C104236,DE,monthly,3,41,referral,1,23.9,0,0,10,0.421,0,0
C104237,AT,monthly,5,46,paid_search,0,24.9,0,0,8,0.227,1,0
C104238,DE,monthly,26,30,referral,0,23.9,2,0,8,0.685,1,1
C104239,DE,monthly,19,45,influencer,0,23.9,1,0,5,0.28,1,1
C104240,CH,monthly,10,57,paid_social,1,29.9,0,0,10,0.127,0,0
C104241,DE,monthly,12,52,influencer,0,23.9,1,1,8,0.153,0,0
C104242,CH,monthly,37,53,influencer,1,29.9,1,1,7,0.249,0,0
C104243,DE,monthly,6,39,paid_social,1,23.9,0,0,8,0.692,1,0
C104244,DE,quarterly,15,37,paid_search,0,21.99,1,0,9,0.462,0,0
C104245,AT,quarterly,3,36,influencer,1,22.91,1,0,6,0.508,0,0
C104246,CH,monthly,15,52,influencer,0,29.9,1,1,7,0.48,0,0
C104247,DE,monthly,5,44,paid_social,0,23.9,0,0,9,0.493,0,0
C104248,CH,quarterly,16,30,referral,0,27.51,0,0,9,0.592,1,0
C104249,AT,quarterly,7,43,influencer,0,22.91,0,0,9,0.304,1,0
C104250,AT,monthly,18,28,paid_social,1,24.9,1,1,6,0.314,0,0
C104251,CH,monthly,16,49,paid_search,0,29.9,1,0,9,0.6,0,0
C104252,DE,monthly,9,39,tv_campaign,1,23.9,0,0,10,0.347,1,0
C104253,CH,quarterly,7,31,referral,0,27.51,1,0,7,0.474,0,0
C104254,CH,monthly,4,42,paid_search,1,29.9,0,0,7,0.49,1,0
C104255,CH,quarterly,8,55,influencer,0,27.51,2,0,7,0.066,1,1
C104256,DE,monthly,19,45,tv_campaign,0,23.9,1,0,7,0.247,0,0
C104257,DE,quarterly,4,33,paid_search,1,21.99,0,0,7,0.457,0,0
C104258,DE,quarterly,26,37,paid_search,1,21.99,1,1,5,0.583,0,0
C104259,DE,monthly,8,22,paid_search,1,23.9,0,0,8,0.148,0,0
C104260,DE,monthly,21,30,tv_campaign,0,23.9,0,1,5,0.249,0,1
C104261,DE,monthly,10,46,referral,0,23.9,0,0,10,0.262,0,0
C104262,DE,monthly,28,68,tv_campaign,0,23.9,1,2,6,0.721,0,1
C104263,DE,quarterly,23,29,paid_search,0,21.99,1,1,6,0.804,0,0
C104264,CH,monthly,30,47,paid_social,1,29.9,4,1,4,0.306,0,1
C104265,DE,monthly,12,44,paid_search,0,23.9,0,0,6,0.474,1,0
C104266,AT,monthly,10,18,tv_campaign,0,24.9,0,0,7,0.707,0,0
C104267,CH,monthly,6,30,tv_campaign,0,29.9,1,1,4,0.42,0,1
C104268,AT,monthly,18,34,influencer,1,24.9,0,0,8,0.553,0,1
C104269,AT,monthly,14,34,paid_social,0,24.9,1,0,8,0.462,1,1
C104270,AT,monthly,11,29,paid_social,1,24.9,0,0,8,0.649,0,0
C104271,DE,monthly,3,50,referral,0,23.9,0,0,8,0.249,0,0
C104272,DE,monthly,47,45,referral,1,23.9,0,0,6,0.39,0,0
C104273,DE,monthly,14,39,paid_search,1,23.9,2,0,10,0.384,0,1
C104274,DE,monthly,18,39,paid_search,0,23.9,0,0,7,0.423,0,0
C104275,AT,monthly,21,40,referral,0,24.9,0,0,7,0.856,0,0
C104276,CH,quarterly,19,41,influencer,0,27.51,0,0,8,0.526,0,1
C104277,DE,monthly,19,56,paid_search,1,23.9,0,0,7,0.179,0,1
C104278,AT,quarterly,27,61,influencer,1,22.91,0,0,7,0.686,1,0
C104279,CH,quarterly,29,41,influencer,0,27.51,0,0,6,0.393,0,0
C104280,DE,monthly,24,23,tv_campaign,0,23.9,1,0,8,0.476,1,0
C104281,AT,quarterly,15,59,paid_search,1,22.91,0,0,8,0.247,0,0
C104282,DE,monthly,7,52,influencer,1,23.9,0,0,9,0.392,1,0
C104283,CH,quarterly,10,41,referral,0,27.51,0,0,8,0.213,0,0
C104284,AT,monthly,9,41,influencer,0,24.9,0,0,6,0.193,0,0
C104285,DE,monthly,10,49,paid_search,0,23.9,0,0,9,0.432,0,0
C104286,AT,quarterly,6,47,paid_search,0,22.91,0,0,8,0.358,1,0
C104287,CH,monthly,2,32,paid_social,0,29.9,0,0,7,0.672,0,0
C104288,AT,monthly,20,41,referral,0,24.9,0,1,7,0.885,0,0
C104289,DE,monthly,9,36,paid_social,0,23.9,0,1,5,0.459,1,0
C104290,CH,monthly,18,45,paid_social,1,29.9,2,0,6,0.505,0,0
C104291,CH,monthly,4,34,referral,0,29.9,2,0,8,0.136,1,0
C104292,DE,quarterly,17,26,paid_social,0,21.99,1,0,4,0.839,1,0
C104293,DE,monthly,16,44,referral,1,23.9,3,0,7,0.35,1,0
C104294,DE,monthly,3,22,tv_campaign,0,23.9,1,1,8,0.153,1,0
C104295,DE,monthly,9,42,influencer,1,23.9,1,0,8,0.687,0,0
C104296,AT,quarterly,11,27,paid_search,0,22.91,0,0,8,0.431,0,0
C104297,DE,quarterly,22,25,paid_search,0,21.99,0,0,8,0.503,1,0
C104298,DE,quarterly,31,20,paid_search,1,21.99,0,0,8,0.325,0,1
C104299,DE,monthly,15,21,referral,0,23.9,0,0,7,0.298,1,0
C104300,DE,quarterly,16,31,paid_social,1,21.99,1,1,5,0.636,0,0
C104301,DE,quarterly,13,47,paid_search,1,21.99,2,2,5,0.268,0,1
C104302,DE,monthly,12,38,influencer,1,23.9,2,1,5,0.729,1,0
C104303,DE,monthly,5,46,paid_social,1,23.9,0,0,7,0.422,1,0
C104304,AT,monthly,10,55,paid_search,0,24.9,0,0,8,0.338,1,0
C104305,AT,monthly,18,24,paid_social,1,24.9,0,0,10,0.65,0,0
C104306,AT,quarterly,5,36,paid_search,0,22.91,0,0,9,0.249,0,0
C104307,DE,monthly,5,34,paid_search,0,23.9,1,0,10,0.748,0,0
C104308,DE,quarterly,4,48,tv_campaign,1,21.99,0,0,7,0.307,0,0
C104309,DE,quarterly,17,34,paid_social,1,21.99,0,0,9,0.568,1,0
C104310,DE,monthly,36,52,referral,0,23.9,0,0,7,0.387,0,0
C104311,AT,monthly,15,32,influencer,0,24.9,0,0,7,0.515,0,1
C104312,AT,quarterly,31,32,referral,0,22.91,2,0,9,0.579,0,0
C104313,AT,quarterly,10,59,influencer,1,22.91,3,1,7,0.505,0,0
C104314,DE,monthly,20,21,paid_search,0,23.9,0,0,6,0.613,0,0
C104315,DE,monthly,21,58,paid_search,0,23.9,0,1,8,0.388,0,0
C104316,AT,monthly,15,32,paid_search,0,24.9,0,0,6,0.778,0,0
C104317,DE,monthly,3,38,influencer,0,23.9,1,0,7,0.577,0,1
C104318,AT,quarterly,9,21,paid_social,1,22.91,0,0,6,0.291,0,0
C104319,CH,monthly,12,49,tv_campaign,0,29.9,2,1,5,0.557,0,1
C104320,DE,monthly,30,24,referral,1,23.9,0,0,6,0.526,0,0
C104321,DE,monthly,12,27,paid_social,1,23.9,0,0,5,0.305,0,1
C104322,DE,monthly,14,29,referral,0,23.9,1,0,7,0.51,0,0
C104323,AT,monthly,16,49,referral,1,24.9,1,2,5,0.268,0,0
C104324,AT,quarterly,13,51,paid_social,1,22.91,0,2,7,0.323,0,0
C104325,CH,monthly,13,32,paid_search,0,29.9,3,3,3,0.727,1,1
C104326,DE,monthly,16,29,paid_social,0,23.9,0,0,6,0.622,0,1
C104327,CH,quarterly,5,41,paid_search,0,27.51,0,0,8,0.67,1,0
C104328,DE,quarterly,2,25,paid_social,1,21.99,1,1,7,0.375,0,0
C104329,AT,quarterly,10,40,paid_social,1,22.91,2,0,6,0.111,0,0
C104330,DE,quarterly,2,32,paid_social,0,21.99,0,0,10,0.311,0,0
C104331,DE,monthly,11,44,influencer,0,23.9,2,0,7,0.374,0,1
C104332,DE,monthly,35,33,referral,0,23.9,1,0,8,0.595,1,0
C104333,AT,monthly,5,40,paid_social,0,24.9,0,0,7,0.357,0,1
C104334,DE,monthly,1,49,paid_social,1,23.9,1,0,10,0.487,1,1
C104335,DE,monthly,21,47,paid_search,0,23.9,1,0,6,0.508,0,0
C104336,DE,monthly,8,36,paid_social,1,23.9,1,0,8,0.646,1,0
C104337,CH,monthly,18,31,tv_campaign,1,29.9,1,0,7,0.496,1,1
C104338,DE,quarterly,15,27,paid_social,0,21.99,0,0,8,0.789,1,0
C104339,AT,monthly,25,23,paid_social,0,24.9,0,1,7,0.631,0,0
C104340,DE,monthly,5,52,paid_social,1,23.9,0,0,7,0.39,0,1
C104341,DE,quarterly,13,45,paid_social,1,21.99,1,1,6,0.311,1,1
C104342,DE,monthly,24,46,paid_social,0,23.9,0,0,8,0.42,1,0
C104343,CH,monthly,7,27,referral,0,29.9,0,0,10,0.464,1,0
C104344,CH,monthly,17,52,tv_campaign,0,29.9,0,0,10,0.413,0,0
C104345,DE,quarterly,23,44,influencer,1,21.99,0,0,8,0.189,0,1
C104346,DE,monthly,8,46,tv_campaign,0,23.9,1,1,4,0.164,0,0
C104347,DE,monthly,12,43,referral,0,23.9,2,2,7,0.247,0,1
C104348,DE,monthly,9,36,paid_social,1,23.9,0,1,6,0.598,0,1
C104349,AT,monthly,3,28,paid_search,1,24.9,0,0,9,0.294,0,0
C104350,DE,monthly,10,45,paid_social,1,23.9,2,1,7,0.522,1,0
C104351,DE,quarterly,9,30,paid_social,1,21.99,1,0,9,0.137,0,0
C104352,DE,quarterly,3,48,tv_campaign,1,21.99,1,1,5,0.393,1,0
C104353,DE,monthly,10,25,paid_social,1,23.9,2,1,5,0.831,0,0
C104354,DE,monthly,6,26,influencer,1,23.9,0,1,8,0.512,0,0
C104355,AT,monthly,14,47,paid_social,0,24.9,2,1,7,0.66,0,0
C104356,DE,quarterly,2,49,paid_social,1,21.99,1,0,8,0.114,0,1
C104357,DE,monthly,19,46,paid_search,0,23.9,2,0,8,0.239,1,0
C104358,DE,quarterly,17,55,paid_search,0,21.99,2,2,6,0.476,0,0
C104359,CH,monthly,9,52,referral,1,29.9,0,0,7,0.424,0,0
C104360,DE,monthly,25,36,referral,0,23.9,1,0,10,0.899,1,0
C104361,DE,monthly,11,34,paid_social,1,23.9,0,0,9,0.576,0,1
C104362,DE,quarterly,2,34,paid_search,1,21.99,0,1,8,0.331,1,0
C104363,DE,monthly,33,45,paid_search,1,23.9,2,1,5,0.402,0,1
C104364,DE,quarterly,10,24,influencer,1,21.99,0,0,6,0.736,1,0
C104365,DE,monthly,10,49,paid_social,1,23.9,0,0,10,0.64,0,0
C104366,AT,monthly,5,41,referral,0,24.9,1,0,7,0.627,1,0
C104367,CH,quarterly,13,38,tv_campaign,0,27.51,2,0,9,0.268,1,0
C104368,DE,monthly,9,53,paid_social,1,23.9,0,0,4,0.283,0,1
C104369,DE,monthly,29,34,paid_social,1,23.9,0,0,8,0.602,0,1
C104370,DE,monthly,9,49,influencer,1,23.9,0,0,8,0.575,0,1
C104371,DE,monthly,11,21,paid_social,0,23.9,1,1,8,0.665,0,0
C104372,AT,monthly,48,65,paid_search,1,24.9,1,0,6,0.661,0,1
C104373,CH,monthly,4,53,referral,0,29.9,2,0,8,0.425,0,0
C104374,AT,quarterly,38,18,influencer,1,22.91,1,0,7,0.617,1,0
C104375,DE,monthly,8,35,paid_social,0,23.9,0,0,6,0.358,1,1
C104376,DE,monthly,7,21,paid_social,1,23.9,1,0,9,0.238,0,0
C104377,AT,monthly,4,42,paid_social,0,24.9,0,1,10,0.335,1,0
C104378,AT,quarterly,16,39,paid_social,0,22.91,0,0,9,0.207,0,0
C104379,DE,monthly,16,33,paid_search,0,23.9,0,0,7,0.572,0,0
C104380,AT,monthly,21,33,tv_campaign,1,24.9,1,1,6,0.532,0,0
C104381,DE,monthly,4,35,paid_search,0,23.9,1,0,8,0.474,0,0
C104382,AT,quarterly,15,19,paid_search,1,22.91,1,0,7,0.244,1,0
C104383,DE,monthly,46,35,tv_campaign,0,23.9,1,0,9,0.628,0,0
C104384,DE,quarterly,15,43,influencer,1,21.99,0,1,7,0.416,1,1
C104385,DE,quarterly,10,65,paid_social,0,21.99,0,0,7,0.408,0,0
C104386,DE,monthly,18,53,influencer,1,23.9,0,0,9,0.635,1,0
C104387,DE,quarterly,11,31,influencer,0,21.99,0,0,8,0.54,0,0
C104388,DE,monthly,4,43,referral,0,23.9,0,0,5,0.228,0,0
C104389,CH,quarterly,20,38,paid_search,0,27.51,0,0,9,0.814,0,0
C104390,DE,monthly,3,40,paid_social,1,23.9,1,0,10,0.694,0,0
C104391,CH,monthly,7,49,paid_search,0,29.9,0,1,5,0.852,0,0
C104392,DE,monthly,6,48,referral,1,23.9,1,0,8,0.615,0,1
C104393,DE,quarterly,22,46,influencer,0,21.99,0,0,8,0.546,0,0
C104394,AT,monthly,28,32,paid_search,0,24.9,0,0,8,0.619,1,0
C104395,AT,monthly,1,30,influencer,0,24.9,0,0,8,0.307,0,1
C104396,AT,monthly,10,57,referral,1,24.9,0,0,9,0.431,1,0
C104397,DE,monthly,2,18,paid_social,0,23.9,0,0,9,0.447,0,0
C104398,DE,monthly,9,44,paid_social,0,23.9,1,0,8,0.424,0,0
C104399,AT,monthly,14,40,paid_social,1,24.9,0,0,8,0.663,1,0
C104400,DE,monthly,9,45,paid_search,1,23.9,0,0,8,0.589,0,0
C104401,DE,monthly,13,53,paid_social,0,23.9,0,0,7,0.439,0,0
C104402,CH,monthly,5,18,paid_search,0,29.9,1,0,6,0.152,0,0
C104403,AT,monthly,9,38,tv_campaign,0,24.9,1,0,7,0.701,1,0
C104404,DE,quarterly,6,45,tv_campaign,0,21.99,1,1,6,0.8,1,0
C104405,DE,monthly,19,42,influencer,1,23.9,0,0,9,0.686,0,0
C104406,DE,monthly,5,36,tv_campaign,0,23.9,0,0,8,0.16,0,0
C104407,DE,quarterly,16,58,paid_search,0,21.99,0,0,8,0.406,0,0
C104408,DE,monthly,4,44,paid_social,0,23.9,2,1,7,0.614,1,0
C104409,CH,quarterly,12,65,paid_search,1,27.51,0,0,9,0.438,0,0
C104410,DE,monthly,13,40,influencer,1,23.9,1,0,8,0.593,0,0
C104411,DE,quarterly,16,38,tv_campaign,1,21.99,0,1,8,0.399,0,0
C104412,DE,monthly,4,30,referral,0,23.9,0,0,9,0.146,0,1
C104413,CH,quarterly,13,18,paid_search,1,27.51,1,1,3,0.201,1,1
C104414,AT,quarterly,5,61,tv_campaign,1,22.91,0,0,8,0.27,1,0
C104415,AT,monthly,3,22,influencer,1,24.9,1,0,8,0.202,0,1
C104416,AT,monthly,12,51,paid_search,1,24.9,2,1,6,0.375,0,1
C104417,DE,quarterly,4,54,tv_campaign,0,21.99,1,0,8,0.403,1,0
C104418,AT,monthly,13,51,paid_search,0,24.9,1,0,9,0.531,0,0
C104419,AT,monthly,12,35,paid_social,0,24.9,0,0,8,0.78,0,0
C104420,AT,monthly,4,43,influencer,1,24.9,2,2,5,0.436,0,1
C104421,AT,monthly,18,37,influencer,1,24.9,0,0,10,0.471,0,0
C104422,DE,quarterly,9,50,influencer,1,21.99,2,0,5,0.456,0,1
C104423,CH,quarterly,19,52,tv_campaign,0,27.51,0,0,7,0.158,1,0
C104424,AT,monthly,5,35,influencer,0,24.9,1,0,7,0.391,1,0
C104425,DE,monthly,41,49,paid_social,1,23.9,1,0,7,0.442,0,0
C104426,DE,quarterly,13,43,paid_social,1,21.99,0,0,9,0.623,0,0
C104427,DE,monthly,4,35,paid_social,1,23.9,1,0,9,0.453,0,0
C104428,AT,quarterly,2,37,paid_social,0,22.91,0,0,8,0.723,1,0
C104429,DE,quarterly,4,29,influencer,1,21.99,2,1,8,0.428,0,1
C104430,CH,monthly,3,51,paid_social,0,29.9,4,2,5,0.754,1,1
C104431,DE,monthly,3,55,paid_search,1,23.9,0,0,9,0.579,0,1
C104432,CH,monthly,3,42,paid_search,0,29.9,0,1,8,0.332,0,0
C104433,DE,monthly,27,31,tv_campaign,0,23.9,0,0,9,0.652,1,0
C104434,DE,monthly,13,59,paid_search,1,23.9,0,1,7,0.402,0,0
C104435,DE,quarterly,6,48,paid_search,0,21.99,0,0,9,0.391,0,0
C104436,DE,monthly,10,35,tv_campaign,0,23.9,0,0,7,0.126,1,0
C104437,DE,monthly,11,44,paid_search,1,23.9,1,1,8,0.191,0,1
C104438,DE,monthly,12,28,paid_search,0,23.9,2,1,7,0.335,0,1
C104439,DE,monthly,2,32,referral,0,23.9,0,0,8,0.466,0,0
C104440,DE,monthly,2,58,influencer,0,23.9,1,1,7,0.33,0,1
C104441,DE,monthly,5,45,paid_social,0,23.9,0,0,7,0.296,0,0
C104442,DE,monthly,7,39,tv_campaign,0,23.9,1,0,8,0.318,1,0
C104443,CH,monthly,11,43,paid_search,0,29.9,1,0,9,0.416,1,0
C104444,DE,monthly,17,23,referral,0,23.9,0,0,7,0.62,1,0
C104445,DE,monthly,11,22,paid_search,0,23.9,0,0,10,0.25,1,0
C104446,DE,monthly,18,41,paid_search,1,23.9,0,0,7,0.521,0,0
C104447,DE,quarterly,6,47,referral,1,21.99,2,2,5,0.169,1,1
C104448,DE,monthly,21,55,referral,1,23.9,1,0,9,0.404,0,0
C104449,DE,quarterly,19,57,paid_search,0,21.99,0,0,10,0.683,1,0
C104450,CH,quarterly,30,39,tv_campaign,1,27.51,0,1,7,0.469,0,1
C104451,AT,quarterly,10,46,referral,0,22.91,0,0,10,0.287,0,0
C104452,AT,quarterly,2,34,referral,0,22.91,1,0,7,0.565,1,0
C104453,AT,monthly,16,45,influencer,1,24.9,2,0,6,0.708,1,1
C104454,DE,monthly,4,37,paid_social,1,23.9,0,0,10,0.472,1,0
C104455,DE,monthly,14,29,paid_social,1,23.9,0,1,8,0.556,1,0
C104456,DE,quarterly,11,30,paid_search,0,21.99,1,1,7,0.604,1,0
C104457,AT,monthly,12,51,paid_search,0,24.9,0,0,10,0.505,0,0
C104458,DE,monthly,13,45,tv_campaign,0,23.9,2,0,6,0.431,0,0
C104459,DE,monthly,10,37,referral,0,23.9,0,0,7,0.731,1,0
C104460,AT,monthly,12,55,influencer,0,24.9,0,0,5,0.686,0,0
C104461,DE,monthly,4,27,paid_social,1,23.9,0,0,9,0.156,1,0
C104462,DE,quarterly,3,41,paid_search,0,21.99,2,0,6,0.906,0,0
C104463,AT,monthly,4,26,paid_social,1,24.9,0,0,9,0.105,1,0
C104464,DE,monthly,5,40,paid_social,1,23.9,0,0,8,0.345,1,0
C104465,DE,monthly,28,43,paid_social,1,23.9,0,1,8,0.256,1,0
C104466,CH,monthly,13,45,paid_search,0,29.9,0,0,9,0.662,0,0
C104467,AT,quarterly,17,59,paid_search,1,22.91,0,0,10,0.49,0,0
C104468,DE,monthly,3,55,paid_social,0,23.9,2,1,4,0.592,0,1
C104469,AT,quarterly,12,46,paid_search,1,22.91,0,0,9,0.392,0,0
C104470,AT,monthly,17,27,referral,0,24.9,1,0,10,0.586,0,0
C104471,CH,quarterly,25,29,tv_campaign,0,27.51,0,0,10,0.369,1,0
C104472,DE,monthly,7,41,tv_campaign,0,23.9,0,0,8,0.668,0,0
C104473,DE,quarterly,1,39,referral,0,21.99,0,0,9,0.661,0,0
C104474,AT,monthly,10,37,referral,0,24.9,0,0,9,0.257,1,0
C104475,DE,quarterly,10,41,referral,0,21.99,0,0,6,0.632,0,0
C104476,AT,quarterly,19,42,referral,1,22.91,2,0,7,0.332,1,0
C104477,DE,quarterly,13,64,tv_campaign,1,21.99,1,0,7,0.119,0,0
C104478,DE,quarterly,16,31,paid_social,0,21.99,0,0,8,0.716,0,0
C104479,DE,monthly,7,50,tv_campaign,0,23.9,1,0,7,0.452,0,0
C104480,AT,monthly,13,39,referral,0,24.9,2,1,6,0.251,1,0
C104481,DE,monthly,8,58,paid_search,1,23.9,0,0,8,0.429,1,0
C104482,DE,quarterly,6,43,influencer,1,21.99,0,0,8,0.179,0,1
C104483,AT,quarterly,12,37,referral,0,22.91,1,0,9,0.371,1,0
C104484,DE,monthly,8,35,paid_social,0,23.9,0,0,9,0.473,1,0
C104485,DE,quarterly,6,47,referral,0,21.99,0,0,9,0.464,0,0
C104486,DE,monthly,12,28,tv_campaign,0,23.9,3,1,6,0.467,1,1
C104487,DE,monthly,22,45,influencer,1,23.9,1,0,8,0.501,0,0
C104488,DE,quarterly,11,41,paid_social,0,21.99,0,0,10,0.554,0,0
C104489,DE,quarterly,11,38,paid_search,0,21.99,1,0,8,0.25,1,0
C104490,AT,monthly,20,50,paid_social,0,24.9,0,0,9,0.674,1,0
C104491,AT,monthly,6,19,paid_search,0,24.9,0,0,6,0.276,1,0
C104492,AT,monthly,16,29,paid_search,0,24.9,0,0,9,0.309,1,0
C104493,DE,quarterly,22,58,paid_social,1,21.99,0,0,8,0.274,0,0
C104494,DE,monthly,5,22,paid_search,1,23.9,1,0,8,0.65,0,1
C104495,CH,monthly,21,43,influencer,0,29.9,0,0,8,0.688,1,0
C104496,DE,monthly,16,35,paid_social,0,23.9,1,1,8,0.225,1,0
C104497,DE,quarterly,6,52,paid_social,0,21.99,0,0,8,0.564,0,0
C104498,CH,monthly,6,26,tv_campaign,0,29.9,2,0,6,0.248,0,0
C104499,DE,quarterly,4,55,referral,0,21.99,2,2,3,0.569,0,1
C104500,DE,quarterly,8,42,referral,0,21.99,2,1,4,0.443,0,0
C104501,DE,quarterly,16,49,paid_search,0,21.99,1,0,7,0.235,0,0
C104502,DE,monthly,9,65,paid_social,0,23.9,2,0,7,0.45,0,0
C104503,DE,monthly,16,48,influencer,1,23.9,0,0,6,0.664,1,0
C104504,DE,monthly,3,46,paid_search,1,23.9,0,1,5,0.333,1,0
C104505,DE,monthly,11,41,influencer,1,23.9,1,1,8,0.473,0,0
C104506,AT,monthly,11,40,paid_social,0,24.9,0,2,7,0.254,0,0
C104507,DE,monthly,15,45,paid_search,1,23.9,0,0,9,0.554,0,0
C104508,AT,monthly,9,31,paid_social,1,24.9,1,2,8,0.393,0,1
C104509,CH,monthly,11,51,paid_search,0,29.9,4,1,4,0.441,1,0
C104510,AT,monthly,3,48,paid_search,0,24.9,1,0,8,0.295,0,0
C104511,DE,quarterly,1,60,paid_social,1,21.99,0,0,7,0.058,0,1
C104512,DE,quarterly,9,62,referral,1,21.99,0,0,9,0.522,0,0
C104513,CH,monthly,3,45,paid_search,0,29.9,2,1,5,0.164,0,1
C104514,DE,monthly,4,18,influencer,1,23.9,1,0,8,0.213,1,1
C104515,DE,monthly,18,32,paid_search,0,23.9,2,1,6,0.483,0,0
C104516,DE,monthly,14,50,influencer,1,23.9,0,0,7,0.472,0,0
C104517,CH,quarterly,16,52,referral,0,27.51,1,0,6,0.573,0,0
C104518,DE,monthly,5,51,tv_campaign,0,23.9,0,0,9,0.328,1,0
C104519,DE,monthly,32,28,paid_social,0,23.9,1,0,6,0.38,0,0
C104520,DE,monthly,4,68,influencer,1,23.9,0,0,9,0.477,1,0
C104521,DE,quarterly,12,39,referral,1,21.99,1,1,6,0.461,0,0
C104522,DE,quarterly,9,35,influencer,0,21.99,0,0,7,0.359,1,0
C104523,AT,monthly,35,44,paid_search,0,24.9,1,0,9,0.237,1,0
C104524,DE,quarterly,15,22,paid_social,1,21.99,2,1,6,0.468,0,1
C104525,CH,monthly,14,30,tv_campaign,0,29.9,0,0,8,0.495,0,0
C104526,DE,monthly,5,30,paid_search,0,23.9,1,1,7,0.533,0,0
C104527,AT,monthly,7,18,tv_campaign,0,24.9,1,1,5,0.52,0,0
C104528,AT,monthly,9,57,paid_search,0,24.9,1,1,9,0.267,0,0
C104529,DE,monthly,10,36,paid_social,0,23.9,1,0,7,0.672,0,0
C104530,CH,monthly,18,41,paid_search,0,29.9,4,1,5,0.759,1,0
C104531,DE,monthly,24,40,paid_social,1,23.9,0,0,8,0.416,0,0
C104532,DE,monthly,5,48,referral,0,23.9,0,0,7,0.059,1,0
C104533,CH,monthly,8,55,paid_search,0,29.9,1,1,6,0.335,1,0
C104534,AT,quarterly,13,18,paid_search,1,22.91,2,0,5,0.661,1,0
C104535,DE,quarterly,4,37,paid_social,1,21.99,0,1,5,0.583,0,0
C104536,DE,quarterly,10,32,paid_search,1,21.99,1,2,6,0.61,0,0
C104537,AT,monthly,3,38,paid_search,0,24.9,3,2,4,0.102,1,1
C104538,AT,monthly,1,18,paid_search,0,24.9,0,0,9,0.409,0,1
C104539,DE,monthly,6,44,paid_social,1,23.9,0,0,8,0.738,0,0
C104540,DE,quarterly,22,18,influencer,1,21.99,2,1,5,0.241,1,1
C104541,DE,monthly,22,38,tv_campaign,0,23.9,0,0,8,0.595,1,0
C104542,CH,monthly,7,62,paid_social,0,29.9,0,0,8,0.5,0,1
C104543,DE,monthly,18,33,paid_social,1,23.9,0,0,8,0.45,1,0
C104544,DE,monthly,6,40,tv_campaign,1,23.9,1,1,5,0.553,1,0
C104545,DE,monthly,14,42,paid_search,0,23.9,0,1,6,0.374,0,0
C104546,AT,monthly,4,43,tv_campaign,0,24.9,1,0,8,0.373,0,0
C104547,DE,monthly,26,56,influencer,0,23.9,0,1,8,0.861,0,0
C104548,DE,monthly,11,32,paid_search,0,23.9,2,0,7,0.231,1,0
C104549,AT,quarterly,3,28,paid_search,1,22.91,0,0,9,0.608,1,0
C104550,DE,monthly,4,54,tv_campaign,0,23.9,1,0,8,0.52,1,0
C104551,DE,monthly,11,44,referral,1,23.9,0,0,9,0.757,0,0
C104552,DE,quarterly,11,48,paid_social,0,21.99,0,0,7,0.263,0,0
C104553,DE,quarterly,12,59,tv_campaign,0,21.99,0,1,8,0.618,0,1
C104554,CH,monthly,18,47,paid_search,0,29.9,1,0,8,0.423,0,0
C104555,DE,monthly,9,33,paid_search,0,23.9,1,1,7,0.257,1,0
C104556,DE,monthly,9,43,paid_social,1,23.9,2,1,7,0.665,1,0
C104557,CH,quarterly,10,59,paid_search,0,27.51,1,2,7,0.154,0,0
C104558,DE,monthly,6,32,paid_social,1,23.9,1,0,9,0.463,0,0
C104559,DE,monthly,42,47,influencer,0,23.9,0,0,10,0.617,0,0
C104560,DE,monthly,28,22,paid_social,0,23.9,1,0,9,0.402,0,0
C104561,DE,quarterly,12,41,tv_campaign,0,21.99,1,0,7,0.405,1,0
C104562,AT,quarterly,3,18,influencer,1,22.91,1,1,5,0.406,1,1
C104563,AT,monthly,11,37,paid_search,0,24.9,2,0,7,0.777,0,0
C104564,AT,monthly,3,46,paid_search,0,24.9,1,0,6,0.706,0,0
C104565,CH,monthly,4,51,influencer,1,29.9,1,1,5,0.427,1,0
C104566,CH,monthly,7,18,paid_social,0,29.9,1,1,9,0.247,1,0
C104567,AT,quarterly,4,40,paid_search,1,22.91,2,2,6,0.582,0,0
C104568,CH,monthly,6,36,influencer,0,29.9,0,0,8,0.334,0,0
C104569,CH,quarterly,5,18,tv_campaign,1,27.51,1,1,4,0.62,1,0
C104570,DE,monthly,21,35,paid_social,0,23.9,0,0,8,0.822,0,0
C104571,CH,monthly,14,41,tv_campaign,0,29.9,0,0,7,0.56,1,0
C104572,DE,monthly,27,21,paid_social,1,23.9,1,0,5,0.777,1,0
C104573,CH,monthly,3,23,paid_search,0,29.9,0,0,8,0.514,0,0
C104574,CH,quarterly,6,65,tv_campaign,1,27.51,0,0,10,0.555,0,0
C104575,DE,monthly,16,18,paid_search,0,23.9,1,1,7,0.832,1,0
C104576,CH,monthly,6,44,paid_social,0,29.9,3,0,8,0.33,0,0
C104577,DE,monthly,11,45,paid_social,0,23.9,1,1,6,0.709,1,0
C104578,CH,quarterly,4,47,paid_search,0,27.51,0,1,9,0.314,0,1
C104579,DE,monthly,6,37,influencer,0,23.9,1,0,7,0.371,0,0
C104580,DE,quarterly,1,40,paid_social,1,21.99,0,0,10,0.186,1,0
C104581,DE,monthly,32,51,paid_social,0,23.9,1,2,7,0.435,1,0
C104582,DE,monthly,9,41,paid_search,1,23.9,1,0,8,0.368,0,1
C104583,AT,quarterly,6,54,influencer,1,22.91,1,1,7,0.261,1,0
C104584,AT,monthly,4,29,paid_search,1,24.9,1,1,7,0.194,0,0
C104585,DE,quarterly,16,39,influencer,1,21.99,0,0,8,0.53,1,0
C104586,DE,monthly,9,51,influencer,1,23.9,0,0,8,0.742,0,0
C104587,DE,quarterly,18,52,tv_campaign,0,21.99,0,0,8,0.65,0,0
C104588,DE,quarterly,13,54,paid_search,0,21.99,1,0,7,0.284,0,1
C104589,AT,quarterly,2,47,referral,0,22.91,1,0,8,0.297,0,0
C104590,AT,quarterly,18,19,paid_search,0,22.91,1,0,9,0.603,0,0
C104591,AT,quarterly,18,42,paid_social,1,22.91,1,0,7,0.58,0,0
C104592,DE,monthly,14,36,paid_search,0,23.9,0,0,8,0.536,0,0
C104593,DE,monthly,38,62,influencer,1,23.9,3,2,4,0.617,1,1
C104594,DE,monthly,10,40,paid_search,0,23.9,2,1,6,0.111,1,0
C104595,DE,monthly,22,51,paid_social,1,23.9,1,0,8,0.289,0,0
C104596,DE,monthly,7,41,influencer,1,23.9,0,0,9,0.279,0,0
C104597,AT,monthly,12,52,tv_campaign,0,24.9,0,0,6,0.576,0,0
C104598,DE,monthly,9,48,paid_search,0,23.9,0,0,10,0.958,1,0
C104599,CH,monthly,23,41,referral,0,29.9,0,0,7,0.342,0,0
C104600,DE,quarterly,4,24,referral,0,21.99,1,0,8,0.71,0,0
C104601,DE,monthly,13,47,paid_search,0,23.9,2,0,6,0.205,0,0
C104602,AT,monthly,12,29,paid_social,1,24.9,1,0,9,0.577,1,0
C104603,DE,quarterly,3,43,paid_social,0,21.99,0,0,9,0.359,1,1
C104604,DE,monthly,15,37,paid_social,0,23.9,0,0,9,0.695,0,0
C104605,DE,quarterly,10,58,paid_social,1,21.99,0,0,6,0.358,1,0
C104606,DE,monthly,8,49,paid_search,0,23.9,1,0,6,0.625,1,1
C104607,DE,monthly,29,51,influencer,1,23.9,2,0,10,0.575,1,0
C104608,AT,monthly,15,25,tv_campaign,0,24.9,1,0,9,0.603,0,0
C104609,DE,monthly,17,36,paid_search,0,23.9,1,0,7,0.492,0,0
C104610,DE,quarterly,5,43,tv_campaign,1,21.99,0,0,8,0.379,0,0
C104611,DE,quarterly,7,26,tv_campaign,0,21.99,1,0,7,0.357,0,0
C104612,CH,monthly,2,55,paid_search,1,29.9,3,1,8,0.341,1,1
C104613,DE,monthly,15,38,paid_search,0,23.9,0,0,9,0.796,1,0
C104614,DE,monthly,28,42,paid_search,0,23.9,1,2,5,0.425,1,0
C104615,DE,monthly,5,59,paid_search,0,23.9,0,0,8,0.054,0,0
C104616,DE,quarterly,3,43,paid_social,0,21.99,0,0,9,0.269,1,1
C104617,DE,monthly,15,35,paid_search,0,23.9,1,1,6,0.121,0,0
C104618,AT,quarterly,12,44,paid_social,0,22.91,0,0,9,0.594,0,0
C104619,DE,quarterly,21,29,referral,1,21.99,0,0,8,0.367,0,0
C104620,CH,quarterly,10,44,referral,0,27.51,1,0,8,0.159,0,0
C104621,CH,quarterly,5,58,paid_search,0,27.51,2,0,7,0.463,0,0
C104622,DE,monthly,17,46,tv_campaign,0,23.9,2,0,5,0.169,0,1
C104623,AT,monthly,27,49,paid_social,0,24.9,1,1,5,0.636,0,1
C104624,DE,monthly,7,59,paid_social,1,23.9,1,1,7,0.393,0,1
C104625,DE,quarterly,2,52,influencer,1,21.99,0,0,8,0.378,0,0
C104626,DE,monthly,12,43,paid_search,0,23.9,1,1,8,0.602,0,0
C104627,DE,monthly,9,29,tv_campaign,0,23.9,2,0,7,0.678,0,0
C104628,CH,monthly,6,32,referral,0,29.9,1,0,9,0.496,0,0
C104629,CH,monthly,6,48,paid_search,1,29.9,1,0,8,0.319,0,0
C104630,DE,quarterly,13,80,paid_search,0,21.99,0,1,7,0.429,0,0
C104631,DE,monthly,5,61,paid_search,0,23.9,1,0,9,0.411,0,0
C104632,DE,monthly,28,26,paid_social,1,23.9,0,0,9,0.531,0,0
C104633,DE,monthly,12,52,influencer,0,23.9,0,0,9,0.732,1,0
C104634,AT,monthly,5,47,referral,0,24.9,0,0,9,0.527,1,0
C104635,CH,monthly,17,18,paid_social,1,29.9,2,1,7,0.308,1,0
C104636,CH,quarterly,31,51,referral,1,27.51,1,0,7,0.641,0,0
C104637,DE,quarterly,18,48,influencer,0,21.99,0,0,8,0.352,0,0
C104638,DE,monthly,25,43,paid_social,1,23.9,0,0,6,0.694,0,0
C104639,CH,monthly,5,18,referral,0,29.9,5,3,2,0.636,0,1
C104640,CH,quarterly,14,35,referral,0,27.51,0,0,10,0.615,1,1
C104641,DE,quarterly,13,25,paid_social,0,21.99,0,0,9,0.55,0,0
C104642,DE,monthly,8,18,influencer,1,23.9,1,0,6,0.703,1,1
C104643,DE,monthly,23,54,influencer,0,23.9,1,1,7,0.399,0,0
C104644,DE,monthly,14,24,tv_campaign,0,23.9,0,0,8,0.363,0,0
C104645,AT,monthly,11,39,paid_social,1,24.9,0,1,7,0.504,1,0
C104646,CH,quarterly,10,50,paid_social,1,27.51,1,0,5,0.51,1,0
C104647,AT,monthly,17,57,paid_social,1,24.9,0,0,7,0.36,0,1
C104648,DE,quarterly,4,36,referral,0,21.99,0,0,6,0.573,1,0
C104649,DE,monthly,10,54,paid_search,1,23.9,1,0,8,0.705,0,0
C104650,DE,monthly,29,62,referral,0,23.9,1,0,3,0.405,0,0
C104651,CH,monthly,36,46,paid_social,0,29.9,0,1,6,0.471,0,1
C104652,CH,monthly,25,48,paid_social,1,29.9,0,1,6,0.873,0,0
C104653,DE,monthly,2,34,influencer,0,23.9,1,0,6,0.2,0,1
C104654,AT,monthly,35,29,tv_campaign,1,24.9,1,1,5,0.367,1,1
C104655,AT,monthly,14,32,tv_campaign,1,24.9,0,0,7,0.677,0,0
C104656,AT,monthly,7,59,paid_social,1,24.9,0,0,8,0.791,0,0
C104657,AT,monthly,1,18,paid_search,0,24.9,0,0,7,0.191,1,1
C104658,AT,quarterly,6,43,paid_search,0,22.91,0,1,5,0.342,0,0
C104659,DE,quarterly,11,48,paid_search,1,21.99,0,0,8,0.527,0,0
C104660,AT,monthly,9,55,influencer,0,24.9,0,0,9,0.397,0,0
C104661,DE,monthly,4,47,paid_social,0,23.9,0,0,8,0.6,0,0
C104662,DE,quarterly,2,40,paid_search,0,21.99,1,0,6,0.297,0,1
C104663,DE,quarterly,13,40,paid_social,1,21.99,1,0,7,0.499,0,0
C104664,DE,monthly,5,51,influencer,0,23.9,0,0,8,0.594,1,0
C104665,CH,monthly,4,36,tv_campaign,0,29.9,1,0,8,0.708,1,0
C104666,DE,monthly,10,75,paid_search,1,23.9,0,0,9,0.317,0,0
C104667,DE,quarterly,5,41,paid_social,0,21.99,0,0,7,0.378,0,0
C104668,AT,monthly,10,54,paid_search,0,24.9,0,0,10,0.578,1,0
C104669,AT,monthly,6,47,paid_search,0,24.9,0,0,10,0.587,0,0
C104670,DE,monthly,7,42,paid_social,1,23.9,0,1,7,0.385,0,0
C104671,DE,monthly,5,36,paid_search,0,23.9,1,1,6,0.283,1,1
C104672,DE,monthly,25,25,influencer,0,23.9,0,0,9,0.276,0,0
C104673,AT,monthly,8,42,paid_search,0,24.9,0,0,8,0.334,1,0
C104674,AT,quarterly,18,38,influencer,0,22.91,1,0,10,0.246,1,0
C104675,AT,quarterly,10,40,paid_social,1,22.91,0,0,9,0.363,1,0
C104676,DE,monthly,7,34,tv_campaign,0,23.9,2,0,8,0.39,1,0
C104677,CH,quarterly,6,36,paid_search,0,27.51,1,0,7,0.351,1,0
C104678,CH,quarterly,9,36,paid_social,0,27.51,2,1,4,0.603,1,0
C104679,DE,monthly,11,38,tv_campaign,1,23.9,1,0,9,0.423,0,0
C104680,DE,monthly,7,54,paid_search,0,23.9,1,1,7,0.386,0,0
C104681,AT,monthly,11,35,paid_search,0,24.9,1,0,8,0.46,0,0
C104682,DE,monthly,13,36,paid_search,0,23.9,1,0,9,0.608,0,0
C104683,DE,monthly,6,42,paid_search,0,23.9,0,0,9,0.259,1,0
C104684,AT,monthly,20,30,paid_search,1,24.9,0,0,9,0.421,0,0
C104685,DE,quarterly,6,29,influencer,1,21.99,0,0,7,0.589,1,0
C104686,AT,monthly,4,28,influencer,1,24.9,1,2,5,0.656,1,1
C104687,AT,monthly,8,46,paid_social,1,24.9,0,0,7,0.67,1,0
C104688,DE,quarterly,27,35,referral,1,21.99,0,0,7,0.392,1,0
C104689,AT,monthly,4,32,paid_social,1,24.9,0,0,7,0.654,0,0
C104690,DE,monthly,4,34,paid_social,0,23.9,2,3,5,0.121,0,1
C104691,DE,monthly,4,41,influencer,0,23.9,1,1,7,0.51,0,1
C104692,DE,monthly,22,47,paid_search,0,23.9,0,0,5,0.276,0,0
C104693,CH,quarterly,31,37,influencer,1,27.51,1,0,8,0.265,1,0
C104694,CH,monthly,15,31,referral,1,29.9,1,1,4,0.222,0,1
C104695,DE,monthly,11,29,paid_social,0,23.9,0,0,7,0.596,1,0
C104696,DE,monthly,9,43,paid_social,0,23.9,1,0,5,0.188,0,1
C104697,DE,monthly,15,46,influencer,0,23.9,0,0,7,0.352,0,1
C104698,AT,monthly,7,51,influencer,0,24.9,0,2,7,0.485,1,1
C104699,DE,quarterly,3,46,paid_search,0,21.99,0,0,8,0.219,0,1
C104700,DE,monthly,9,42,tv_campaign,1,23.9,0,1,9,0.668,1,0
C104701,DE,quarterly,7,57,referral,0,21.99,0,1,6,0.371,0,0
C104702,AT,monthly,12,49,influencer,1,24.9,1,2,5,0.617,1,0
C104703,DE,quarterly,17,44,referral,0,21.99,0,0,9,0.424,0,0
C104704,DE,monthly,7,46,paid_search,1,23.9,1,0,8,0.507,1,0
C104705,DE,quarterly,6,36,referral,0,21.99,0,0,8,0.53,0,0
C104706,DE,monthly,10,36,influencer,0,23.9,0,0,9,0.197,0,0
C104707,CH,quarterly,7,54,tv_campaign,0,27.51,1,0,7,0.418,0,0
C104708,AT,quarterly,4,34,paid_social,1,22.91,0,0,8,0.219,1,0
C104709,DE,monthly,7,25,tv_campaign,1,23.9,0,0,9,0.451,0,0
C104710,DE,quarterly,7,46,paid_search,0,21.99,0,1,8,0.401,0,0
C104711,CH,quarterly,18,43,tv_campaign,0,27.51,1,0,9,0.398,1,0
C104712,AT,monthly,7,57,referral,1,24.9,0,0,8,0.534,0,0
C104713,DE,quarterly,7,48,paid_search,0,21.99,1,1,6,0.509,1,0
C104714,AT,monthly,33,40,paid_social,0,24.9,1,0,9,0.513,0,0
C104715,CH,monthly,20,51,paid_social,1,29.9,0,0,9,0.657,0,0
C104716,DE,monthly,14,33,tv_campaign,0,23.9,0,1,7,0.561,0,0
C104717,DE,monthly,1,44,paid_social,1,23.9,0,0,8,0.49,0,0
C104718,AT,monthly,6,58,paid_search,0,24.9,0,0,10,0.546,1,0
C104719,DE,quarterly,10,58,paid_search,0,21.99,0,0,10,0.14,0,0
C104720,DE,monthly,22,58,paid_search,0,23.9,1,0,10,0.669,0,0
C104721,DE,monthly,8,53,influencer,0,23.9,0,0,7,0.259,0,0
C104722,DE,monthly,2,34,paid_search,0,23.9,0,0,6,0.275,1,1
C104723,DE,quarterly,26,27,influencer,0,21.99,0,0,9,0.704,0,0
C104724,DE,quarterly,12,40,referral,0,21.99,1,0,8,0.347,0,0
C104725,DE,monthly,7,44,referral,1,23.9,0,2,8,0.362,0,0
C104726,DE,monthly,6,55,tv_campaign,1,23.9,0,0,7,0.469,0,0
C104727,AT,quarterly,7,46,paid_search,1,22.91,0,0,6,0.419,0,1
C104728,AT,monthly,16,42,tv_campaign,0,24.9,0,0,8,0.48,0,0
C104729,DE,monthly,24,41,paid_search,0,23.9,0,0,8,0.306,0,0
C104730,DE,quarterly,15,51,tv_campaign,1,21.99,0,0,10,0.236,0,0
C104731,DE,quarterly,27,40,influencer,1,21.99,0,0,8,0.617,1,0
C104732,AT,monthly,15,44,tv_campaign,1,24.9,0,0,9,0.456,0,1
C104733,DE,monthly,4,42,paid_search,1,23.9,2,1,4,0.335,1,1
C104734,DE,monthly,23,44,referral,1,23.9,1,1,7,0.262,1,0
C104735,DE,monthly,10,47,paid_search,1,23.9,1,1,7,0.613,0,0
C104736,DE,monthly,25,53,paid_social,0,23.9,0,0,7,0.413,1,0
C104737,DE,monthly,12,26,referral,1,23.9,2,0,8,0.36,0,0
C104738,DE,monthly,9,47,paid_search,0,23.9,1,1,7,0.324,0,1
C104739,AT,quarterly,26,39,paid_search,1,22.91,1,0,7,0.392,0,0
C104740,DE,monthly,3,48,tv_campaign,1,23.9,1,2,6,0.447,0,0
C104741,DE,monthly,9,47,referral,1,23.9,1,0,8,0.221,1,0
C104742,AT,monthly,1,29,paid_social,1,24.9,0,0,8,0.117,0,1
C104743,DE,monthly,6,30,referral,1,23.9,0,0,9,0.263,1,0
C104744,CH,monthly,3,38,paid_social,0,29.9,1,1,7,0.19,1,1
C104745,CH,quarterly,11,39,referral,1,27.51,2,1,5,0.316,0,0
C104746,CH,monthly,28,44,paid_social,1,29.9,1,0,7,0.212,1,0
C104747,DE,monthly,13,68,paid_search,0,23.9,1,0,7,0.338,1,0
C104748,AT,quarterly,18,31,referral,0,22.91,0,1,7,0.637,1,0
C104749,DE,monthly,5,18,referral,0,23.9,1,0,9,0.367,0,0
C104750,AT,monthly,9,37,paid_search,0,24.9,1,1,7,0.647,0,0
C104751,CH,quarterly,13,22,influencer,0,27.51,2,0,6,0.348,0,1
C104752,DE,quarterly,27,63,paid_social,1,21.99,0,0,8,0.448,0,0
C104753,AT,monthly,11,47,paid_social,1,24.9,0,1,8,0.439,1,0
C104754,DE,quarterly,26,26,tv_campaign,0,21.99,1,0,7,0.366,1,0
C104755,AT,quarterly,2,48,influencer,0,22.91,0,0,9,0.362,1,0
C104756,AT,quarterly,3,31,influencer,0,22.91,1,1,6,0.434,0,1
C104757,CH,monthly,4,49,referral,1,29.9,1,0,7,0.512,0,1
C104758,CH,monthly,18,38,paid_search,0,29.9,1,0,9,0.849,0,0
C104759,CH,quarterly,10,46,paid_search,1,27.51,1,1,8,0.621,0,0
C104760,DE,quarterly,6,37,referral,1,21.99,0,0,8,0.649,0,0
C104761,AT,quarterly,28,65,tv_campaign,0,22.91,0,1,8,0.538,0,0
C104762,DE,quarterly,48,65,referral,0,21.99,0,1,8,0.484,0,0
C104763,AT,quarterly,6,47,paid_social,0,22.91,2,1,7,0.307,0,0
C104764,AT,quarterly,17,67,paid_search,0,22.91,0,0,9,0.294,1,0
C104765,DE,monthly,3,26,paid_search,0,23.9,0,1,7,0.213,0,1
C104766,DE,monthly,18,51,influencer,0,23.9,0,1,7,0.826,0,0
C104767,AT,quarterly,2,59,tv_campaign,0,22.91,0,0,7,0.336,0,0
C104768,DE,monthly,8,22,paid_social,1,23.9,0,0,7,0.742,1,1
C104769,DE,monthly,21,41,referral,0,23.9,2,0,6,0.414,0,0
C104770,CH,monthly,10,43,paid_search,0,29.9,1,0,7,0.508,1,0
C104771,AT,quarterly,26,72,paid_search,0,22.91,0,0,8,0.559,0,0
C104772,DE,monthly,10,33,paid_social,1,23.9,0,1,7,0.272,0,0
C104773,DE,monthly,5,39,paid_search,0,23.9,0,0,8,0.439,0,0
C104774,CH,quarterly,28,37,paid_search,0,27.51,2,2,7,0.539,1,0
C104775,AT,monthly,16,29,influencer,0,24.9,0,0,6,0.297,0,0
C104776,CH,monthly,15,48,paid_search,1,29.9,0,0,7,0.512,0,0
C104777,CH,quarterly,5,57,paid_social,1,27.51,0,0,8,0.412,0,0
C104778,CH,quarterly,11,38,referral,1,27.51,2,0,8,0.381,0,0
C104779,AT,quarterly,2,46,referral,0,22.91,0,0,9,0.155,0,0
C104780,DE,quarterly,5,37,influencer,0,21.99,1,1,8,0.14,0,0
C104781,DE,monthly,19,53,paid_search,0,23.9,0,0,7,0.487,0,0
C104782,DE,monthly,6,41,influencer,0,23.9,1,0,10,0.291,0,0
C104783,AT,monthly,8,33,tv_campaign,1,24.9,2,1,6,0.813,0,1
C104784,CH,monthly,21,53,influencer,1,29.9,1,1,5,0.142,0,0
C104785,DE,monthly,13,57,paid_social,1,23.9,0,0,10,0.557,0,0
C104786,DE,quarterly,9,51,tv_campaign,0,21.99,1,0,8,0.592,0,0
C104787,DE,quarterly,1,37,tv_campaign,0,21.99,1,1,4,0.305,1,1
C104788,CH,quarterly,11,43,referral,0,27.51,1,0,9,0.512,0,0
C104789,DE,quarterly,12,30,tv_campaign,0,21.99,0,1,7,0.19,1,0
C104790,DE,monthly,13,28,influencer,0,23.9,1,0,8,0.507,1,0
C104791,DE,monthly,5,50,paid_search,1,23.9,0,0,7,0.311,0,0
C104792,CH,quarterly,14,43,tv_campaign,1,27.51,3,0,5,0.274,0,1
C104793,DE,monthly,27,42,tv_campaign,0,23.9,0,1,8,0.671,1,0
C104794,AT,monthly,8,27,paid_search,0,24.9,0,0,8,0.552,1,1
C104795,DE,quarterly,6,50,paid_search,1,21.99,0,0,10,0.429,0,0
C104796,AT,quarterly,13,36,influencer,1,22.91,1,0,7,0.686,0,1
C104797,CH,monthly,22,33,influencer,0,29.9,0,0,5,0.594,0,0
C104798,CH,monthly,9,31,paid_search,1,29.9,0,0,9,0.302,1,0
C104799,DE,monthly,8,45,tv_campaign,1,23.9,0,0,9,0.517,0,0
C104800,CH,monthly,19,21,tv_campaign,0,29.9,2,0,5,0.657,0,0
C104801,AT,monthly,23,29,influencer,1,24.9,0,0,10,0.129,1,0
C104802,AT,monthly,17,54,tv_campaign,0,24.9,0,0,8,0.577,0,0
C104803,AT,monthly,7,40,referral,1,24.9,1,0,7,0.275,1,0
C104804,AT,quarterly,17,29,referral,0,22.91,0,0,9,0.478,1,0
C104805,DE,monthly,16,49,paid_search,0,23.9,0,1,7,0.646,1,0
C104806,AT,monthly,16,50,influencer,1,24.9,0,0,8,0.286,1,0
C104807,DE,monthly,12,52,paid_search,0,23.9,0,0,7,0.243,0,0
C104808,DE,quarterly,7,30,paid_social,1,21.99,0,1,7,0.258,1,0
C104809,CH,quarterly,13,52,referral,1,27.51,1,0,10,0.163,0,0
C104810,AT,monthly,18,45,paid_social,1,24.9,0,0,7,0.426,0,0
C104811,DE,monthly,17,29,influencer,0,23.9,0,0,8,0.291,0,1
C104812,AT,quarterly,2,27,referral,0,22.91,0,0,7,0.278,0,0
C104813,DE,monthly,9,25,paid_social,0,23.9,0,0,10,0.346,1,0
C104814,CH,quarterly,15,59,tv_campaign,0,27.51,1,0,8,0.659,0,0
C104815,CH,quarterly,14,31,tv_campaign,0,27.51,1,1,7,0.164,1,0
C104816,DE,monthly,5,39,referral,0,23.9,1,1,6,0.44,0,0
C104817,AT,quarterly,11,38,tv_campaign,0,22.91,0,0,6,0.332,1,0
C104818,DE,monthly,15,39,tv_campaign,0,23.9,0,0,8,0.791,0,0
C104819,DE,monthly,15,39,tv_campaign,1,23.9,1,1,5,0.195,0,1
C104820,DE,monthly,20,36,influencer,0,23.9,0,1,8,0.728,0,0
C104821,CH,quarterly,32,44,referral,0,27.51,2,0,9,0.741,1,0
C104822,DE,monthly,10,31,paid_social,1,23.9,1,3,5,0.225,1,1
C104823,DE,monthly,4,48,tv_campaign,1,23.9,0,0,9,0.265,0,0
C104824,DE,quarterly,15,55,paid_search,0,21.99,2,0,5,0.517,0,0
C104825,CH,monthly,19,35,tv_campaign,1,29.9,0,1,7,0.483,0,0
C104826,DE,quarterly,16,48,paid_social,1,21.99,1,1,7,0.434,0,0
C104827,DE,monthly,16,41,paid_social,1,23.9,0,0,7,0.117,0,1
C104828,DE,monthly,8,18,paid_social,0,23.9,0,0,9,0.397,1,1
C104829,AT,monthly,6,38,paid_search,0,24.9,0,0,9,0.575,0,0
C104830,DE,monthly,2,54,paid_search,0,23.9,1,2,5,0.724,0,1
C104831,CH,monthly,21,30,influencer,0,29.9,0,0,8,0.614,1,0
C104832,AT,monthly,22,42,tv_campaign,0,24.9,0,0,10,0.718,0,0
C104833,AT,monthly,12,41,tv_campaign,1,24.9,0,0,9,0.241,0,0
C104834,AT,monthly,31,50,referral,1,24.9,0,0,9,0.602,1,1
C104835,DE,monthly,16,39,paid_social,0,23.9,0,1,7,0.476,0,0
C104836,CH,monthly,3,36,paid_social,1,29.9,1,1,8,0.485,0,1
C104837,DE,monthly,22,33,referral,1,23.9,0,0,9,0.879,0,0
C104838,DE,monthly,13,37,paid_social,1,23.9,1,1,5,0.338,1,0
C104839,DE,monthly,18,49,paid_social,1,23.9,3,3,4,0.655,1,1
C104840,DE,monthly,24,33,paid_search,1,23.9,1,0,8,0.226,0,1
C104841,AT,monthly,22,33,paid_social,0,24.9,0,0,8,0.386,1,0
C104842,DE,quarterly,10,38,paid_search,1,21.99,1,0,6,0.068,0,0
C104843,DE,monthly,20,41,paid_search,0,23.9,0,0,10,0.282,0,0
C104844,DE,monthly,7,54,influencer,1,23.9,3,2,3,0.814,0,1
C104845,AT,quarterly,18,31,influencer,1,22.91,1,1,7,0.388,1,1
C104846,DE,monthly,21,80,tv_campaign,0,23.9,0,0,8,0.641,0,0
C104847,DE,monthly,9,56,paid_search,0,23.9,0,0,10,0.824,0,1
C104848,DE,quarterly,12,40,paid_search,0,21.99,2,1,6,0.155,0,1
C104849,DE,quarterly,10,19,tv_campaign,1,21.99,0,0,6,0.309,1,0
C104850,DE,quarterly,19,49,influencer,1,21.99,0,0,8,0.324,0,0
C104851,AT,monthly,13,40,tv_campaign,1,24.9,0,0,7,0.271,0,0
C104852,AT,quarterly,9,42,paid_search,0,22.91,0,0,10,0.104,0,0
C104853,AT,monthly,8,48,paid_search,0,24.9,1,0,9,0.219,1,0
C104854,AT,quarterly,6,32,referral,1,22.91,0,0,8,0.208,0,0
C104855,AT,monthly,7,39,paid_social,0,24.9,2,0,5,0.269,0,1
C104856,AT,monthly,10,39,paid_search,0,24.9,0,1,8,0.582,0,0
C104857,DE,monthly,7,44,paid_social,1,23.9,0,0,7,0.172,1,0
C104858,DE,monthly,2,28,influencer,1,23.9,0,0,8,0.298,0,0
C104859,AT,monthly,3,67,paid_search,1,24.9,0,0,8,0.677,0,0
C104860,DE,monthly,9,41,tv_campaign,0,23.9,0,0,8,0.355,0,0
C104861,AT,monthly,19,44,paid_search,0,24.9,0,0,8,0.333,0,0
C104862,DE,monthly,7,28,paid_social,1,23.9,2,2,5,0.449,1,1
C104863,DE,monthly,23,26,paid_social,0,23.9,1,1,7,0.464,1,1
C104864,DE,monthly,7,34,referral,0,23.9,0,1,7,0.387,1,0
C104865,DE,monthly,14,42,referral,1,23.9,2,0,7,0.439,1,1
C104866,AT,monthly,35,49,influencer,1,24.9,0,0,10,0.395,0,0
C104867,CH,quarterly,7,35,tv_campaign,0,27.51,1,1,5,0.49,1,0
C104868,AT,monthly,10,43,paid_search,0,24.9,0,0,6,0.725,0,0
C104869,AT,quarterly,9,54,influencer,0,22.91,0,0,8,0.785,0,0
C104870,DE,quarterly,17,27,tv_campaign,1,21.99,1,1,6,0.675,0,1
C104871,CH,monthly,7,45,tv_campaign,0,29.9,2,1,7,0.371,0,1
C104872,CH,quarterly,11,54,paid_search,1,27.51,2,0,7,0.343,0,0
C104873,DE,monthly,29,34,paid_search,0,23.9,1,0,7,0.549,0,0
C104874,DE,monthly,42,40,paid_search,0,23.9,0,0,8,0.439,1,0
C104875,DE,monthly,13,43,influencer,0,23.9,0,1,10,0.552,0,0
C104876,DE,monthly,14,64,paid_search,0,23.9,0,0,9,0.802,0,0
C104877,DE,quarterly,2,37,tv_campaign,1,21.99,1,0,9,0.722,0,0
C104878,DE,monthly,6,22,paid_search,1,23.9,0,1,6,0.499,1,1
C104879,DE,monthly,23,31,tv_campaign,0,23.9,0,0,9,0.414,0,0
C104880,DE,quarterly,43,40,paid_search,0,21.99,1,0,7,0.677,0,0
C104881,DE,quarterly,17,48,influencer,1,21.99,1,0,7,0.678,0,0
C104882,DE,monthly,20,19,paid_search,1,23.9,0,0,9,0.534,0,0
C104883,AT,quarterly,13,39,tv_campaign,0,22.91,0,0,7,0.375,1,0
C104884,DE,quarterly,13,45,referral,0,21.99,0,0,6,0.351,0,1
C104885,AT,monthly,5,33,paid_social,0,24.9,0,0,7,0.476,1,1
C104886,DE,quarterly,32,63,paid_search,0,21.99,0,0,8,0.408,1,0
C104887,AT,monthly,5,36,tv_campaign,1,24.9,0,0,7,0.291,1,1
C104888,DE,monthly,6,39,paid_social,1,23.9,1,0,8,0.302,1,0
C104889,AT,monthly,24,43,paid_search,1,24.9,1,0,10,0.439,1,0
C104890,DE,quarterly,18,54,influencer,0,21.99,0,0,7,0.851,0,0
C104891,AT,quarterly,6,45,paid_search,0,22.91,0,0,8,0.46,0,0
C104892,DE,monthly,15,29,paid_search,1,23.9,1,1,9,0.359,1,0
C104893,DE,monthly,18,30,paid_social,1,23.9,1,0,7,0.817,0,0
C104894,DE,monthly,14,46,tv_campaign,0,23.9,1,0,8,0.554,0,0
C104895,AT,quarterly,12,41,paid_social,1,22.91,0,0,9,0.599,1,0
C104896,DE,monthly,4,45,paid_social,1,23.9,0,1,7,0.508,0,0
C104897,DE,monthly,23,27,referral,0,23.9,0,0,10,0.341,0,0
C104898,CH,quarterly,1,20,paid_social,0,27.51,2,0,7,0.279,1,0
C104899,DE,monthly,2,35,paid_search,0,23.9,0,0,8,0.349,0,1
C104900,DE,monthly,7,41,paid_social,1,23.9,1,2,5,0.698,0,1
C104901,DE,monthly,16,45,influencer,1,23.9,0,0,8,0.568,0,0
C104902,DE,monthly,19,50,influencer,1,23.9,0,0,9,0.44,1,0
C104903,DE,monthly,1,51,paid_search,1,23.9,0,0,9,0.556,1,0
C104904,CH,quarterly,30,49,paid_social,0,27.51,0,0,8,0.365,0,0
C104905,CH,monthly,17,49,paid_search,0,29.9,0,0,6,0.628,0,0
C104906,DE,monthly,10,52,referral,0,23.9,0,1,7,0.285,1,0
C104907,DE,monthly,16,42,tv_campaign,1,23.9,0,0,7,0.456,0,0
C104908,DE,monthly,9,25,paid_search,0,23.9,0,0,7,0.374,0,0
C104909,AT,monthly,6,71,tv_campaign,1,24.9,2,0,6,0.199,0,1
C104910,DE,quarterly,48,58,influencer,0,21.99,1,0,7,0.64,0,0
C104911,AT,monthly,20,37,tv_campaign,0,24.9,0,1,6,0.607,0,0
C104912,DE,monthly,11,51,paid_search,1,23.9,1,0,8,0.336,1,0
C104913,DE,monthly,5,31,paid_search,0,23.9,2,0,9,0.701,1,0
C104914,DE,monthly,11,60,paid_search,1,23.9,0,0,8,0.637,1,0
C104915,CH,monthly,20,42,paid_social,0,29.9,0,1,7,0.391,0,0
C104916,AT,monthly,16,38,paid_social,0,24.9,0,0,6,0.557,1,0
C104917,DE,monthly,9,36,referral,0,23.9,0,0,6,0.407,1,1
C104918,AT,quarterly,16,45,referral,0,22.91,1,1,6,0.785,0,0
C104919,DE,monthly,22,25,paid_search,1,23.9,0,0,10,0.165,0,1
C104920,AT,monthly,10,38,paid_social,1,24.9,0,0,7,0.57,1,0
C104921,DE,monthly,8,38,tv_campaign,0,23.9,0,0,8,0.378,0,0
C104922,DE,monthly,19,27,paid_search,0,23.9,0,1,8,0.696,1,0
C104923,DE,monthly,3,18,paid_social,0,23.9,2,1,8,0.465,1,1
C104924,DE,quarterly,14,42,referral,0,21.99,1,0,6,0.521,0,0
C104925,DE,monthly,5,48,tv_campaign,0,23.9,1,0,7,0.297,0,1
C104926,DE,monthly,14,38,tv_campaign,0,23.9,0,0,8,0.389,0,0
C104927,DE,monthly,1,23,referral,0,23.9,0,0,8,0.774,0,0
C104928,DE,quarterly,5,40,tv_campaign,0,21.99,0,0,8,0.477,0,0
C104929,AT,monthly,15,54,tv_campaign,1,24.9,0,0,9,0.44,1,0
C104930,DE,quarterly,14,31,paid_search,1,21.99,1,0,7,0.143,0,0
C104931,DE,monthly,8,37,paid_search,0,23.9,0,0,9,0.218,0,0
C104932,DE,monthly,8,52,paid_search,0,23.9,1,0,7,0.137,0,0
C104933,DE,monthly,3,34,influencer,1,23.9,1,1,7,0.32,1,1
C104934,DE,monthly,9,31,paid_search,0,23.9,1,0,10,0.779,1,0
C104935,DE,monthly,4,58,paid_search,0,23.9,0,0,7,0.333,0,0
C104936,DE,quarterly,4,40,tv_campaign,0,21.99,1,2,5,0.544,0,0
C104937,DE,quarterly,26,44,influencer,0,21.99,0,0,7,0.553,0,0
C104938,CH,quarterly,3,34,paid_social,0,27.51,0,0,6,0.465,0,1
C104939,AT,monthly,42,60,referral,0,24.9,0,1,7,0.568,0,0
C104940,DE,monthly,18,43,referral,1,23.9,1,1,7,0.417,1,0
C104941,DE,monthly,3,62,referral,0,23.9,0,0,8,0.114,1,0
C104942,DE,quarterly,16,39,tv_campaign,0,21.99,0,0,10,0.272,1,0
C104943,AT,monthly,12,48,influencer,1,24.9,0,1,7,0.919,0,1
C104944,DE,monthly,32,54,paid_social,1,23.9,0,1,8,0.22,1,0
C104945,DE,monthly,7,41,influencer,1,23.9,1,2,6,0.705,0,0
C104946,AT,monthly,12,45,paid_social,1,24.9,0,0,8,0.223,0,0
C104947,AT,quarterly,10,51,paid_search,1,22.91,0,0,7,0.466,1,0
C104948,AT,quarterly,6,22,paid_search,0,22.91,0,2,4,0.572,0,0
C104949,AT,monthly,10,42,tv_campaign,0,24.9,0,1,8,0.622,1,1
C104950,DE,monthly,7,33,tv_campaign,1,23.9,0,1,9,0.227,0,0
C104951,AT,monthly,14,33,referral,0,24.9,0,0,9,0.323,1,0
C104952,AT,monthly,9,47,paid_search,0,24.9,0,0,8,0.464,0,0
C104953,CH,quarterly,43,40,tv_campaign,0,27.51,0,0,5,0.228,1,0
C104954,DE,quarterly,36,37,referral,0,21.99,0,0,10,0.583,0,0
C104955,DE,monthly,10,24,tv_campaign,0,23.9,0,0,7,0.749,0,0
C104956,DE,monthly,23,49,paid_social,0,23.9,0,0,8,0.499,0,0
C104957,CH,monthly,16,58,paid_search,0,29.9,2,1,7,0.552,1,0
C104958,AT,monthly,13,44,referral,0,24.9,2,0,9,0.65,1,0
C104959,DE,quarterly,11,43,referral,1,21.99,0,0,10,0.452,1,0
C104960,DE,monthly,13,57,paid_social,0,23.9,1,0,6,0.399,1,1
C104961,DE,monthly,13,37,paid_social,1,23.9,0,0,8,0.31,1,0
C104962,DE,monthly,8,50,tv_campaign,0,23.9,0,0,8,0.624,0,0
C104963,CH,monthly,21,55,referral,0,29.9,1,0,7,0.352,1,0
C104964,DE,monthly,15,26,paid_search,0,23.9,1,0,7,0.532,1,0
C104965,DE,monthly,5,44,referral,1,23.9,0,1,7,0.677,0,0
C104966,DE,quarterly,8,51,paid_social,1,21.99,1,0,6,0.553,0,0
C104967,AT,quarterly,6,45,influencer,1,22.91,0,0,7,0.509,0,0
C104968,DE,monthly,17,45,tv_campaign,0,23.9,0,0,10,0.181,0,0
C104969,AT,monthly,16,64,referral,0,24.9,1,0,6,0.472,0,0
C104970,CH,quarterly,22,38,influencer,1,27.51,1,0,7,0.415,1,0
C104971,DE,monthly,10,33,paid_social,1,23.9,0,1,6,0.264,1,0
C104972,DE,monthly,15,21,influencer,1,23.9,0,0,9,0.304,1,0
C104973,DE,monthly,18,21,tv_campaign,1,23.9,0,0,6,0.525,0,0
C104974,AT,quarterly,9,41,tv_campaign,0,22.91,0,1,7,0.605,1,0
C104975,DE,monthly,10,34,paid_search,0,23.9,0,1,7,0.664,1,1
C104976,AT,monthly,5,42,paid_search,0,24.9,1,1,6,0.41,0,0
C104977,DE,quarterly,10,54,paid_search,0,21.99,1,1,7,0.56,1,1
C104978,AT,quarterly,12,45,tv_campaign,0,22.91,0,0,9,0.793,0,0
C104979,CH,monthly,11,38,paid_search,1,29.9,2,0,5,0.448,0,1
C104980,AT,monthly,2,53,paid_social,0,24.9,1,0,9,0.619,0,0
C104981,DE,monthly,10,32,paid_social,1,23.9,0,0,7,0.548,0,0
C104982,AT,quarterly,35,24,paid_search,0,22.91,0,0,7,0.242,1,0
C104983,CH,monthly,13,65,paid_search,0,29.9,0,0,7,0.168,0,1
C104984,CH,monthly,7,49,influencer,0,29.9,0,0,8,0.358,1,1
C104985,CH,monthly,5,40,paid_search,0,29.9,0,0,9,0.799,0,0
C104986,AT,monthly,16,52,paid_social,0,24.9,1,1,5,0.226,1,1
C104987,AT,quarterly,21,34,influencer,1,22.91,0,0,7,0.308,1,0
C104988,DE,monthly,13,33,tv_campaign,0,23.9,0,1,6,0.792,0,1
C104989,DE,monthly,9,31,paid_social,1,23.9,0,0,6,0.453,1,0
C104990,DE,monthly,8,36,paid_search,0,23.9,0,0,10,0.741,0,1
C104991,DE,monthly,4,59,tv_campaign,0,23.9,0,0,8,0.511,0,0
C104992,DE,quarterly,6,49,referral,0,21.99,1,0,6,0.218,0,0
C104993,DE,monthly,9,28,influencer,1,23.9,0,0,10,0.319,1,0
C104994,AT,monthly,3,40,paid_search,0,24.9,1,0,7,0.112,0,1
C104995,DE,quarterly,11,44,tv_campaign,0,21.99,0,0,8,0.448,1,0
C104996,CH,quarterly,7,45,influencer,0,27.51,1,0,7,0.129,0,0
C104997,AT,monthly,8,29,influencer,1,24.9,1,0,7,0.281,0,1
C104998,AT,monthly,18,59,influencer,0,24.9,0,0,6,0.312,0,0
C104999,DE,monthly,10,30,tv_campaign,0,23.9,0,0,6,0.225,1,0
C105000,CH,quarterly,12,34,paid_social,0,27.51,0,0,7,0.421,1,1
C105001,CH,quarterly,14,55,paid_social,1,27.51,1,1,7,0.384,0,0
C105002,DE,monthly,4,50,paid_search,0,23.9,1,1,6,0.472,0,0
C105003,DE,quarterly,32,27,paid_social,0,21.99,0,0,10,0.728,0,0
C105004,DE,monthly,7,28,referral,0,23.9,1,0,9,0.486,0,0
C105005,AT,monthly,7,43,paid_search,0,24.9,0,1,8,0.381,0,0
C105006,DE,monthly,5,38,paid_search,0,23.9,1,1,7,0.307,0,0
C105007,CH,monthly,5,50,referral,0,29.9,1,1,9,0.674,0,0
C105008,AT,monthly,22,36,paid_search,0,24.9,0,0,10,0.534,1,0
C105009,DE,monthly,5,55,paid_search,1,23.9,1,1,8,0.277,0,0
C105010,DE,monthly,16,37,paid_search,0,23.9,1,0,8,0.516,1,0
C105011,AT,quarterly,1,56,paid_search,0,22.91,0,0,9,0.378,1,1
C105012,DE,monthly,23,45,paid_search,1,23.9,0,0,8,0.35,1,0
C105013,AT,monthly,2,36,influencer,0,24.9,0,1,7,0.041,0,1
C105014,DE,monthly,11,46,influencer,0,23.9,1,0,8,0.473,1,0
C105015,CH,monthly,22,35,paid_search,1,29.9,0,0,8,0.741,1,0
C105016,DE,quarterly,15,34,paid_search,1,21.99,0,0,9,0.838,1,0
C105017,DE,quarterly,2,25,paid_search,0,21.99,0,0,7,0.226,0,0
C105018,DE,monthly,1,39,referral,0,23.9,0,0,8,0.17,1,0
C105019,DE,monthly,17,40,paid_search,0,23.9,1,0,8,0.663,1,0
C105020,DE,monthly,10,38,paid_search,1,23.9,0,0,9,0.35,0,0
C105021,DE,monthly,41,43,referral,0,23.9,0,0,9,0.305,0,0
C105022,DE,monthly,5,56,paid_search,0,23.9,0,0,7,0.272,0,0
C105023,DE,monthly,6,65,tv_campaign,0,23.9,0,0,7,0.705,0,0
C105024,DE,monthly,8,45,influencer,0,23.9,0,0,7,0.348,1,1
C105025,CH,quarterly,26,35,influencer,1,27.51,0,0,7,0.343,1,0
C105026,AT,quarterly,15,73,referral,1,22.91,0,0,7,0.356,0,0
C105027,DE,monthly,18,37,influencer,1,23.9,1,0,7,0.463,1,0
C105028,AT,quarterly,14,46,tv_campaign,0,22.91,0,0,6,0.577,1,0
C105029,DE,quarterly,8,40,influencer,0,21.99,0,0,7,0.742,1,0
C105030,DE,monthly,5,31,tv_campaign,1,23.9,0,0,10,0.468,0,0
C105031,CH,monthly,1,42,paid_search,1,29.9,0,1,8,0.169,0,1
C105032,DE,monthly,10,30,tv_campaign,0,23.9,1,0,8,0.729,1,0
C105033,AT,quarterly,22,25,tv_campaign,0,22.91,1,2,8,0.276,1,0
C105034,DE,quarterly,1,54,referral,1,21.99,0,0,8,0.751,0,0
C105035,DE,quarterly,2,59,tv_campaign,0,21.99,0,0,9,0.464,0,0
C105036,DE,quarterly,5,19,influencer,1,21.99,1,1,7,0.169,1,0
C105037,DE,quarterly,7,54,paid_search,0,21.99,1,1,7,0.507,0,0
C105038,CH,monthly,2,36,tv_campaign,1,29.9,1,2,7,0.706,0,1
C105039,DE,quarterly,20,40,referral,1,21.99,1,1,8,0.768,0,0
C105040,DE,monthly,5,39,referral,0,23.9,0,0,10,0.389,0,0
C105041,CH,quarterly,14,38,tv_campaign,1,27.51,1,0,7,0.652,1,0
C105042,AT,quarterly,5,35,paid_search,0,22.91,0,2,6,0.355,0,0
C105043,DE,monthly,22,44,paid_search,0,23.9,2,0,7,0.431,1,0
C105044,AT,monthly,6,46,paid_search,0,24.9,0,0,9,0.124,0,1
C105045,DE,monthly,20,53,paid_search,0,23.9,0,0,7,0.457,0,0
C105046,DE,monthly,10,39,referral,0,23.9,0,0,6,0.432,0,0
C105047,AT,monthly,13,26,paid_social,1,24.9,0,0,9,0.578,1,0
C105048,CH,monthly,8,50,paid_search,0,29.9,1,0,8,0.729,0,0
C105049,AT,monthly,19,41,paid_social,0,24.9,0,0,9,0.258,0,0
C105050,DE,quarterly,19,20,tv_campaign,1,21.99,1,0,7,0.415,1,0
C105051,DE,monthly,12,44,paid_social,1,23.9,0,1,7,0.396,0,1
C105052,DE,quarterly,7,60,paid_social,1,21.99,1,1,8,0.275,0,0
C105053,AT,monthly,12,18,tv_campaign,0,24.9,0,0,8,0.74,1,0
C105054,DE,monthly,23,35,paid_search,1,23.9,0,0,7,0.337,0,0
C105055,AT,monthly,13,47,paid_social,0,24.9,0,0,7,0.63,1,0
C105056,DE,monthly,1,49,tv_campaign,1,23.9,0,0,7,0.034,1,0
C105057,AT,monthly,23,22,referral,1,24.9,0,0,6,0.787,1,0
C105058,DE,monthly,5,45,paid_search,0,23.9,0,0,5,0.127,0,0
C105059,CH,quarterly,13,18,influencer,0,27.51,2,0,6,0.341,0,0
C105060,CH,monthly,4,33,influencer,1,29.9,1,0,7,0.432,0,0
C105061,DE,monthly,14,40,referral,0,23.9,0,0,6,0.235,0,0
C105062,DE,quarterly,8,22,referral,0,21.99,1,1,5,0.728,0,0
C105063,CH,monthly,31,33,tv_campaign,1,29.9,3,1,5,0.421,0,0
C105064,DE,monthly,31,55,tv_campaign,0,23.9,0,0,7,0.199,0,0
C105065,DE,quarterly,3,18,referral,0,21.99,0,2,7,0.494,1,0
C105066,DE,monthly,8,39,referral,0,23.9,1,0,5,0.543,1,0
C105067,AT,quarterly,5,54,paid_social,0,22.91,0,0,9,0.337,0,0
C105068,AT,quarterly,11,18,paid_search,0,22.91,0,0,9,0.558,0,0
C105069,CH,monthly,17,35,paid_search,1,29.9,1,1,6,0.527,0,1
C105070,AT,monthly,3,24,tv_campaign,0,24.9,0,0,8,0.333,1,1
C105071,DE,monthly,6,22,paid_search,1,23.9,2,0,6,0.37,1,1
C105072,AT,monthly,4,57,paid_social,0,24.9,0,1,8,0.463,0,0
C105073,DE,quarterly,30,39,paid_search,0,21.99,0,1,9,0.519,0,0
C105074,DE,monthly,4,41,paid_search,0,23.9,1,0,7,0.438,0,0
C105075,DE,monthly,31,24,paid_social,0,23.9,0,0,6,0.384,0,0
C105076,CH,monthly,12,18,paid_social,1,29.9,3,1,6,0.692,1,0
C105077,AT,monthly,19,24,paid_social,1,24.9,0,1,6,0.549,1,0
C105078,AT,quarterly,8,40,paid_search,0,22.91,2,1,5,0.439,1,0
C105079,DE,quarterly,1,41,referral,0,21.99,1,0,8,0.542,0,0
C105080,DE,monthly,8,34,paid_search,1,23.9,0,0,9,0.282,1,0
C105081,DE,monthly,23,36,paid_social,0,23.9,0,0,9,0.368,1,0
C105082,DE,monthly,3,34,referral,0,23.9,0,0,7,0.451,1,0
C105083,DE,monthly,32,45,referral,0,23.9,0,0,7,0.679,0,0
C105084,AT,monthly,6,43,paid_search,0,24.9,1,1,9,0.187,0,0
C105085,DE,monthly,29,25,paid_search,0,23.9,1,1,6,0.799,1,0
C105086,DE,quarterly,9,36,paid_search,1,21.99,1,1,7,0.499,0,1
C105087,DE,monthly,14,49,influencer,1,23.9,0,0,8,0.673,1,1
C105088,CH,monthly,31,37,tv_campaign,0,29.9,0,0,8,0.705,0,0
C105089,CH,quarterly,9,46,paid_social,1,27.51,0,1,9,0.409,0,1
C105090,DE,monthly,5,27,influencer,1,23.9,0,0,9,0.272,0,0
C105091,AT,monthly,17,47,influencer,1,24.9,1,0,8,0.675,1,0
C105092,DE,quarterly,4,46,referral,1,21.99,0,0,9,0.632,1,0
C105093,AT,monthly,19,50,paid_search,0,24.9,0,0,6,0.773,1,1
C105094,DE,quarterly,14,47,tv_campaign,0,21.99,0,0,8,0.402,0,0
C105095,DE,quarterly,29,35,influencer,0,21.99,0,0,10,0.709,1,0
C105096,DE,quarterly,10,27,referral,0,21.99,1,3,5,0.571,0,0
C105097,AT,monthly,14,32,paid_social,0,24.9,0,0,8,0.338,0,0
C105098,CH,monthly,19,48,paid_search,0,29.9,0,0,5,0.784,1,0
C105099,DE,monthly,14,32,referral,0,23.9,1,0,8,0.092,1,0
C105100,DE,quarterly,6,50,tv_campaign,0,21.99,0,0,10,0.38,0,0
C105101,DE,monthly,5,33,paid_social,1,23.9,2,0,7,0.446,1,1
C105102,CH,monthly,15,53,tv_campaign,0,29.9,2,1,5,0.207,0,0
C105103,DE,quarterly,19,39,paid_search,0,21.99,1,0,6,0.763,0,0
C105104,DE,monthly,5,39,influencer,0,23.9,0,0,8,0.427,1,0
C105105,AT,monthly,26,19,paid_search,0,24.9,2,0,9,0.474,1,0
C105106,DE,monthly,18,35,paid_social,1,23.9,0,0,7,0.316,1,1
C105107,DE,monthly,20,49,paid_search,0,23.9,1,1,6,0.136,1,0
C105108,DE,quarterly,22,24,paid_search,0,21.99,1,0,6,0.599,1,0
C105109,AT,quarterly,22,62,influencer,0,22.91,0,0,9,0.541,0,0
C105110,DE,quarterly,13,46,paid_social,1,21.99,0,0,7,0.605,0,0
C105111,DE,quarterly,13,45,influencer,1,21.99,0,0,10,0.314,0,0
C105112,CH,monthly,5,36,tv_campaign,0,29.9,0,0,6,0.159,0,1
C105113,DE,monthly,2,48,paid_search,0,23.9,1,1,7,0.605,1,1
C105114,AT,quarterly,9,39,paid_search,0,22.91,0,0,10,0.404,0,0
C105115,DE,quarterly,27,18,tv_campaign,1,21.99,1,0,7,0.569,1,0
C105116,AT,monthly,6,28,influencer,1,24.9,0,0,7,0.369,0,0
C105117,DE,quarterly,1,43,referral,0,21.99,1,1,7,0.122,0,1
C105118,DE,monthly,3,44,influencer,0,23.9,0,1,8,0.637,1,0
C105119,DE,quarterly,9,44,referral,1,21.99,0,0,10,0.446,0,0
C105120,DE,monthly,31,18,paid_search,1,23.9,0,0,7,0.503,0,0
C105121,DE,monthly,5,31,paid_social,1,23.9,0,0,8,0.419,0,0
C105122,DE,monthly,8,32,paid_search,1,23.9,0,0,8,0.474,0,0
C105123,DE,quarterly,8,40,paid_social,0,21.99,0,0,7,0.475,0,0
C105124,DE,monthly,24,64,paid_social,1,23.9,0,0,9,0.609,0,1
C105125,AT,monthly,8,18,tv_campaign,1,24.9,0,0,6,0.488,1,0
C105126,DE,monthly,7,44,paid_search,0,23.9,2,0,6,0.521,0,0
C105127,CH,monthly,8,21,paid_search,0,29.9,2,1,4,0.344,0,0
C105128,AT,quarterly,9,40,referral,0,22.91,1,0,5,0.775,0,0
C105129,DE,monthly,5,41,influencer,1,23.9,3,1,6,0.6,1,1
C105130,DE,quarterly,1,49,paid_social,1,21.99,0,0,9,0.591,0,0
C105131,CH,monthly,8,52,paid_search,0,29.9,1,1,7,0.263,0,1
C105132,DE,monthly,24,34,paid_search,0,23.9,1,0,8,0.339,0,0
C105133,CH,monthly,14,34,paid_search,0,29.9,0,0,9,0.128,0,0
C105134,AT,quarterly,15,58,tv_campaign,0,22.91,0,0,9,0.457,0,0
C105135,CH,monthly,9,31,influencer,1,29.9,2,0,3,0.252,0,1
C105136,DE,monthly,33,45,paid_search,0,23.9,0,0,7,0.381,0,0
C105137,DE,monthly,7,34,influencer,0,23.9,2,1,7,0.553,0,1
C105138,DE,monthly,17,37,influencer,0,23.9,0,1,8,0.522,0,1
C105139,AT,monthly,12,46,referral,0,24.9,2,1,5,0.523,0,0
C105140,DE,monthly,7,34,paid_social,0,23.9,1,2,5,0.456,0,1
C105141,DE,monthly,9,32,paid_social,1,23.9,0,0,8,0.274,0,0
C105142,AT,quarterly,18,44,paid_social,1,22.91,0,0,8,0.414,0,0
C105143,AT,monthly,3,31,paid_search,1,24.9,0,0,6,0.479,0,0
C105144,DE,quarterly,7,44,paid_search,1,21.99,0,0,7,0.627,0,0
C105145,DE,monthly,3,52,referral,1,23.9,0,1,7,0.197,0,0
C105146,DE,monthly,8,36,paid_search,0,23.9,0,0,7,0.708,0,0
C105147,DE,monthly,22,61,tv_campaign,0,23.9,1,1,6,0.53,0,0
C105148,DE,monthly,8,42,referral,0,23.9,2,0,7,0.634,0,0
C105149,DE,monthly,3,46,tv_campaign,1,23.9,0,0,7,0.693,0,0
C105150,AT,quarterly,5,57,tv_campaign,1,22.91,0,0,10,0.479,1,0
C105151,DE,quarterly,7,63,referral,1,21.99,0,0,8,0.354,0,0
C105152,AT,monthly,10,44,influencer,0,24.9,1,0,8,0.47,1,0
C105153,CH,monthly,26,42,paid_search,1,29.9,2,1,3,0.464,0,1
C105154,DE,quarterly,12,32,influencer,0,21.99,0,0,9,0.705,0,0
C105155,DE,quarterly,9,33,paid_search,0,21.99,0,0,8,0.634,0,0
C105156,AT,quarterly,10,27,paid_search,0,22.91,0,0,6,0.552,1,0
C105157,CH,monthly,18,49,paid_social,0,29.9,1,0,9,0.364,0,0
C105158,DE,monthly,29,43,tv_campaign,1,23.9,0,0,10,0.91,0,0
C105159,AT,monthly,14,35,influencer,1,24.9,0,0,9,0.659,1,0
C105160,DE,quarterly,11,51,paid_search,1,21.99,0,0,7,0.508,1,0
C105161,DE,quarterly,20,21,paid_search,0,21.99,0,0,8,0.352,0,0
C105162,DE,monthly,7,55,influencer,0,23.9,1,0,8,0.58,0,0
C105163,DE,monthly,8,24,paid_social,0,23.9,2,0,4,0.664,0,1
C105164,CH,quarterly,12,38,paid_social,1,27.51,0,0,10,0.318,0,0
C105165,AT,quarterly,4,18,tv_campaign,0,22.91,1,1,5,0.25,1,0
C105166,DE,monthly,36,46,tv_campaign,0,23.9,1,0,7,0.546,0,0
C105167,DE,monthly,3,45,paid_search,1,23.9,0,0,6,0.637,1,0
C105168,DE,monthly,12,35,paid_social,1,23.9,0,1,8,0.52,0,0
C105169,AT,monthly,2,63,paid_social,0,24.9,1,0,9,0.703,0,0
C105170,DE,monthly,13,32,tv_campaign,1,23.9,0,2,6,0.322,0,1
C105171,AT,monthly,4,60,paid_search,0,24.9,1,1,7,0.575,1,1
C105172,DE,quarterly,7,38,referral,1,21.99,0,0,7,0.229,0,0
C105173,DE,monthly,3,49,paid_social,1,23.9,0,0,9,0.577,1,0
C105174,DE,monthly,10,40,paid_social,0,23.9,0,0,8,0.331,0,0
C105175,AT,monthly,6,52,influencer,1,24.9,2,0,8,0.096,1,0
C105176,CH,monthly,18,34,paid_search,0,29.9,0,0,8,0.574,1,0
C105177,DE,monthly,23,37,paid_search,0,23.9,0,0,5,0.39,1,0
C105178,DE,monthly,28,37,paid_social,0,23.9,0,0,10,0.626,1,0
C105179,AT,monthly,29,49,tv_campaign,0,24.9,0,0,8,0.502,0,0
C105180,DE,monthly,23,51,tv_campaign,0,23.9,1,1,8,0.707,0,1
C105181,DE,monthly,3,40,influencer,1,23.9,0,0,9,0.404,1,0
C105182,DE,monthly,7,42,paid_social,0,23.9,0,0,8,0.106,1,0
C105183,DE,monthly,25,18,influencer,0,23.9,0,0,7,0.666,0,0
C105184,DE,quarterly,6,49,tv_campaign,1,21.99,1,1,4,0.633,1,0
C105185,AT,monthly,3,23,paid_social,1,24.9,2,0,7,0.454,1,1
C105186,CH,quarterly,5,35,referral,0,27.51,2,0,8,0.215,1,0
C105187,DE,monthly,15,45,referral,0,23.9,0,0,6,0.765,0,0
C105188,AT,monthly,5,61,paid_search,0,24.9,0,0,8,0.419,0,0
C105189,DE,quarterly,11,36,paid_social,0,21.99,0,0,7,0.139,1,0
C105190,AT,quarterly,8,51,paid_search,0,22.91,0,0,8,0.395,0,0
C105191,CH,quarterly,4,34,paid_social,0,27.51,2,1,5,0.44,1,0
C105192,AT,monthly,3,56,referral,1,24.9,0,0,9,0.605,0,0
C105193,DE,monthly,19,39,influencer,1,23.9,1,0,8,0.376,0,1
C105194,DE,monthly,16,44,paid_search,0,23.9,1,2,6,0.357,0,0
C105195,CH,quarterly,15,18,tv_campaign,0,27.51,3,1,5,0.587,1,0
C105196,AT,quarterly,6,38,paid_search,0,22.91,0,1,7,0.483,0,0
C105197,DE,monthly,2,33,tv_campaign,1,23.9,1,0,6,0.829,1,0
C105198,DE,quarterly,8,49,paid_search,0,21.99,0,0,10,0.569,0,0
C105199,DE,monthly,7,51,referral,0,23.9,1,0,6,0.249,1,0
C105200,DE,monthly,3,39,paid_social,1,23.9,1,1,8,0.206,0,1
C105201,CH,quarterly,5,49,referral,0,27.51,0,0,7,0.787,0,0
C105202,AT,quarterly,3,47,referral,0,22.91,0,0,9,0.397,0,0
C105203,DE,quarterly,14,18,tv_campaign,1,21.99,3,2,5,0.229,1,0
C105204,DE,quarterly,4,35,influencer,0,21.99,0,0,9,0.323,0,0
C105205,DE,monthly,10,47,referral,0,23.9,1,1,10,0.632,0,0
C105206,DE,monthly,7,45,paid_search,1,23.9,0,0,8,0.314,1,0
C105207,DE,monthly,6,59,influencer,1,23.9,0,0,10,0.064,0,0
C105208,DE,quarterly,7,18,paid_search,1,21.99,0,0,5,0.646,1,0
C105209,DE,quarterly,9,51,paid_search,0,21.99,0,0,7,0.568,0,0
C105210,AT,monthly,3,47,paid_social,1,24.9,1,0,6,0.426,1,0
C105211,DE,quarterly,26,28,tv_campaign,0,21.99,0,1,7,0.82,0,0
C105212,AT,monthly,18,32,paid_social,0,24.9,1,1,5,0.547,0,0
C105213,AT,quarterly,9,32,referral,0,22.91,1,0,5,0.472,0,0
C105214,CH,monthly,7,45,referral,0,29.9,0,0,8,0.2,1,0
C105215,AT,quarterly,29,50,paid_search,0,22.91,1,2,7,0.469,1,0
C105216,AT,monthly,19,35,paid_social,1,24.9,1,0,7,0.625,0,1
C105217,DE,monthly,10,55,paid_social,0,23.9,1,0,8,0.189,0,0
C105218,AT,monthly,10,59,paid_search,0,24.9,0,0,10,0.249,0,0
C105219,DE,monthly,18,38,paid_social,0,23.9,1,0,9,0.582,0,0
C105220,CH,monthly,9,22,paid_search,0,29.9,1,0,8,0.723,0,0
C105221,DE,quarterly,19,68,referral,0,21.99,0,0,9,0.454,0,0
C105222,DE,monthly,12,42,paid_search,0,23.9,0,0,7,0.429,0,0
C105223,CH,monthly,9,54,paid_social,0,29.9,0,0,8,0.303,1,0
C105224,DE,monthly,3,38,tv_campaign,0,23.9,0,0,6,0.623,0,0
C105225,DE,monthly,6,48,tv_campaign,1,23.9,1,1,7,0.344,0,1
C105226,DE,monthly,9,39,tv_campaign,0,23.9,0,0,8,0.255,0,0
C105227,DE,monthly,7,35,paid_social,1,23.9,0,0,9,0.362,0,1
C105228,DE,monthly,18,34,referral,0,23.9,0,0,10,0.818,0,0
C105229,DE,quarterly,10,60,referral,0,21.99,0,1,9,0.309,0,0
C105230,AT,monthly,8,39,paid_search,1,24.9,0,1,9,0.529,1,0
C105231,DE,quarterly,26,35,tv_campaign,0,21.99,0,1,7,0.436,0,0
C105232,AT,monthly,13,47,influencer,1,24.9,1,2,6,0.336,1,0
C105233,AT,quarterly,18,37,paid_social,1,22.91,2,0,7,0.826,1,0
C105234,DE,monthly,17,28,paid_search,0,23.9,1,0,8,0.52,1,1
C105235,DE,monthly,4,50,paid_search,1,23.9,0,0,6,0.624,0,0
C105236,CH,quarterly,18,56,influencer,1,27.51,3,0,6,0.936,0,0
C105237,AT,monthly,3,51,referral,0,24.9,0,0,8,0.673,1,0
C105238,CH,quarterly,1,34,paid_search,1,27.51,2,0,5,0.546,0,0
C105239,DE,monthly,8,34,influencer,1,23.9,0,0,9,0.237,0,0
C105240,CH,monthly,8,43,paid_social,1,29.9,1,0,7,0.696,1,0
C105241,DE,quarterly,16,24,paid_social,1,21.99,0,0,8,0.585,1,0
C105242,DE,monthly,12,36,paid_search,0,23.9,0,0,8,0.419,0,0
C105243,AT,monthly,15,40,paid_social,1,24.9,1,0,7,0.406,0,0
C105244,DE,quarterly,17,36,referral,0,21.99,0,0,6,0.326,0,0
C105245,AT,monthly,19,40,paid_social,1,24.9,1,0,7,0.483,1,1
C105246,AT,monthly,9,45,paid_social,1,24.9,0,0,10,0.23,1,0
C105247,CH,quarterly,30,46,paid_search,0,27.51,0,0,8,0.691,0,0
C105248,DE,monthly,5,55,paid_search,0,23.9,0,0,10,0.728,0,0
C105249,AT,monthly,3,40,paid_search,0,24.9,0,0,6,0.379,1,1
C105250,AT,monthly,3,29,tv_campaign,1,24.9,1,0,7,0.388,1,0
C105251,DE,quarterly,31,45,paid_social,1,21.99,1,0,8,0.376,1,0
C105252,AT,quarterly,16,54,paid_social,0,22.91,1,0,6,0.501,0,0
C105253,DE,quarterly,8,47,paid_social,1,21.99,0,0,8,0.645,0,0
C105254,DE,monthly,4,40,paid_social,1,23.9,0,0,7,0.299,1,0
C105255,DE,quarterly,15,40,influencer,1,21.99,0,0,8,0.644,0,0
C105256,DE,quarterly,27,34,paid_search,0,21.99,0,0,10,0.815,0,0
C105257,DE,quarterly,4,60,referral,0,21.99,1,1,6,0.43,0,0
C105258,CH,monthly,7,40,paid_search,0,29.9,1,1,3,0.542,0,0
C105259,CH,monthly,9,36,paid_social,1,29.9,0,0,8,0.657,0,0
C105260,AT,monthly,1,50,tv_campaign,0,24.9,2,1,5,0.53,0,1
C105261,DE,quarterly,4,34,paid_search,0,21.99,1,2,8,0.504,0,0
C105262,AT,monthly,4,38,tv_campaign,1,24.9,1,0,6,0.155,0,1
C105263,DE,monthly,26,22,paid_search,0,23.9,0,0,8,0.689,1,0
C105264,DE,monthly,12,39,paid_search,0,23.9,1,0,9,0.266,0,1
C105265,AT,monthly,12,50,referral,0,24.9,1,0,8,0.195,0,0
C105266,DE,monthly,7,46,paid_social,1,23.9,0,0,7,0.352,1,0
C105267,DE,quarterly,9,39,tv_campaign,0,21.99,2,2,7,0.149,0,0
C105268,DE,monthly,21,52,influencer,0,23.9,3,0,6,0.533,0,1
C105269,AT,quarterly,23,49,referral,0,22.91,1,1,6,0.266,0,0
C105270,DE,quarterly,14,42,influencer,1,21.99,1,0,7,0.543,0,0
C105271,DE,monthly,16,46,tv_campaign,0,23.9,0,0,6,0.188,0,0
C105272,AT,quarterly,6,25,influencer,1,22.91,1,1,9,0.363,1,0
C105273,DE,monthly,7,41,influencer,1,23.9,0,0,8,0.285,0,0
C105274,AT,monthly,6,47,influencer,0,24.9,1,0,6,0.357,0,1
C105275,AT,monthly,12,55,paid_social,1,24.9,1,1,7,0.375,0,0
C105276,DE,monthly,7,41,referral,0,23.9,0,1,9,0.51,0,0
C105277,AT,monthly,18,52,paid_search,1,24.9,0,0,8,0.563,0,0
C105278,DE,quarterly,4,45,tv_campaign,0,21.99,2,1,7,0.215,1,0
C105279,DE,quarterly,8,36,paid_social,1,21.99,1,0,9,0.556,1,0
C105280,AT,monthly,14,48,paid_search,0,24.9,1,0,9,0.431,0,0
C105281,DE,monthly,21,18,paid_search,0,23.9,1,0,7,0.237,1,0
C105282,CH,quarterly,3,49,paid_search,0,27.51,2,1,5,0.402,0,1
C105283,DE,quarterly,15,25,referral,0,21.99,0,0,9,0.489,1,0
C105284,DE,monthly,10,45,paid_social,1,23.9,0,0,9,0.49,1,0
C105285,AT,monthly,4,24,paid_social,1,24.9,0,0,9,0.354,0,1
C105286,DE,quarterly,3,40,paid_social,1,21.99,1,0,7,0.182,1,0
C105287,DE,monthly,10,43,tv_campaign,1,23.9,0,0,7,0.357,0,0
C105288,DE,monthly,6,49,paid_social,1,23.9,0,0,10,0.582,0,0
C105289,DE,quarterly,6,44,referral,1,21.99,1,1,8,0.542,0,0
C105290,DE,monthly,3,41,tv_campaign,0,23.9,0,0,8,0.681,1,0
C105291,DE,monthly,9,49,tv_campaign,0,23.9,0,0,7,0.126,1,0
C105292,CH,quarterly,3,42,tv_campaign,0,27.51,0,0,8,0.571,0,0
C105293,CH,quarterly,6,39,paid_search,1,27.51,0,0,8,0.356,0,0
C105294,DE,monthly,11,42,paid_social,0,23.9,1,0,8,0.365,0,0
C105295,AT,monthly,6,45,paid_search,1,24.9,1,1,9,0.796,1,0
C105296,CH,quarterly,10,46,paid_search,0,27.51,0,1,6,0.63,1,0
C105297,DE,quarterly,10,32,paid_search,0,21.99,1,0,6,0.307,0,0
C105298,CH,monthly,8,44,paid_search,0,29.9,2,0,6,0.297,0,1
C105299,AT,monthly,17,38,paid_social,1,24.9,0,0,7,0.803,1,0
C105300,CH,quarterly,13,25,tv_campaign,0,27.51,0,1,9,0.444,1,0
C105301,AT,monthly,6,46,paid_search,0,24.9,0,1,6,0.443,1,0
C105302,DE,monthly,5,27,paid_social,0,23.9,0,0,8,0.563,1,1
C105303,DE,quarterly,13,49,influencer,1,21.99,1,1,4,0.678,1,0
C105304,DE,monthly,1,47,paid_social,1,23.9,0,0,10,0.477,0,1
C105305,DE,monthly,26,35,paid_search,1,23.9,0,0,7,0.234,1,0
C105306,CH,monthly,26,41,influencer,1,29.9,0,0,10,0.402,0,0
C105307,DE,monthly,10,37,referral,1,23.9,1,0,7,0.277,1,0
C105308,DE,quarterly,31,53,referral,1,21.99,0,0,7,0.517,0,0
C105309,CH,monthly,12,36,paid_search,1,29.9,0,0,6,0.529,1,0
C105310,DE,quarterly,8,40,tv_campaign,1,21.99,0,0,8,0.544,0,0
C105311,DE,monthly,3,37,influencer,1,23.9,1,0,5,0.636,0,0
C105312,CH,quarterly,22,43,paid_search,1,27.51,1,1,5,0.351,1,0
C105313,DE,monthly,3,32,paid_social,1,23.9,1,0,7,0.437,1,0
C105314,AT,quarterly,14,24,paid_search,1,22.91,1,0,7,0.502,0,0
C105315,AT,monthly,2,23,paid_search,0,24.9,0,0,9,0.136,1,0
C105316,DE,monthly,16,58,referral,0,23.9,1,0,7,0.623,0,0
C105317,CH,monthly,10,50,paid_social,1,29.9,1,0,7,0.601,1,0
C105318,DE,quarterly,25,38,tv_campaign,0,21.99,0,0,8,0.644,1,0
C105319,DE,monthly,2,47,paid_search,0,23.9,1,0,8,0.359,0,1
C105320,AT,monthly,22,44,paid_social,0,24.9,0,0,7,0.155,1,0
C105321,DE,monthly,10,28,paid_social,1,23.9,1,1,8,0.254,1,0
C105322,DE,monthly,19,32,paid_social,1,23.9,0,1,8,0.561,0,0
C105323,DE,quarterly,8,48,tv_campaign,0,21.99,1,1,6,0.504,1,0
C105324,DE,monthly,6,52,referral,1,23.9,1,0,7,0.314,0,0
C105325,DE,quarterly,48,55,paid_search,0,21.99,0,0,7,0.186,0,0
C105326,CH,quarterly,35,52,paid_search,0,27.51,2,1,5,0.696,0,0
C105327,DE,quarterly,7,25,tv_campaign,0,21.99,0,0,7,0.464,1,0
C105328,DE,monthly,12,45,influencer,1,23.9,1,1,9,0.562,0,0
C105329,CH,monthly,6,20,referral,0,29.9,0,0,8,0.257,1,0
C105330,DE,monthly,36,30,referral,1,23.9,2,0,7,0.874,1,0
C105331,DE,monthly,2,24,paid_search,0,23.9,0,0,6,0.214,1,1
C105332,CH,monthly,7,51,paid_search,0,29.9,0,0,6,0.506,1,0
C105333,CH,monthly,9,37,paid_search,0,29.9,0,0,8,0.157,0,0
C105334,DE,monthly,5,45,paid_social,0,23.9,0,0,8,0.379,0,0
C105335,DE,monthly,11,22,influencer,1,23.9,1,0,8,0.434,1,0
C105336,DE,monthly,8,42,referral,0,23.9,0,0,7,0.243,1,0
C105337,AT,quarterly,8,32,influencer,0,22.91,0,0,7,0.547,0,1
C105338,DE,monthly,13,34,paid_social,0,23.9,1,0,7,0.227,0,0
C105339,AT,monthly,4,46,paid_social,0,24.9,0,0,10,0.649,1,0
C105340,CH,monthly,4,21,influencer,0,29.9,1,0,7,0.316,1,1
C105341,CH,quarterly,2,55,paid_search,1,27.51,1,2,3,0.271,1,1
C105342,DE,monthly,3,35,paid_search,0,23.9,0,0,8,0.594,1,0
C105343,DE,monthly,11,47,influencer,1,23.9,0,0,7,0.469,0,0
C105344,AT,quarterly,31,34,paid_search,0,22.91,0,0,10,0.719,0,0
C105345,DE,monthly,7,24,referral,0,23.9,1,0,7,0.258,0,0
C105346,DE,monthly,6,40,paid_search,1,23.9,1,0,7,0.371,0,0
C105347,DE,monthly,10,50,paid_social,1,23.9,0,0,6,0.911,0,1
C105348,DE,monthly,6,22,paid_social,0,23.9,2,0,5,0.498,1,1
C105349,DE,monthly,20,35,paid_search,0,23.9,0,0,7,0.852,0,0
C105350,DE,monthly,8,47,influencer,1,23.9,1,0,6,0.498,0,1
C105351,DE,monthly,6,52,tv_campaign,0,23.9,3,0,5,0.616,1,0
C105352,DE,monthly,7,51,paid_search,0,23.9,0,1,6,0.236,1,0
C105353,AT,monthly,12,48,paid_social,1,24.9,0,0,9,0.214,1,0
C105354,DE,monthly,18,39,referral,0,23.9,0,0,9,0.713,0,0
C105355,AT,monthly,10,59,paid_search,0,24.9,0,0,8,0.186,0,0
C105356,CH,monthly,5,38,referral,0,29.9,0,0,9,0.342,0,0
C105357,DE,quarterly,19,46,paid_search,0,21.99,1,0,8,0.759,0,0
C105358,DE,quarterly,8,51,paid_search,0,21.99,1,0,9,0.582,0,0
C105359,DE,monthly,14,50,referral,1,23.9,2,0,8,0.39,0,0
C105360,DE,quarterly,14,53,paid_social,1,21.99,0,0,10,0.857,0,0
C105361,DE,monthly,47,49,paid_search,0,23.9,0,0,7,0.835,1,0
C105362,DE,monthly,5,23,paid_search,1,23.9,0,0,7,0.516,0,1
C105363,DE,monthly,7,37,referral,0,23.9,2,0,7,0.351,1,0
C105364,DE,monthly,21,31,paid_social,0,23.9,1,0,9,0.428,0,0
C105365,DE,quarterly,5,45,paid_social,1,21.99,1,0,6,0.813,1,0
C105366,AT,monthly,34,41,influencer,1,24.9,0,0,9,0.458,0,0
C105367,DE,monthly,20,46,paid_social,0,23.9,0,1,7,0.751,1,0
C105368,DE,monthly,12,29,paid_social,1,23.9,1,0,8,0.697,0,0
C105369,DE,quarterly,10,45,paid_search,0,21.99,0,0,10,0.672,0,0
C105370,CH,quarterly,8,33,paid_social,1,27.51,0,0,6,0.307,0,0
C105371,DE,monthly,21,63,paid_search,0,23.9,0,1,9,0.357,0,0
C105372,DE,monthly,8,18,paid_search,0,23.9,0,0,9,0.393,0,0
C105373,AT,monthly,6,44,paid_social,1,24.9,0,0,8,0.247,1,1
C105374,DE,quarterly,13,38,paid_search,0,21.99,0,0,9,0.282,1,1
C105375,CH,monthly,7,18,tv_campaign,0,29.9,0,0,9,0.185,1,0
C105376,CH,quarterly,12,31,influencer,1,27.51,0,1,6,0.446,1,0
C105377,AT,monthly,21,40,paid_search,0,24.9,1,0,8,0.151,1,0
C105378,DE,quarterly,6,51,paid_social,0,21.99,1,0,5,0.636,1,0
C105379,DE,quarterly,22,43,referral,0,21.99,1,0,6,0.716,0,0
C105380,DE,quarterly,16,48,paid_social,0,21.99,0,0,7,0.69,1,0
C105381,DE,quarterly,7,51,paid_social,1,21.99,0,0,10,0.373,0,0
C105382,DE,quarterly,6,53,paid_social,0,21.99,0,0,6,0.204,0,0
C105383,CH,monthly,7,50,paid_social,1,29.9,1,0,5,0.392,1,1
C105384,AT,monthly,11,20,referral,0,24.9,1,1,9,0.539,0,1
C105385,DE,monthly,15,48,paid_search,1,23.9,0,0,7,0.236,0,0
C105386,AT,monthly,11,22,paid_search,1,24.9,0,0,10,0.222,0,1
C105387,CH,monthly,8,65,paid_search,1,29.9,1,0,8,0.616,1,0
C105388,AT,monthly,20,53,influencer,0,24.9,0,0,10,0.604,1,0
C105389,DE,monthly,6,46,tv_campaign,0,23.9,0,0,9,0.647,0,0
C105390,DE,quarterly,21,18,paid_search,0,21.99,0,1,9,0.393,0,0
C105391,DE,monthly,18,37,tv_campaign,0,23.9,0,0,8,0.48,0,1
C105392,DE,monthly,2,31,paid_social,1,23.9,0,0,7,0.318,0,0
C105393,CH,monthly,12,38,influencer,1,29.9,1,1,6,0.247,0,1
C105394,DE,monthly,3,43,paid_social,0,23.9,0,0,7,0.355,1,0
C105395,DE,monthly,18,46,referral,1,23.9,0,0,8,0.681,1,0
C105396,CH,monthly,16,58,paid_search,1,29.9,0,0,10,0.326,0,0
C105397,CH,monthly,14,66,paid_social,1,29.9,2,0,4,0.574,0,0
C105398,CH,monthly,20,40,paid_search,0,29.9,2,1,5,0.362,1,1
C105399,DE,monthly,9,34,paid_search,0,23.9,0,0,9,0.221,1,0
C105400,DE,monthly,2,40,paid_search,0,23.9,0,0,5,0.404,0,1
C105401,DE,monthly,7,55,referral,0,23.9,1,1,8,0.282,0,0
C105402,AT,monthly,12,54,referral,1,24.9,1,1,6,0.249,0,0
C105403,DE,quarterly,9,44,influencer,0,21.99,0,0,9,0.37,1,0
C105404,DE,quarterly,1,33,influencer,1,21.99,0,1,6,0.733,1,0
C105405,DE,quarterly,11,29,paid_search,0,21.99,1,1,7,0.752,0,0
C105406,AT,monthly,8,32,referral,0,24.9,0,0,8,0.324,1,0
C105407,DE,monthly,14,52,paid_search,0,23.9,0,0,8,0.496,0,0
C105408,DE,monthly,9,34,paid_search,1,23.9,0,0,8,0.496,1,0
C105409,DE,monthly,11,47,tv_campaign,0,23.9,0,0,8,0.324,1,0
C105410,DE,monthly,37,32,influencer,1,23.9,0,0,8,0.294,1,0
C105411,DE,monthly,17,45,paid_social,1,23.9,0,2,7,0.253,1,1
C105412,AT,quarterly,10,45,tv_campaign,0,22.91,0,0,10,0.58,0,0
C105413,CH,monthly,7,63,paid_social,1,29.9,0,0,10,0.296,0,1
C105414,DE,monthly,20,44,paid_social,1,23.9,0,0,6,0.623,1,0
C105415,DE,monthly,18,46,paid_social,0,23.9,0,0,10,0.604,0,0
C105416,AT,monthly,27,53,paid_search,0,24.9,1,1,7,0.274,0,0
C105417,AT,monthly,15,44,paid_social,0,24.9,0,0,9,0.386,0,1
C105418,CH,monthly,6,44,influencer,1,29.9,2,0,8,0.231,0,0
C105419,DE,quarterly,8,42,influencer,0,21.99,0,0,9,0.554,1,0
C105420,DE,monthly,13,40,influencer,0,23.9,1,2,5,0.531,0,1
C105421,DE,monthly,31,48,tv_campaign,0,23.9,1,0,5,0.79,0,1
C105422,DE,monthly,24,49,paid_search,1,23.9,1,0,8,0.748,0,0
C105423,DE,monthly,15,21,referral,0,23.9,0,0,8,0.368,1,0
C105424,CH,monthly,2,42,paid_search,0,29.9,0,0,8,0.456,1,0
C105425,AT,quarterly,4,41,influencer,1,22.91,1,1,7,0.068,0,1
C105426,DE,monthly,9,30,paid_search,0,23.9,0,0,9,0.812,1,0
C105427,DE,quarterly,4,26,paid_search,0,21.99,2,0,7,0.307,1,1
C105428,DE,quarterly,18,31,referral,0,21.99,1,0,9,0.289,1,0
C105429,DE,quarterly,16,39,paid_social,0,21.99,0,0,7,0.847,1,0
C105430,DE,monthly,11,43,paid_search,0,23.9,0,0,6,0.392,0,0
C105431,CH,monthly,20,36,paid_social,1,29.9,1,1,7,0.252,0,1
C105432,CH,monthly,6,33,influencer,0,29.9,0,0,8,0.7,1,0
C105433,AT,monthly,1,25,influencer,0,24.9,0,0,8,0.469,0,1
C105434,CH,quarterly,43,48,paid_social,0,27.51,1,2,6,0.778,0,0
C105435,DE,monthly,8,43,paid_social,0,23.9,1,0,7,0.197,0,0
C105436,DE,quarterly,1,27,tv_campaign,1,21.99,2,1,6,0.356,1,1
C105437,DE,monthly,4,74,paid_search,0,23.9,0,0,8,0.118,1,1
C105438,DE,monthly,14,31,paid_social,0,23.9,1,0,8,0.231,1,0
C105439,CH,quarterly,15,41,tv_campaign,1,27.51,0,1,5,0.669,1,0
C105440,DE,monthly,11,26,influencer,1,23.9,1,1,9,0.518,1,0
C105441,AT,monthly,12,29,paid_search,0,24.9,1,0,7,0.628,1,0
C105442,DE,monthly,14,36,influencer,1,23.9,0,0,10,0.521,1,0
C105443,DE,monthly,3,40,influencer,1,23.9,0,0,8,0.477,0,0
C105444,AT,monthly,7,59,tv_campaign,1,24.9,0,0,8,0.384,1,0
C105445,DE,monthly,2,37,influencer,0,23.9,2,0,9,0.547,1,0
C105446,AT,monthly,6,39,referral,0,24.9,0,0,8,0.28,1,0
C105447,DE,monthly,7,39,paid_search,1,23.9,0,0,8,0.283,1,1
C105448,CH,quarterly,12,52,paid_search,0,27.51,0,0,7,0.106,1,0
C105449,DE,quarterly,13,32,influencer,1,21.99,0,0,8,0.157,1,0
C105450,AT,quarterly,12,43,tv_campaign,0,22.91,0,0,8,0.686,1,0
C105451,CH,monthly,5,24,paid_social,1,29.9,1,1,6,0.281,0,1
C105452,DE,monthly,20,49,tv_campaign,0,23.9,1,0,8,0.757,0,0
C105453,DE,quarterly,3,53,paid_social,1,21.99,0,0,8,0.439,0,0
C105454,DE,monthly,5,39,paid_social,0,23.9,3,1,7,0.527,0,0
C105455,DE,monthly,4,37,paid_social,0,23.9,0,0,7,0.366,0,0
C105456,AT,monthly,4,49,tv_campaign,0,24.9,1,0,8,0.413,1,0
C105457,AT,quarterly,25,41,paid_search,0,22.91,0,0,9,0.806,0,0
C105458,AT,monthly,10,51,paid_search,0,24.9,0,0,10,0.55,0,0
C105459,AT,quarterly,2,38,paid_social,1,22.91,1,2,4,0.864,0,1
C105460,DE,quarterly,1,50,referral,0,21.99,1,0,9,0.545,1,0
C105461,DE,quarterly,15,30,referral,1,21.99,2,0,8,0.291,1,0
C105462,DE,quarterly,26,44,paid_social,0,21.99,0,1,6,0.7,0,0
C105463,DE,monthly,9,44,referral,0,23.9,4,0,6,0.573,1,1
C105464,AT,monthly,10,35,paid_search,0,24.9,1,0,7,0.238,0,0
C105465,CH,quarterly,18,57,influencer,1,27.51,1,1,5,0.791,0,0
C105466,DE,monthly,8,28,paid_search,0,23.9,0,0,6,0.208,0,0
C105467,DE,monthly,10,38,paid_search,0,23.9,1,0,9,0.512,0,0
C105468,DE,quarterly,16,19,paid_social,0,21.99,1,0,5,0.559,0,1
C105469,AT,quarterly,6,34,paid_social,0,22.91,0,0,7,0.31,1,0
C105470,AT,monthly,4,42,tv_campaign,0,24.9,0,1,8,0.765,0,0
C105471,DE,monthly,12,37,paid_search,0,23.9,0,0,8,0.799,0,0
C105472,DE,monthly,16,29,paid_social,0,23.9,0,0,6,0.187,0,0
C105473,AT,quarterly,12,24,paid_search,0,22.91,1,0,7,0.199,0,0
C105474,DE,monthly,20,23,referral,0,23.9,0,0,7,0.526,0,1
C105475,AT,monthly,6,44,paid_social,1,24.9,0,0,8,0.746,1,0
C105476,CH,monthly,8,46,influencer,1,29.9,2,1,8,0.314,1,1
C105477,CH,monthly,35,22,paid_search,0,29.9,2,1,8,0.565,0,0
C105478,AT,monthly,15,56,referral,1,24.9,3,1,4,0.711,0,1
C105479,DE,quarterly,2,18,tv_campaign,1,21.99,3,0,8,0.748,0,0
C105480,DE,quarterly,36,30,paid_search,0,21.99,0,0,8,0.264,0,0
C105481,DE,monthly,42,55,tv_campaign,0,23.9,0,0,6,0.441,1,0
C105482,CH,monthly,8,53,paid_search,0,29.9,1,0,6,0.352,0,0
C105483,AT,monthly,22,60,influencer,0,24.9,1,1,7,0.28,0,0
C105484,DE,monthly,6,33,referral,0,23.9,0,0,10,0.254,0,0
C105485,DE,monthly,9,18,paid_social,1,23.9,1,1,4,0.444,1,1
C105486,DE,monthly,16,23,paid_social,0,23.9,2,1,7,0.264,0,0
C105487,DE,quarterly,13,52,referral,1,21.99,0,0,6,0.356,1,1
C105488,AT,monthly,4,51,influencer,0,24.9,0,1,8,0.401,0,1
C105489,DE,monthly,8,38,paid_search,1,23.9,0,1,6,0.343,0,0
C105490,CH,monthly,5,40,referral,0,29.9,2,1,5,0.756,0,0
C105491,DE,quarterly,15,48,influencer,0,21.99,0,0,9,0.721,1,0
C105492,DE,monthly,8,45,referral,0,23.9,0,0,7,0.553,0,0
C105493,DE,monthly,7,27,paid_social,1,23.9,0,0,7,0.495,0,0
C105494,CH,quarterly,9,40,paid_social,0,27.51,1,1,7,0.691,0,1
C105495,AT,monthly,2,48,paid_search,0,24.9,1,2,6,0.674,0,0
C105496,DE,quarterly,19,38,paid_social,0,21.99,0,0,8,0.588,0,0
C105497,DE,monthly,21,27,influencer,0,23.9,2,0,6,0.298,0,1
C105498,DE,quarterly,9,60,referral,0,21.99,2,1,7,0.302,1,0
C105499,DE,monthly,7,23,influencer,1,23.9,0,0,6,0.604,1,1
C105500,DE,monthly,7,41,paid_social,1,23.9,1,1,8,0.179,0,1
C105501,AT,quarterly,3,45,referral,1,22.91,0,0,7,0.137,1,0
C105502,DE,monthly,12,24,referral,1,23.9,0,0,9,0.644,1,0
C105503,DE,monthly,9,60,referral,0,23.9,0,0,8,0.705,0,0
C105504,DE,quarterly,15,51,influencer,1,21.99,1,0,8,0.695,0,0
C105505,CH,monthly,11,49,paid_social,1,29.9,3,2,5,0.28,0,1
C105506,DE,monthly,11,24,paid_search,0,23.9,1,1,5,0.115,1,0
C105507,DE,quarterly,4,25,paid_search,0,21.99,0,0,8,0.505,1,0
C105508,DE,monthly,3,75,paid_social,0,23.9,1,0,8,0.104,1,0
C105509,DE,monthly,19,48,paid_search,0,23.9,1,1,7,0.341,0,0
C105510,AT,monthly,18,45,tv_campaign,0,24.9,0,0,7,0.463,0,0
C105511,AT,monthly,23,30,influencer,1,24.9,1,0,9,0.414,0,1
C105512,DE,quarterly,4,43,paid_social,1,21.99,1,0,8,0.203,0,1
C105513,DE,monthly,3,31,paid_search,0,23.9,1,0,10,0.485,1,0
C105514,DE,monthly,3,34,influencer,0,23.9,0,0,8,0.299,0,1
C105515,AT,quarterly,6,34,paid_search,0,22.91,0,0,9,0.513,1,0
C105516,AT,monthly,30,54,paid_search,1,24.9,0,0,8,0.2,1,0
C105517,DE,monthly,8,32,paid_search,0,23.9,0,0,9,0.18,0,0
C105518,AT,monthly,7,18,paid_search,1,24.9,1,0,8,0.43,0,0
C105519,AT,monthly,12,37,tv_campaign,0,24.9,0,1,6,0.394,1,0
C105520,AT,monthly,9,41,paid_social,0,24.9,1,1,6,0.369,1,1
C105521,DE,monthly,23,40,paid_social,1,23.9,0,0,7,0.478,1,0
C105522,AT,monthly,3,45,paid_social,1,24.9,1,1,6,0.191,1,0
C105523,DE,quarterly,20,23,referral,0,21.99,1,0,8,0.753,0,0
C105524,DE,quarterly,7,68,paid_social,1,21.99,0,0,9,0.373,0,0
C105525,DE,monthly,6,65,paid_search,0,23.9,2,1,3,0.436,1,1
C105526,AT,monthly,17,57,paid_social,0,24.9,0,0,9,0.13,0,0
C105527,CH,monthly,3,47,paid_social,1,29.9,1,1,7,0.337,1,1
C105528,DE,monthly,21,61,referral,1,23.9,0,1,5,0.19,1,0
C105529,CH,quarterly,2,34,paid_social,0,27.51,1,0,7,0.474,1,0
C105530,DE,quarterly,11,33,influencer,1,21.99,0,0,9,0.651,0,0
C105531,DE,quarterly,14,59,paid_search,0,21.99,0,0,9,0.495,1,0
C105532,DE,monthly,1,36,referral,0,23.9,0,0,7,0.625,0,1
C105533,DE,quarterly,10,48,influencer,1,21.99,1,1,7,0.799,0,0
C105534,DE,monthly,4,48,paid_search,1,23.9,0,0,7,0.524,0,0
C105535,DE,monthly,17,57,referral,1,23.9,0,1,4,0.273,0,1
C105536,CH,quarterly,11,37,paid_search,0,27.51,1,0,7,0.54,0,0
C105537,DE,monthly,12,36,paid_search,0,23.9,0,0,8,0.218,0,1
C105538,AT,monthly,12,42,referral,1,24.9,0,0,8,0.509,1,0
C105539,DE,monthly,3,35,paid_social,0,23.9,1,0,6,0.547,0,0
C105540,DE,monthly,3,51,paid_search,0,23.9,0,0,7,0.458,0,0
C105541,DE,quarterly,9,68,paid_search,0,21.99,0,0,7,0.348,0,0
C105542,CH,monthly,12,33,referral,0,29.9,2,0,7,0.243,1,0
C105543,AT,quarterly,3,52,paid_social,0,22.91,0,0,9,0.256,0,0
C105544,DE,monthly,7,35,tv_campaign,1,23.9,1,0,7,0.646,0,0
C105545,CH,monthly,7,44,tv_campaign,1,29.9,0,1,7,0.558,1,0
C105546,AT,quarterly,10,64,paid_search,0,22.91,2,0,7,0.495,0,0
C105547,AT,monthly,5,29,referral,1,24.9,1,1,7,0.494,0,1
C105548,CH,monthly,9,23,referral,0,29.9,1,0,8,0.352,1,0
C105549,CH,quarterly,10,36,paid_search,0,27.51,1,0,9,0.685,0,0
C105550,DE,monthly,14,31,paid_social,1,23.9,0,1,8,0.478,1,0
C105551,DE,monthly,12,22,paid_social,0,23.9,1,0,5,0.423,0,0
C105552,CH,monthly,11,28,paid_social,0,29.9,0,0,7,0.447,1,0
C105553,AT,monthly,13,46,influencer,0,24.9,0,0,9,0.813,0,0
C105554,DE,monthly,4,53,referral,0,23.9,2,0,7,0.673,0,1
C105555,AT,quarterly,41,30,paid_search,0,22.91,0,0,8,0.607,1,0
C105556,DE,monthly,10,72,tv_campaign,0,23.9,0,2,7,0.408,1,0
C105557,DE,monthly,8,60,referral,1,23.9,1,0,6,0.194,1,0
C105558,AT,quarterly,11,53,referral,1,22.91,1,0,8,0.567,1,0
C105559,CH,monthly,27,42,paid_search,0,29.9,2,0,7,0.66,0,0
C105560,DE,monthly,19,63,influencer,1,23.9,1,0,8,0.855,0,0
C105561,DE,monthly,11,28,influencer,1,23.9,0,0,8,0.441,1,0
C105562,DE,monthly,2,59,paid_social,1,23.9,0,0,9,0.146,1,0
C105563,DE,monthly,5,32,paid_social,0,23.9,0,0,5,0.423,1,1
C105564,AT,monthly,5,28,referral,1,24.9,0,0,9,0.877,0,0
C105565,DE,monthly,20,49,paid_social,0,23.9,0,0,7,0.376,0,0
C105566,AT,monthly,3,47,influencer,0,24.9,0,0,7,0.478,0,1
C105567,DE,quarterly,4,43,paid_search,0,21.99,0,0,7,0.569,1,0
C105568,DE,monthly,6,40,paid_search,0,23.9,0,0,5,0.838,1,0
C105569,DE,monthly,9,27,paid_social,1,23.9,1,1,5,0.362,0,1
C105570,DE,quarterly,4,53,influencer,1,21.99,0,0,7,0.544,0,0
C105571,DE,quarterly,9,29,paid_search,1,21.99,1,0,7,0.587,1,0
C105572,AT,monthly,7,26,influencer,1,24.9,0,0,6,0.767,0,0
C105573,DE,quarterly,6,38,referral,0,21.99,1,0,9,0.159,0,1
C105574,AT,quarterly,19,40,tv_campaign,0,22.91,2,2,6,0.399,0,0
C105575,DE,monthly,13,58,paid_social,1,23.9,2,0,6,0.257,1,1
C105576,DE,monthly,15,50,paid_search,0,23.9,1,0,7,0.52,0,0
C105577,DE,monthly,2,38,tv_campaign,0,23.9,2,0,7,0.18,1,0
C105578,AT,monthly,11,64,paid_search,0,24.9,0,0,7,0.162,0,0
C105579,CH,monthly,14,34,tv_campaign,0,29.9,1,0,7,0.418,0,0
C105580,DE,monthly,12,18,influencer,1,23.9,0,0,8,0.796,1,0
C105581,DE,monthly,14,30,influencer,1,23.9,1,0,6,0.515,1,0
C105582,DE,quarterly,20,31,paid_social,0,21.99,0,0,8,0.552,0,0
C105583,DE,monthly,8,35,paid_social,0,23.9,0,0,8,0.72,0,0
C105584,DE,monthly,1,46,referral,0,23.9,3,1,5,0.343,0,1
C105585,DE,monthly,8,40,tv_campaign,1,23.9,0,0,9,0.461,0,0
C105586,DE,monthly,6,37,referral,0,23.9,0,0,10,0.671,0,0
C105587,AT,monthly,6,36,tv_campaign,0,24.9,0,0,8,0.518,0,0
C105588,DE,monthly,20,56,referral,0,23.9,2,0,8,0.474,0,0
C105589,CH,monthly,4,41,influencer,0,29.9,0,0,8,0.43,0,0
C105590,DE,quarterly,5,19,influencer,0,21.99,0,0,9,0.175,1,1
C105591,AT,quarterly,1,41,influencer,0,22.91,1,1,7,0.179,0,0
C105592,DE,monthly,18,37,paid_search,1,23.9,2,1,6,0.291,0,1
C105593,DE,quarterly,5,38,influencer,1,21.99,1,2,6,0.335,0,1
C105594,DE,monthly,16,40,paid_search,1,23.9,2,1,7,0.286,0,0
C105595,DE,quarterly,7,65,influencer,0,21.99,2,0,6,0.331,0,0
C105596,DE,monthly,16,42,influencer,1,23.9,1,1,6,0.871,0,0
C105597,DE,monthly,17,50,paid_social,0,23.9,0,0,8,0.388,0,1
C105598,DE,quarterly,13,43,paid_search,0,21.99,0,1,7,0.141,0,0
C105599,DE,monthly,17,24,paid_social,1,23.9,0,0,8,0.572,1,0
C105600,DE,monthly,7,31,paid_search,0,23.9,0,0,8,0.783,1,0
C105601,DE,monthly,5,57,paid_search,1,23.9,0,0,8,0.418,0,0
C105602,DE,monthly,7,34,referral,1,23.9,2,1,6,0.533,1,0
C105603,DE,monthly,12,61,paid_social,0,23.9,0,0,8,0.497,0,0
C105604,DE,monthly,10,42,influencer,1,23.9,0,0,8,0.424,0,0
C105605,DE,quarterly,9,45,paid_search,0,21.99,0,0,7,0.241,1,0
C105606,DE,quarterly,28,40,paid_social,1,21.99,0,0,7,0.471,1,0
C105607,CH,quarterly,48,32,tv_campaign,0,27.51,1,2,5,0.548,0,0
C105608,DE,quarterly,16,33,influencer,0,21.99,1,1,6,0.276,0,0
C105609,AT,monthly,4,34,paid_social,0,24.9,0,0,7,0.081,0,0
C105610,DE,monthly,17,37,paid_search,0,23.9,1,1,6,0.313,0,0
C105611,DE,quarterly,13,18,tv_campaign,1,21.99,0,0,7,0.439,1,0
C105612,DE,monthly,34,21,paid_social,0,23.9,0,0,7,0.628,0,0
C105613,DE,quarterly,8,47,paid_search,1,21.99,0,0,9,0.464,1,0
C105614,DE,monthly,19,42,tv_campaign,0,23.9,0,0,10,0.673,1,0
C105615,DE,monthly,10,18,paid_search,0,23.9,0,0,9,0.38,1,0
C105616,CH,monthly,26,20,paid_search,0,29.9,2,1,7,0.241,1,0
C105617,AT,monthly,3,46,paid_social,1,24.9,1,0,8,0.756,0,0
C105618,DE,monthly,14,55,referral,0,23.9,0,1,8,0.314,1,1
C105619,AT,quarterly,6,56,paid_search,1,22.91,0,0,8,0.273,0,0
C105620,AT,quarterly,8,20,referral,0,22.91,0,0,7,0.541,0,0
C105621,DE,quarterly,18,42,paid_social,0,21.99,1,1,5,0.299,0,0
C105622,DE,monthly,3,32,paid_social,1,23.9,0,0,7,0.114,0,1
C105623,DE,monthly,14,47,paid_search,0,23.9,2,0,9,0.616,0,0
C105624,DE,monthly,7,31,referral,0,23.9,0,0,9,0.548,0,0
C105625,AT,monthly,7,41,influencer,1,24.9,1,0,6,0.507,0,1
C105626,AT,quarterly,18,27,influencer,1,22.91,0,0,10,0.4,1,0
C105627,AT,monthly,14,18,influencer,1,24.9,1,0,8,0.57,0,0
C105628,CH,monthly,12,23,influencer,1,29.9,1,1,5,0.775,0,1
C105629,CH,quarterly,10,23,paid_social,1,27.51,0,0,9,0.654,1,0
C105630,AT,quarterly,9,42,influencer,0,22.91,0,1,6,0.175,0,0
C105631,AT,monthly,2,41,influencer,1,24.9,0,0,7,0.775,1,0
C105632,DE,monthly,16,32,paid_social,1,23.9,0,0,6,0.616,0,0
C105633,DE,quarterly,5,43,paid_social,1,21.99,0,0,5,0.527,0,1
C105634,AT,quarterly,3,60,paid_search,0,22.91,0,0,7,0.87,0,0
C105635,DE,quarterly,5,31,tv_campaign,0,21.99,0,0,9,0.227,0,0
C105636,DE,monthly,12,63,paid_search,0,23.9,0,0,7,0.419,0,1
C105637,DE,monthly,13,39,paid_social,1,23.9,2,0,6,0.364,0,0
C105638,DE,monthly,1,36,paid_social,1,23.9,0,0,9,0.172,1,0
C105639,DE,quarterly,11,31,paid_social,1,21.99,1,1,6,0.153,0,1
C105640,AT,monthly,19,32,paid_social,0,24.9,0,0,6,0.362,1,0
C105641,CH,monthly,3,24,paid_social,0,29.9,3,1,6,0.487,1,1
C105642,CH,monthly,10,38,paid_search,0,29.9,0,0,8,0.581,1,1
C105643,AT,quarterly,2,19,paid_search,0,22.91,0,0,7,0.429,0,0
C105644,CH,monthly,33,18,paid_search,1,29.9,2,1,4,0.28,0,0
C105645,DE,monthly,6,36,referral,0,23.9,1,1,7,0.769,0,0
C105646,CH,monthly,11,52,paid_social,1,29.9,1,0,6,0.332,0,1
C105647,DE,monthly,8,47,paid_search,0,23.9,1,0,7,0.375,1,0
C105648,CH,monthly,9,35,paid_social,0,29.9,1,1,7,0.115,1,0
C105649,AT,monthly,30,52,influencer,1,24.9,0,0,7,0.538,1,0
C105650,DE,quarterly,18,49,paid_social,1,21.99,0,1,10,0.636,0,0
C105651,CH,quarterly,18,64,paid_search,0,27.51,0,1,6,0.418,1,0
C105652,AT,monthly,1,53,paid_search,1,24.9,1,0,8,0.167,1,1
C105653,CH,monthly,13,33,referral,0,29.9,2,0,5,0.425,0,0
C105654,DE,monthly,19,69,influencer,0,23.9,2,1,6,0.207,0,0
C105655,AT,monthly,21,42,paid_search,0,24.9,1,0,6,0.444,0,0
C105656,AT,quarterly,8,52,tv_campaign,0,22.91,1,0,7,0.429,0,0
C105657,AT,monthly,11,41,paid_search,0,24.9,2,0,6,0.214,0,0
C105658,DE,quarterly,10,45,influencer,0,21.99,1,1,4,0.39,0,0
C105659,CH,monthly,19,37,tv_campaign,0,29.9,1,0,7,0.22,0,0
C105660,DE,quarterly,4,19,influencer,0,21.99,1,1,8,0.619,1,0
C105661,DE,quarterly,11,31,paid_social,0,21.99,1,2,8,0.576,1,0
C105662,CH,monthly,7,33,influencer,1,29.9,0,0,8,0.21,0,0
C105663,CH,quarterly,9,52,paid_social,1,27.51,0,0,4,0.278,0,0
C105664,DE,monthly,2,53,paid_social,1,23.9,3,0,5,0.821,1,1
C105665,DE,quarterly,12,30,paid_social,0,21.99,0,0,7,0.325,0,0
C105666,DE,monthly,19,57,paid_search,0,23.9,1,0,8,0.228,0,0
C105667,DE,monthly,6,46,paid_search,0,23.9,0,0,10,0.618,1,0
C105668,DE,quarterly,38,44,influencer,1,21.99,1,0,8,0.779,0,0
C105669,CH,monthly,6,54,influencer,1,29.9,1,1,8,0.234,1,0
C105670,DE,monthly,16,35,paid_search,0,23.9,0,0,7,0.554,0,1
C105671,DE,quarterly,16,41,paid_social,1,21.99,0,0,7,0.712,0,0
C105672,CH,monthly,11,72,paid_search,0,29.9,0,1,9,0.284,0,0
C105673,AT,monthly,8,31,paid_social,0,24.9,0,0,10,0.52,0,0
C105674,DE,monthly,4,62,referral,0,23.9,0,0,5,0.25,0,0
C105675,DE,monthly,4,25,paid_search,0,23.9,2,0,9,0.624,1,1
C105676,DE,quarterly,24,40,paid_social,0,21.99,0,0,9,0.773,0,0
C105677,CH,monthly,5,24,paid_search,1,29.9,1,1,7,0.304,0,1
C105678,AT,monthly,11,36,tv_campaign,1,24.9,1,1,6,0.696,0,1
C105679,DE,monthly,15,31,influencer,0,23.9,1,0,6,0.426,1,0
C105680,DE,monthly,3,39,paid_search,1,23.9,1,1,6,0.477,0,1
C105681,AT,quarterly,21,57,referral,0,22.91,0,0,8,0.674,0,0
C105682,DE,monthly,6,41,paid_social,0,23.9,0,1,6,0.634,0,0
C105683,AT,monthly,15,32,paid_search,0,24.9,1,0,8,0.612,1,0
C105684,DE,quarterly,3,68,influencer,0,21.99,1,1,5,0.227,0,1
C105685,AT,quarterly,9,38,referral,0,22.91,0,0,7,0.088,0,0
C105686,DE,quarterly,18,53,paid_social,1,21.99,0,0,10,0.637,0,0
C105687,DE,monthly,1,43,paid_search,1,23.9,0,1,7,0.34,0,1
C105688,AT,monthly,2,49,paid_search,0,24.9,0,0,10,0.402,0,0
C105689,DE,quarterly,15,48,influencer,1,21.99,1,2,6,0.313,0,0
C105690,CH,quarterly,17,54,paid_search,1,27.51,1,1,6,0.835,1,0
C105691,DE,monthly,5,44,paid_search,1,23.9,0,0,8,0.849,1,0
C105692,CH,monthly,5,53,paid_social,0,29.9,0,0,8,0.793,1,0
C105693,CH,monthly,7,34,tv_campaign,0,29.9,1,1,7,0.648,0,0
C105694,DE,monthly,2,36,paid_search,1,23.9,0,1,7,0.173,0,0
C105695,DE,monthly,40,36,paid_search,0,23.9,0,0,8,0.303,1,0
C105696,DE,monthly,3,48,tv_campaign,0,23.9,1,0,9,0.154,1,0
C105697,DE,monthly,17,21,paid_search,0,23.9,1,0,9,0.466,1,0
C105698,DE,monthly,10,52,influencer,1,23.9,2,1,6,0.622,0,1
C105699,DE,quarterly,15,37,paid_search,0,21.99,1,0,7,0.643,0,0
C105700,DE,quarterly,13,38,referral,0,21.99,3,1,4,0.277,0,0
C105701,AT,monthly,11,28,referral,0,24.9,1,1,6,0.11,1,0
C105702,AT,quarterly,5,45,paid_social,1,22.91,0,0,9,0.239,0,0
C105703,DE,quarterly,28,19,referral,0,21.99,0,0,6,0.772,0,0
C105704,AT,monthly,12,32,influencer,0,24.9,1,1,8,0.111,0,0
C105705,CH,monthly,14,31,tv_campaign,0,29.9,2,1,6,0.563,0,0
C105706,CH,monthly,8,32,tv_campaign,1,29.9,1,1,7,0.358,0,0
C105707,AT,monthly,3,37,paid_search,0,24.9,1,1,7,0.549,0,0
C105708,DE,monthly,9,30,paid_social,0,23.9,0,0,7,0.236,0,0
C105709,AT,monthly,4,24,referral,0,24.9,0,0,8,0.545,0,0
C105710,DE,monthly,9,20,paid_social,1,23.9,0,0,6,0.295,0,1
C105711,DE,quarterly,2,55,influencer,0,21.99,0,1,6,0.559,0,0
C105712,CH,monthly,18,26,referral,1,29.9,1,0,10,0.627,0,0
C105713,AT,monthly,32,43,referral,1,24.9,0,0,8,0.839,0,0
C105714,DE,quarterly,24,50,referral,0,21.99,2,0,9,0.587,1,0
C105715,CH,quarterly,7,32,paid_social,1,27.51,1,0,5,0.221,1,0
C105716,DE,quarterly,8,42,tv_campaign,0,21.99,0,0,10,0.336,1,0
C105717,DE,quarterly,2,40,paid_search,0,21.99,0,0,9,0.671,0,1
C105718,DE,quarterly,16,29,tv_campaign,1,21.99,1,0,7,0.311,1,0
C105719,AT,monthly,6,40,influencer,1,24.9,0,0,8,0.535,0,0
C105720,AT,quarterly,10,55,referral,0,22.91,1,1,5,0.651,0,0
C105721,CH,monthly,22,49,paid_social,1,29.9,1,0,8,0.493,0,0
C105722,DE,monthly,9,18,paid_social,1,23.9,0,0,8,0.357,0,0
C105723,DE,quarterly,20,52,influencer,0,21.99,0,1,5,0.456,0,0
C105724,DE,quarterly,3,27,paid_social,1,21.99,0,2,7,0.447,1,0
C105725,CH,monthly,21,41,paid_social,0,29.9,0,0,8,0.488,0,0
C105726,DE,quarterly,17,42,referral,0,21.99,0,0,8,0.348,0,0
C105727,AT,quarterly,7,22,paid_search,1,22.91,2,1,8,0.312,1,1
C105728,AT,monthly,3,53,influencer,0,24.9,0,0,7,0.32,0,1
C105729,DE,monthly,12,28,paid_social,1,23.9,0,0,5,0.502,1,1
C105730,DE,quarterly,5,31,tv_campaign,0,21.99,0,1,9,0.55,0,1
C105731,DE,monthly,14,54,tv_campaign,0,23.9,0,0,6,0.703,1,0
C105732,DE,monthly,19,39,referral,0,23.9,1,1,7,0.32,1,0
C105733,DE,monthly,5,40,paid_search,1,23.9,1,1,6,0.285,0,0
C105734,AT,quarterly,6,52,influencer,0,22.91,1,1,7,0.714,0,0
C105735,DE,monthly,8,29,tv_campaign,0,23.9,0,0,8,0.511,1,0
C105736,AT,monthly,15,29,paid_search,0,24.9,1,0,8,0.63,1,0
C105737,DE,monthly,21,69,paid_search,0,23.9,1,0,10,0.494,0,0
C105738,DE,monthly,12,46,paid_search,1,23.9,0,0,8,0.619,1,0
C105739,CH,monthly,9,48,paid_social,1,29.9,1,1,6,0.619,0,0
C105740,CH,quarterly,1,64,paid_search,0,27.51,1,0,7,0.577,0,0
C105741,CH,monthly,13,57,paid_search,0,29.9,0,0,9,0.314,0,0
C105742,CH,quarterly,3,25,paid_search,0,27.51,1,0,8,0.659,0,0
C105743,CH,monthly,10,44,paid_social,0,29.9,3,2,5,0.527,1,0
C105744,CH,quarterly,12,45,referral,1,27.51,0,0,7,0.444,1,1
C105745,DE,quarterly,40,31,influencer,0,21.99,1,0,7,0.834,0,0
C105746,CH,monthly,1,28,influencer,0,29.9,1,2,7,0.64,0,1
C105747,AT,quarterly,16,28,referral,1,22.91,0,0,8,0.322,1,0
C105748,DE,quarterly,10,54,tv_campaign,0,21.99,0,0,8,0.473,0,0
C105749,DE,monthly,12,43,tv_campaign,1,23.9,1,0,7,0.303,1,0
C105750,AT,monthly,7,46,referral,1,24.9,2,0,7,0.566,1,0
C105751,AT,monthly,8,30,paid_social,1,24.9,0,0,7,0.492,1,0
C105752,DE,monthly,6,42,paid_search,0,23.9,0,0,7,0.438,1,0
C105753,CH,monthly,29,51,referral,0,29.9,2,0,7,0.562,1,0
C105754,DE,monthly,2,46,paid_search,0,23.9,0,0,8,0.378,0,0
C105755,AT,monthly,6,41,paid_search,1,24.9,0,0,8,0.477,1,0
C105756,DE,monthly,11,55,paid_search,1,23.9,0,0,9,0.516,1,0
C105757,AT,monthly,4,66,paid_social,1,24.9,0,0,9,0.509,1,0
C105758,AT,monthly,2,50,referral,1,24.9,4,1,4,0.441,1,1
C105759,CH,monthly,19,41,paid_search,0,29.9,0,0,10,0.298,1,0
C105760,DE,monthly,12,28,paid_search,1,23.9,0,0,7,0.14,0,1
C105761,DE,quarterly,4,50,paid_social,0,21.99,1,0,8,0.288,0,0
C105762,AT,quarterly,9,43,paid_search,1,22.91,0,0,7,0.759,1,0
C105763,CH,monthly,23,34,paid_search,0,29.9,0,0,8,0.518,0,0
C105764,CH,monthly,14,44,referral,1,29.9,2,0,8,0.35,0,0
C105765,DE,monthly,5,18,tv_campaign,0,23.9,0,0,8,0.59,1,0
C105766,DE,monthly,34,47,paid_search,1,23.9,0,0,8,0.704,0,1
C105767,DE,quarterly,5,44,referral,0,21.99,0,1,7,0.252,1,0
C105768,DE,quarterly,10,55,referral,0,21.99,1,2,6,0.572,0,0
C105769,CH,monthly,26,39,paid_social,0,29.9,0,1,5,0.752,0,0
C105770,DE,quarterly,5,38,paid_social,0,21.99,0,1,7,0.085,0,0
C105771,DE,monthly,3,54,paid_social,1,23.9,0,0,8,0.539,0,1
C105772,DE,quarterly,7,47,influencer,1,21.99,1,1,9,0.352,1,0
C105773,CH,quarterly,15,61,paid_social,1,27.51,1,1,4,0.218,1,1
C105774,DE,monthly,18,25,paid_social,1,23.9,1,0,9,0.567,1,0
C105775,AT,quarterly,5,37,influencer,0,22.91,1,0,7,0.202,1,0
C105776,DE,monthly,5,44,paid_search,0,23.9,2,0,7,0.354,0,1
C105777,AT,monthly,44,29,paid_search,1,24.9,0,1,6,0.4,1,1
C105778,DE,quarterly,17,29,paid_social,1,21.99,0,0,6,0.614,1,0
C105779,AT,monthly,10,48,influencer,1,24.9,0,1,3,0.378,1,0
C105780,DE,monthly,11,18,tv_campaign,0,23.9,2,0,8,0.663,0,0
C105781,DE,quarterly,13,49,referral,0,21.99,1,1,7,0.635,0,0
C105782,DE,quarterly,5,33,paid_social,1,21.99,1,0,7,0.451,0,1
C105783,AT,monthly,11,53,influencer,1,24.9,1,0,8,0.372,0,0
C105784,DE,quarterly,12,54,referral,1,21.99,0,0,9,0.281,1,0
C105785,DE,monthly,13,18,tv_campaign,1,23.9,1,0,9,0.302,1,1
C105786,CH,monthly,5,41,referral,0,29.9,0,1,6,0.215,0,0
C105787,DE,monthly,15,37,paid_search,0,23.9,1,0,6,0.18,1,0
C105788,DE,monthly,16,38,tv_campaign,0,23.9,0,0,7,0.346,0,1
C105789,CH,monthly,13,39,influencer,1,29.9,2,0,6,0.628,0,0
C105790,DE,monthly,16,39,paid_search,1,23.9,1,1,7,0.734,0,1
C105791,DE,monthly,6,40,paid_search,0,23.9,0,0,8,0.149,0,0
C105792,DE,monthly,15,42,referral,1,23.9,1,0,6,0.722,1,0
C105793,CH,quarterly,11,45,referral,0,27.51,0,0,10,0.345,0,1
C105794,AT,monthly,23,30,influencer,1,24.9,2,0,7,0.587,0,0
C105795,DE,monthly,22,45,tv_campaign,0,23.9,0,2,7,0.467,0,1
C105796,DE,monthly,13,59,tv_campaign,0,23.9,0,0,10,0.797,0,0
C105797,DE,quarterly,10,34,referral,1,21.99,0,1,5,0.364,1,0
C105798,AT,quarterly,20,23,tv_campaign,0,22.91,0,0,9,0.666,0,0
C105799,AT,monthly,4,42,influencer,1,24.9,0,0,8,0.564,1,0
C105800,DE,quarterly,12,47,influencer,0,21.99,1,1,7,0.428,1,0
C105801,AT,monthly,10,42,paid_search,1,24.9,1,0,8,0.407,0,0
C105802,AT,monthly,10,27,tv_campaign,0,24.9,1,0,8,0.734,0,0
C105803,DE,monthly,4,36,paid_search,0,23.9,1,1,4,0.228,1,0
C105804,CH,monthly,13,48,tv_campaign,0,29.9,2,1,8,0.208,0,0
C105805,DE,monthly,5,52,paid_social,1,23.9,0,0,10,0.298,0,0
C105806,DE,quarterly,43,42,paid_social,1,21.99,0,0,7,0.544,1,0
C105807,DE,monthly,7,42,paid_search,0,23.9,0,0,9,0.405,0,0
C105808,AT,monthly,7,34,paid_search,1,24.9,0,0,7,0.41,0,0
C105809,CH,monthly,12,50,paid_social,0,29.9,1,1,7,0.556,0,0
C105810,DE,monthly,21,51,paid_search,1,23.9,1,0,7,0.489,0,1
C105811,DE,monthly,5,36,paid_search,0,23.9,1,0,7,0.217,0,0
C105812,DE,monthly,20,33,paid_social,1,23.9,2,0,8,0.72,1,0
C105813,DE,monthly,22,62,influencer,0,23.9,1,1,6,0.663,0,0
C105814,AT,monthly,12,31,referral,1,24.9,0,0,8,0.757,0,0
C105815,DE,monthly,3,53,tv_campaign,1,23.9,0,0,9,0.416,0,0
C105816,AT,monthly,28,34,tv_campaign,0,24.9,2,0,6,0.945,0,0
C105817,DE,monthly,7,25,paid_search,0,23.9,0,0,6,0.727,1,0
C105818,DE,monthly,4,48,paid_social,1,23.9,0,0,7,0.252,0,1
C105819,DE,monthly,12,54,paid_social,0,23.9,1,0,9,0.353,0,0
C105820,DE,monthly,6,31,referral,0,23.9,0,2,8,0.758,1,0
C105821,DE,monthly,30,30,paid_search,0,23.9,2,2,5,0.527,0,0
C105822,AT,quarterly,22,56,tv_campaign,0,22.91,0,0,8,0.569,0,0
C105823,DE,quarterly,32,40,paid_search,0,21.99,1,1,8,0.912,0,1
C105824,DE,quarterly,3,52,tv_campaign,0,21.99,1,1,6,0.258,1,0
C105825,DE,monthly,16,46,paid_search,0,23.9,1,0,7,0.341,0,1
C105826,DE,quarterly,6,20,referral,0,21.99,1,1,7,0.305,1,0
C105827,DE,quarterly,13,38,influencer,1,21.99,0,0,8,0.335,0,0
C105828,DE,monthly,7,37,referral,0,23.9,0,0,6,0.265,0,1
C105829,AT,quarterly,7,40,paid_search,0,22.91,0,0,8,0.544,0,1
C105830,DE,quarterly,4,31,tv_campaign,0,21.99,0,0,9,0.439,1,0
C105831,DE,quarterly,5,42,referral,0,21.99,0,0,7,0.619,0,0
C105832,DE,monthly,7,39,paid_search,0,23.9,0,0,9,0.752,0,0
C105833,DE,monthly,15,28,referral,0,23.9,0,0,8,0.252,0,1
C105834,CH,monthly,14,47,paid_search,0,29.9,0,0,9,0.462,1,0
C105835,DE,quarterly,11,27,influencer,0,21.99,1,0,6,0.506,0,0
C105836,DE,monthly,1,18,influencer,1,23.9,0,0,7,0.166,0,0
C105837,AT,monthly,11,61,referral,0,24.9,0,0,5,0.312,0,0
C105838,AT,monthly,12,50,tv_campaign,0,24.9,0,0,8,0.199,1,0
C105839,AT,quarterly,16,48,influencer,1,22.91,0,1,9,0.637,0,0
C105840,AT,quarterly,24,20,paid_search,0,22.91,2,0,7,0.418,1,0
C105841,DE,monthly,5,40,influencer,1,23.9,2,2,7,0.559,0,1
C105842,DE,monthly,5,51,influencer,0,23.9,1,0,7,0.483,0,0
C105843,AT,monthly,5,38,tv_campaign,0,24.9,3,1,7,0.253,0,1
C105844,DE,quarterly,3,31,paid_search,1,21.99,1,0,9,0.555,1,1
C105845,DE,monthly,13,44,paid_social,1,23.9,1,0,7,0.417,1,0
C105846,DE,monthly,4,31,influencer,1,23.9,0,1,8,0.299,1,0
C105847,DE,monthly,6,46,influencer,0,23.9,0,0,8,0.312,0,0
C105848,DE,monthly,11,59,paid_search,0,23.9,0,0,7,0.216,0,0
C105849,DE,monthly,12,32,paid_search,0,23.9,1,2,9,0.589,1,0
C105850,DE,monthly,10,57,influencer,1,23.9,0,0,10,0.102,0,0
C105851,DE,quarterly,6,35,paid_social,1,21.99,0,0,10,0.492,1,0
C105852,AT,quarterly,4,58,paid_search,0,22.91,3,2,3,0.583,0,1
C105853,DE,monthly,14,32,paid_search,0,23.9,0,0,8,0.255,0,1
C105854,DE,monthly,9,49,influencer,0,23.9,1,1,6,0.288,0,0
C105855,CH,monthly,5,47,paid_search,0,29.9,2,0,8,0.167,0,0
C105856,DE,quarterly,12,64,paid_search,1,21.99,0,0,5,0.225,1,0
C105857,DE,monthly,9,60,influencer,1,23.9,1,0,6,0.419,0,0
C105858,DE,quarterly,11,49,paid_search,1,21.99,0,0,4,0.352,0,0
C105859,DE,monthly,7,30,paid_search,0,23.9,0,0,8,0.255,0,0
C105860,CH,monthly,21,23,tv_campaign,0,29.9,1,0,8,0.641,0,0
C105861,CH,quarterly,1,44,paid_search,0,27.51,0,1,8,0.319,1,0
C105862,DE,monthly,14,49,paid_search,0,23.9,0,0,8,0.393,1,0
C105863,AT,monthly,3,46,paid_search,0,24.9,0,0,7,0.483,0,0
C105864,AT,monthly,10,38,paid_social,1,24.9,0,0,7,0.5,0,0
C105865,CH,monthly,21,51,referral,0,29.9,1,0,5,0.287,1,0
C105866,DE,quarterly,8,63,paid_social,1,21.99,0,0,9,0.576,0,0
C105867,DE,monthly,12,27,paid_social,0,23.9,1,2,7,0.343,1,0
C105868,AT,quarterly,17,28,paid_search,1,22.91,1,0,7,0.418,1,0
C105869,DE,quarterly,12,51,influencer,1,21.99,1,0,8,0.411,1,0
C105870,DE,monthly,15,46,paid_search,1,23.9,0,0,7,0.225,0,0
C105871,AT,monthly,10,35,referral,0,24.9,1,1,8,0.627,0,0
C105872,DE,monthly,16,70,paid_social,0,23.9,0,0,10,0.282,1,0
C105873,AT,monthly,18,26,paid_search,0,24.9,0,1,8,0.452,1,0
C105874,DE,quarterly,17,62,influencer,0,21.99,0,0,10,0.194,0,0
C105875,AT,quarterly,14,41,paid_search,0,22.91,0,0,9,0.845,0,0
C105876,AT,monthly,6,39,paid_search,0,24.9,0,0,10,0.276,1,0
C105877,CH,quarterly,13,70,paid_search,0,27.51,1,1,7,0.471,0,1
C105878,DE,quarterly,8,44,paid_search,0,21.99,1,0,9,0.492,0,0
C105879,AT,monthly,7,38,paid_social,1,24.9,2,0,6,0.329,0,1
C105880,DE,monthly,18,41,paid_social,0,23.9,0,0,7,0.396,0,0
C105881,AT,quarterly,12,39,referral,1,22.91,0,0,9,0.333,0,0
C105882,AT,quarterly,8,37,tv_campaign,0,22.91,0,0,8,0.478,0,0
C105883,DE,monthly,13,26,paid_social,1,23.9,1,0,8,0.57,1,0
C105884,DE,monthly,14,43,paid_search,1,23.9,0,1,8,0.689,1,0
C105885,DE,monthly,10,30,paid_search,1,23.9,1,0,8,0.946,0,0
C105886,AT,quarterly,7,28,influencer,0,22.91,4,2,5,0.379,1,1
C105887,AT,monthly,11,53,paid_search,1,24.9,0,0,7,0.424,0,0
C105888,DE,quarterly,7,27,paid_social,0,21.99,0,0,8,0.171,0,0
C105889,AT,monthly,8,30,paid_search,1,24.9,0,0,4,0.317,0,1
C105890,DE,quarterly,12,24,influencer,1,21.99,0,0,9,0.926,1,0
C105891,DE,quarterly,11,31,influencer,0,21.99,0,0,5,0.399,0,0
C105892,CH,monthly,15,50,paid_social,1,29.9,1,0,9,0.529,1,1
C105893,DE,monthly,4,41,paid_social,0,23.9,0,1,7,0.454,1,0
C105894,DE,quarterly,15,41,influencer,1,21.99,1,0,5,0.72,0,0
C105895,DE,monthly,34,39,paid_social,0,23.9,1,0,6,0.323,0,0
C105896,CH,quarterly,4,32,paid_social,0,27.51,0,1,5,0.324,1,0
C105897,CH,monthly,3,56,tv_campaign,0,29.9,2,1,3,0.289,0,1
C105898,DE,monthly,13,48,paid_search,1,23.9,0,0,7,0.167,0,0
C105899,DE,monthly,6,29,referral,1,23.9,0,0,10,0.443,0,0
C105900,AT,monthly,5,37,referral,0,24.9,0,0,8,0.346,1,0
C105901,AT,quarterly,10,30,paid_search,0,22.91,1,0,6,0.621,1,0
C105902,DE,monthly,8,50,paid_social,0,23.9,0,0,8,0.466,1,0
C105903,DE,quarterly,10,48,paid_social,1,21.99,0,0,10,0.376,0,0
C105904,DE,monthly,28,39,referral,0,23.9,0,0,6,0.642,0,0
C105905,AT,quarterly,25,21,paid_social,1,22.91,0,0,9,0.55,0,0
C105906,DE,monthly,28,45,influencer,0,23.9,1,0,10,0.435,1,0
C105907,CH,quarterly,10,49,paid_search,0,27.51,0,0,9,0.456,0,0
C105908,AT,monthly,9,25,influencer,1,24.9,3,1,7,0.609,0,1
C105909,AT,monthly,3,48,referral,1,24.9,0,1,10,0.529,1,0
C105910,DE,monthly,19,38,paid_search,1,23.9,0,0,8,0.764,0,0
C105911,AT,monthly,15,34,paid_search,1,24.9,2,1,5,0.349,1,0
C105912,DE,monthly,8,37,paid_search,0,23.9,1,0,8,0.709,0,0
C105913,CH,monthly,9,36,influencer,1,29.9,1,1,7,0.625,0,0
C105914,DE,quarterly,16,42,tv_campaign,0,21.99,0,0,9,0.66,0,0
C105915,DE,quarterly,5,49,paid_social,0,21.99,1,0,8,0.519,1,0
C105916,CH,monthly,13,46,paid_social,1,29.9,2,0,7,0.313,0,0
C105917,DE,monthly,9,34,paid_social,0,23.9,0,0,8,0.236,1,0
C105918,CH,monthly,15,38,paid_social,0,29.9,0,0,9,0.551,1,0
C105919,DE,monthly,19,21,tv_campaign,0,23.9,1,0,8,0.388,0,0
C105920,DE,quarterly,16,50,paid_search,0,21.99,1,1,6,0.313,1,0
C105921,DE,monthly,17,35,paid_search,0,23.9,0,0,7,0.242,1,0
C105922,CH,quarterly,12,36,paid_search,0,27.51,0,0,7,0.474,0,0
C105923,DE,monthly,18,45,tv_campaign,0,23.9,1,0,7,0.523,1,1
C105924,DE,monthly,24,48,paid_search,0,23.9,1,0,8,0.497,0,0
C105925,DE,quarterly,20,44,paid_search,0,21.99,1,0,8,0.371,1,0
C105926,CH,monthly,5,36,paid_social,0,29.9,2,0,9,0.335,0,1
C105927,DE,monthly,25,28,referral,0,23.9,1,1,5,0.757,1,0
C105928,DE,monthly,2,43,paid_social,1,23.9,0,0,9,0.618,1,0
C105929,AT,monthly,11,42,paid_search,0,24.9,0,1,7,0.467,0,0
C105930,DE,monthly,4,48,paid_search,1,23.9,0,0,6,0.597,1,0
C105931,DE,monthly,2,43,tv_campaign,0,23.9,0,1,9,0.357,0,1
C105932,AT,monthly,11,48,paid_social,1,24.9,1,0,8,0.605,1,0
C105933,AT,monthly,4,45,paid_social,1,24.9,0,0,10,0.147,0,1
C105934,DE,monthly,8,45,paid_social,0,23.9,0,0,6,0.226,1,0
C105935,AT,quarterly,27,39,referral,0,22.91,0,0,10,0.376,1,0
C105936,AT,monthly,5,39,paid_social,1,24.9,0,0,9,0.099,1,0
C105937,CH,monthly,6,32,paid_search,0,29.9,0,0,10,0.369,1,0
C105938,DE,monthly,8,45,referral,0,23.9,0,0,9,0.692,1,0
C105939,DE,monthly,19,58,paid_search,0,23.9,0,0,8,0.391,0,0
C105940,DE,quarterly,10,48,paid_search,1,21.99,0,0,9,0.431,0,0
C105941,CH,monthly,7,75,tv_campaign,0,29.9,0,1,7,0.384,0,0
C105942,AT,monthly,11,37,tv_campaign,0,24.9,0,1,7,0.173,1,0
C105943,AT,monthly,6,32,paid_social,1,24.9,0,0,7,0.267,0,1
C105944,CH,monthly,33,37,paid_social,1,29.9,2,1,8,0.285,1,0
C105945,DE,monthly,4,40,paid_social,1,23.9,0,0,8,0.395,0,0
C105946,DE,quarterly,3,50,paid_search,0,21.99,0,0,9,0.349,0,0
C105947,DE,monthly,14,51,referral,1,23.9,0,1,5,0.431,0,1
C105948,DE,quarterly,6,56,paid_search,1,21.99,1,0,5,0.554,0,0
C105949,CH,quarterly,15,45,influencer,1,27.51,1,1,5,0.607,0,0
C105950,DE,monthly,6,33,tv_campaign,0,23.9,0,0,5,0.46,0,0
C105951,AT,monthly,2,51,paid_search,0,24.9,1,1,6,0.475,0,1
C105952,DE,monthly,6,18,tv_campaign,0,23.9,0,0,9,0.319,0,0
C105953,DE,monthly,20,19,paid_search,0,23.9,1,0,7,0.338,1,0
C105954,DE,monthly,9,23,influencer,1,23.9,0,0,9,0.084,0,1
C105955,AT,monthly,16,40,paid_social,1,24.9,0,0,6,0.442,0,0
C105956,CH,monthly,10,34,influencer,1,29.9,1,1,5,0.335,1,1
C105957,AT,quarterly,5,65,tv_campaign,1,22.91,1,1,8,0.504,1,0
C105958,DE,monthly,17,32,paid_search,0,23.9,0,1,7,0.64,0,0
C105959,DE,quarterly,19,59,referral,1,21.99,1,0,6,0.424,0,0
C105960,AT,monthly,19,47,paid_search,1,24.9,0,0,8,0.243,0,0
C105961,DE,quarterly,17,42,referral,0,21.99,1,0,7,0.695,0,0
C105962,DE,monthly,15,49,influencer,0,23.9,1,0,7,0.634,0,0
C105963,AT,quarterly,38,57,tv_campaign,1,22.91,2,0,8,0.426,0,0
C105964,CH,monthly,15,48,tv_campaign,0,29.9,2,0,7,0.665,0,0
C105965,DE,monthly,4,42,paid_social,0,23.9,0,0,7,0.302,0,0
C105966,AT,quarterly,2,38,influencer,0,22.91,0,0,8,0.427,1,0
C105967,DE,monthly,10,27,paid_social,1,23.9,0,0,7,0.649,1,0
C105968,DE,monthly,6,49,paid_search,0,23.9,0,1,6,0.571,0,1
C105969,DE,monthly,46,50,referral,0,23.9,0,0,6,0.269,0,0
C105970,DE,quarterly,11,40,tv_campaign,1,21.99,2,0,10,0.84,0,0
C105971,CH,monthly,5,23,paid_search,1,29.9,0,0,9,0.454,0,0
C105972,CH,quarterly,2,29,paid_search,0,27.51,0,0,6,0.543,1,0
C105973,AT,quarterly,6,40,paid_social,0,22.91,1,0,5,0.496,0,0
C105974,AT,quarterly,6,22,paid_search,0,22.91,2,0,6,0.485,1,1
C105975,DE,quarterly,6,34,paid_social,1,21.99,1,0,8,0.825,0,0
C105976,AT,monthly,9,40,tv_campaign,0,24.9,2,0,7,0.49,0,0
C105977,DE,quarterly,5,65,paid_social,1,21.99,1,0,8,0.346,1,0
C105978,AT,monthly,14,46,referral,0,24.9,1,1,6,0.358,1,1
C105979,AT,monthly,34,51,influencer,0,24.9,0,0,8,0.517,0,0
C105980,DE,monthly,16,35,influencer,0,23.9,0,0,9,0.213,0,1
C105981,DE,quarterly,9,34,paid_search,1,21.99,0,0,9,0.393,0,0
C105982,AT,quarterly,8,34,influencer,1,22.91,0,0,6,0.669,1,0
C105983,AT,quarterly,5,52,influencer,1,22.91,1,0,9,0.502,0,0
C105984,DE,quarterly,9,42,paid_search,0,21.99,0,0,7,0.901,0,0
C105985,AT,quarterly,34,27,influencer,1,22.91,0,0,7,0.802,0,0
C105986,DE,quarterly,7,25,paid_social,1,21.99,0,0,9,0.297,0,1
C105987,DE,monthly,7,57,paid_search,1,23.9,0,0,7,0.237,0,0
C105988,DE,monthly,25,38,referral,1,23.9,0,0,9,0.704,1,0
C105989,AT,quarterly,9,28,paid_social,0,22.91,0,0,8,0.351,1,0
C105990,AT,monthly,11,51,influencer,0,24.9,1,0,8,0.325,0,0
C105991,DE,quarterly,8,40,paid_social,1,21.99,2,1,5,0.199,0,0
C105992,AT,monthly,20,45,paid_social,1,24.9,0,1,8,0.492,0,0
C105993,CH,quarterly,17,28,paid_search,0,27.51,3,1,7,0.382,1,0
C105994,AT,monthly,6,72,paid_search,0,24.9,0,0,8,0.412,1,1
C105995,DE,monthly,13,54,paid_search,1,23.9,1,0,6,0.523,0,0
C105996,DE,quarterly,34,32,influencer,0,21.99,0,1,7,0.712,0,0
C105997,DE,quarterly,26,57,paid_social,0,21.99,0,0,6,0.393,0,0
C105998,DE,quarterly,11,40,tv_campaign,0,21.99,0,0,6,0.39,0,0
C105999,DE,quarterly,26,43,paid_search,0,21.99,0,0,6,0.323,0,0
