week,region,treated,test_period,post_period,paid_social_spend_k,sales_units_k,population_k
2024-10-07,Berlin,0,0,0,0.85,12.537,689
2024-10-14,Berlin,0,0,0,0.95,13.58,689
2024-10-21,Berlin,0,0,0,0.83,13.714,689
2024-10-28,Berlin,0,0,0,1.13,14.17,689
2024-11-04,Berlin,0,0,0,0.89,14.197,689
2024-11-11,Berlin,0,0,0,1.15,13.846,689
2024-11-18,Berlin,0,0,0,0.79,14.599,689
2024-11-25,Berlin,0,0,0,0.87,15.042,689
2024-12-02,Berlin,0,0,0,1.35,14.013,689
2024-12-09,Berlin,0,0,0,1.33,15.301,689
2024-12-16,Berlin,0,0,0,1.09,14.573,689
2024-12-23,Berlin,0,0,0,1.03,13.752,689
2024-12-30,Berlin,0,0,0,0.97,14.396,689
2025-01-06,Berlin,0,0,0,1.1,13.435,689
2025-01-13,Berlin,0,0,0,0.98,14.533,689
2025-01-20,Berlin,0,0,0,0.97,13.704,689
2025-01-27,Berlin,0,0,0,1.09,14.458,689
2025-02-03,Berlin,0,0,0,1.0,14.084,689
2025-02-10,Berlin,0,0,0,1.3,13.977,689
2025-02-17,Berlin,0,0,0,0.91,13.947,689
2025-02-24,Berlin,0,0,0,0.85,14.699,689
2025-03-03,Berlin,0,0,0,1.09,13.281,689
2025-03-10,Berlin,0,0,0,0.89,13.428,689
2025-03-17,Berlin,0,0,0,1.16,13.028,689
2025-03-24,Berlin,0,0,0,0.94,12.157,689
2025-03-31,Berlin,0,0,0,1.1,11.905,689
2025-04-07,Berlin,0,0,0,1.01,10.778,689
2025-04-14,Berlin,0,0,0,0.91,12.486,689
2025-04-21,Berlin,0,0,0,1.18,10.944,689
2025-04-28,Berlin,0,0,0,0.7,11.528,689
2025-05-05,Berlin,0,0,0,1.01,11.401,689
2025-05-12,Berlin,0,0,0,0.96,10.585,689
2025-05-19,Berlin,0,0,0,1.22,10.972,689
2025-05-26,Berlin,0,0,0,0.97,10.495,689
2025-06-02,Berlin,0,0,0,1.31,10.383,689
2025-06-09,Berlin,0,0,0,1.07,9.373,689
2025-06-16,Berlin,0,0,0,0.78,9.707,689
2025-06-23,Berlin,0,0,0,1.03,9.291,689
2025-06-30,Berlin,0,0,0,0.86,9.587,689
2025-07-07,Berlin,0,0,0,1.24,9.572,689
2025-07-14,Berlin,0,0,0,0.96,9.388,689
2025-07-21,Berlin,0,0,0,0.78,9.862,689
2025-07-28,Berlin,0,0,0,1.23,9.687,689
2025-08-04,Berlin,0,0,0,1.03,9.912,689
2025-08-11,Berlin,0,0,0,1.1,11.074,689
2025-08-18,Berlin,0,0,0,0.77,10.526,689
2025-08-25,Berlin,0,0,0,1.47,11.812,689
2025-09-01,Berlin,0,0,0,1.04,11.625,689
2025-09-08,Berlin,0,1,0,1.35,11.39,689
2025-09-15,Berlin,0,1,0,0.85,12.452,689
2025-09-22,Berlin,0,1,0,0.86,11.953,689
2025-09-29,Berlin,0,1,0,0.75,13.306,689
2025-10-06,Berlin,0,1,0,1.37,14.44,689
2025-10-13,Berlin,0,1,0,1.16,13.387,689
2025-10-20,Berlin,0,1,0,1.12,13.994,689
2025-10-27,Berlin,0,1,0,0.77,13.824,689
2025-11-03,Berlin,0,0,1,1.55,15.83,689
2025-11-10,Berlin,0,0,1,1.07,14.918,689
2025-11-17,Berlin,0,0,1,0.75,15.09,689
2025-11-24,Berlin,0,0,1,0.98,14.528,689
2025-12-01,Berlin,0,0,1,0.85,15.397,689
2025-12-08,Berlin,0,0,1,1.16,14.824,689
2025-12-15,Berlin,0,0,1,1.02,15.125,689
2025-12-22,Berlin,0,0,1,1.57,14.92,689
2024-10-07,Hamburg,0,0,0,0.76,8.323,441
2024-10-14,Hamburg,0,0,0,0.52,7.937,441
2024-10-21,Hamburg,0,0,0,0.57,8.455,441
2024-10-28,Hamburg,0,0,0,0.76,8.865,441
2024-11-04,Hamburg,0,0,0,0.75,8.942,441
2024-11-11,Hamburg,0,0,0,0.49,8.568,441
2024-11-18,Hamburg,0,0,0,0.72,9.13,441
2024-11-25,Hamburg,0,0,0,0.49,9.372,441
2024-12-02,Hamburg,0,0,0,1.09,9.152,441
2024-12-09,Hamburg,0,0,0,0.6,9.791,441
2024-12-16,Hamburg,0,0,0,0.67,9.577,441
2024-12-23,Hamburg,0,0,0,0.87,9.484,441
2024-12-30,Hamburg,0,0,0,0.5,9.663,441
2025-01-06,Hamburg,0,0,0,0.58,10.297,441
2025-01-13,Hamburg,0,0,0,0.58,9.708,441
2025-01-20,Hamburg,0,0,0,0.69,9.072,441
2025-01-27,Hamburg,0,0,0,0.48,8.407,441
2025-02-03,Hamburg,0,0,0,0.65,9.408,441
2025-02-10,Hamburg,0,0,0,0.73,8.932,441
2025-02-17,Hamburg,0,0,0,0.53,9.128,441
2025-02-24,Hamburg,0,0,0,0.78,7.85,441
2025-03-03,Hamburg,0,0,0,0.6,8.46,441
2025-03-10,Hamburg,0,0,0,0.57,8.048,441
2025-03-17,Hamburg,0,0,0,0.67,7.797,441
2025-03-24,Hamburg,0,0,0,0.56,8.614,441
2025-03-31,Hamburg,0,0,0,0.4,7.541,441
2025-04-07,Hamburg,0,0,0,0.79,7.757,441
2025-04-14,Hamburg,0,0,0,0.62,7.476,441
2025-04-21,Hamburg,0,0,0,0.62,7.253,441
2025-04-28,Hamburg,0,0,0,0.6,6.916,441
2025-05-05,Hamburg,0,0,0,0.56,6.667,441
2025-05-12,Hamburg,0,0,0,0.75,6.39,441
2025-05-19,Hamburg,0,0,0,0.76,6.395,441
2025-05-26,Hamburg,0,0,0,0.53,6.647,441
2025-06-02,Hamburg,0,0,0,0.7,6.584,441
2025-06-09,Hamburg,0,0,0,0.73,6.226,441
2025-06-16,Hamburg,0,0,0,0.54,6.177,441
2025-06-23,Hamburg,0,0,0,0.78,6.05,441
2025-06-30,Hamburg,0,0,0,0.55,6.046,441
2025-07-07,Hamburg,0,0,0,0.84,5.961,441
2025-07-14,Hamburg,0,0,0,0.62,6.11,441
2025-07-21,Hamburg,0,0,0,0.6,6.288,441
2025-07-28,Hamburg,0,0,0,0.59,6.685,441
2025-08-04,Hamburg,0,0,0,0.62,6.178,441
2025-08-11,Hamburg,0,0,0,0.6,6.812,441
2025-08-18,Hamburg,0,0,0,0.49,7.329,441
2025-08-25,Hamburg,0,0,0,0.97,7.012,441
2025-09-01,Hamburg,0,0,0,0.65,6.765,441
2025-09-08,Hamburg,0,1,0,0.62,7.351,441
2025-09-15,Hamburg,0,1,0,0.48,7.413,441
2025-09-22,Hamburg,0,1,0,0.48,7.956,441
2025-09-29,Hamburg,0,1,0,0.56,7.812,441
2025-10-06,Hamburg,0,1,0,0.8,8.098,441
2025-10-13,Hamburg,0,1,0,0.56,8.345,441
2025-10-20,Hamburg,0,1,0,0.75,8.449,441
2025-10-27,Hamburg,0,1,0,0.63,8.747,441
2025-11-03,Hamburg,0,0,1,0.95,9.6,441
2025-11-10,Hamburg,0,0,1,0.74,9.025,441
2025-11-17,Hamburg,0,0,1,0.58,9.041,441
2025-11-24,Hamburg,0,0,1,0.65,8.764,441
2025-12-01,Hamburg,0,0,1,0.44,8.85,441
2025-12-08,Hamburg,0,0,1,0.77,9.287,441
2025-12-15,Hamburg,0,0,1,0.61,9.614,441
2025-12-22,Hamburg,0,0,1,0.47,9.55,441
2024-10-07,München,0,0,0,0.65,8.977,467
2024-10-14,München,0,0,0,0.67,9.087,467
2024-10-21,München,0,0,0,0.65,9.179,467
2024-10-28,München,0,0,0,0.82,9.434,467
2024-11-04,München,0,0,0,0.64,9.152,467
2024-11-11,München,0,0,0,0.61,9.077,467
2024-11-18,München,0,0,0,0.91,9.584,467
2024-11-25,München,0,0,0,0.62,9.758,467
2024-12-02,München,0,0,0,0.6,9.863,467
2024-12-09,München,0,0,0,0.62,10.721,467
2024-12-16,München,0,0,0,0.88,9.628,467
2024-12-23,München,0,0,0,0.52,9.832,467
2024-12-30,München,0,0,0,0.93,9.635,467
2025-01-06,München,0,0,0,0.8,10.24,467
2025-01-13,München,0,0,0,0.42,9.711,467
2025-01-20,München,0,0,0,0.86,9.947,467
2025-01-27,München,0,0,0,0.72,9.576,467
2025-02-03,München,0,0,0,0.55,9.434,467
2025-02-10,München,0,0,0,0.63,10.081,467
2025-02-17,München,0,0,0,0.62,9.58,467
2025-02-24,München,0,0,0,0.68,8.833,467
2025-03-03,München,0,0,0,0.72,9.157,467
2025-03-10,München,0,0,0,0.81,9.306,467
2025-03-17,München,0,0,0,0.69,8.129,467
2025-03-24,München,0,0,0,0.5,8.88,467
2025-03-31,München,0,0,0,0.68,8.325,467
2025-04-07,München,0,0,0,0.6,7.722,467
2025-04-14,München,0,0,0,0.66,7.509,467
2025-04-21,München,0,0,0,0.65,7.567,467
2025-04-28,München,0,0,0,0.77,7.439,467
2025-05-05,München,0,0,0,0.64,7.036,467
2025-05-12,München,0,0,0,0.59,7.328,467
2025-05-19,München,0,0,0,0.76,7.205,467
2025-05-26,München,0,0,0,0.6,6.736,467
2025-06-02,München,0,0,0,0.43,6.712,467
2025-06-09,München,0,0,0,0.62,6.512,467
2025-06-16,München,0,0,0,0.73,6.598,467
2025-06-23,München,0,0,0,0.71,6.837,467
2025-06-30,München,0,0,0,0.89,6.936,467
2025-07-07,München,0,0,0,0.94,6.265,467
2025-07-14,München,0,0,0,0.79,6.671,467
2025-07-21,München,0,0,0,0.6,6.554,467
2025-07-28,München,0,0,0,0.54,6.804,467
2025-08-04,München,0,0,0,0.61,7.308,467
2025-08-11,München,0,0,0,0.54,7.144,467
2025-08-18,München,0,0,0,0.5,7.574,467
2025-08-25,München,0,0,0,0.7,7.605,467
2025-09-01,München,0,0,0,0.68,7.684,467
2025-09-08,München,0,1,0,0.55,7.813,467
2025-09-15,München,0,1,0,0.52,8.282,467
2025-09-22,München,0,1,0,0.57,8.341,467
2025-09-29,München,0,1,0,0.86,9.006,467
2025-10-06,München,0,1,0,0.55,8.725,467
2025-10-13,München,0,1,0,0.59,9.216,467
2025-10-20,München,0,1,0,0.7,8.948,467
2025-10-27,München,0,1,0,0.53,9.593,467
2025-11-03,München,0,0,1,0.64,10.145,467
2025-11-10,München,0,0,1,0.61,10.029,467
2025-11-17,München,0,0,1,0.54,9.804,467
2025-11-24,München,0,0,1,0.67,9.927,467
2025-12-01,München,0,0,1,0.69,10.108,467
2025-12-08,München,0,0,1,0.68,10.176,467
2025-12-15,München,0,0,1,0.56,10.671,467
2025-12-22,München,0,0,1,0.56,10.79,467
2024-10-07,Köln,1,0,0,1.5,18.651,954
2024-10-14,Köln,1,0,0,1.77,18.333,954
2024-10-21,Köln,1,0,0,1.17,19.094,954
2024-10-28,Köln,1,0,0,1.39,18.984,954
2024-11-04,Köln,1,0,0,1.3,19.724,954
2024-11-11,Köln,1,0,0,0.83,18.901,954
2024-11-18,Köln,1,0,0,1.31,19.848,954
2024-11-25,Köln,1,0,0,1.64,19.43,954
2024-12-02,Köln,1,0,0,1.12,19.53,954
2024-12-09,Köln,1,0,0,1.0,19.644,954
2024-12-16,Köln,1,0,0,1.15,20.356,954
2024-12-23,Köln,1,0,0,1.76,19.693,954
2024-12-30,Köln,1,0,0,1.39,19.918,954
2025-01-06,Köln,1,0,0,1.75,19.209,954
2025-01-13,Köln,1,0,0,1.68,19.234,954
2025-01-20,Köln,1,0,0,1.64,19.87,954
2025-01-27,Köln,1,0,0,1.45,18.837,954
2025-02-03,Köln,1,0,0,1.1,18.659,954
2025-02-10,Köln,1,0,0,1.53,18.86,954
2025-02-17,Köln,1,0,0,1.25,19.388,954
2025-02-24,Köln,1,0,0,1.53,18.222,954
2025-03-03,Köln,1,0,0,1.33,17.155,954
2025-03-10,Köln,1,0,0,1.3,17.73,954
2025-03-17,Köln,1,0,0,1.62,18.339,954
2025-03-24,Köln,1,0,0,1.66,18.597,954
2025-03-31,Köln,1,0,0,1.36,16.454,954
2025-04-07,Köln,1,0,0,1.09,16.324,954
2025-04-14,Köln,1,0,0,1.56,16.031,954
2025-04-21,Köln,1,0,0,1.27,16.619,954
2025-04-28,Köln,1,0,0,1.66,14.6,954
2025-05-05,Köln,1,0,0,1.19,14.818,954
2025-05-12,Köln,1,0,0,1.17,13.999,954
2025-05-19,Köln,1,0,0,1.2,13.795,954
2025-05-26,Köln,1,0,0,1.31,12.922,954
2025-06-02,Köln,1,0,0,1.08,12.571,954
2025-06-09,Köln,1,0,0,0.88,13.358,954
2025-06-16,Köln,1,0,0,0.94,13.426,954
2025-06-23,Köln,1,0,0,1.29,12.285,954
2025-06-30,Köln,1,0,0,1.32,13.487,954
2025-07-07,Köln,1,0,0,1.45,13.13,954
2025-07-14,Köln,1,0,0,2.07,13.688,954
2025-07-21,Köln,1,0,0,1.44,13.046,954
2025-07-28,Köln,1,0,0,1.44,12.885,954
2025-08-04,Köln,1,0,0,1.0,14.089,954
2025-08-11,Köln,1,0,0,1.44,14.275,954
2025-08-18,Köln,1,0,0,1.02,14.639,954
2025-08-25,Köln,1,0,0,1.6,15.638,954
2025-09-01,Köln,1,0,0,1.46,16.579,954
2025-09-08,Köln,1,1,0,3.67,17.178,954
2025-09-15,Köln,1,1,0,3.33,16.938,954
2025-09-22,Köln,1,1,0,3.05,18.545,954
2025-09-29,Köln,1,1,0,3.37,19.264,954
2025-10-06,Köln,1,1,0,4.4,20.334,954
2025-10-13,Köln,1,1,0,3.36,18.744,954
2025-10-20,Köln,1,1,0,4.89,20.154,954
2025-10-27,Köln,1,1,0,3.36,19.36,954
2025-11-03,Köln,1,0,1,1.31,21.578,954
2025-11-10,Köln,1,0,1,1.5,19.018,954
2025-11-17,Köln,1,0,1,1.78,19.11,954
2025-11-24,Köln,1,0,1,1.13,19.934,954
2025-12-01,Köln,1,0,1,1.64,21.302,954
2025-12-08,Köln,1,0,1,1.64,19.582,954
2025-12-15,Köln,1,0,1,1.18,20.407,954
2025-12-22,Köln,1,0,1,1.24,21.1,954
2024-10-07,Frankfurt,1,0,0,0.26,5.391,274
2024-10-14,Frankfurt,1,0,0,0.48,5.33,274
2024-10-21,Frankfurt,1,0,0,0.56,5.942,274
2024-10-28,Frankfurt,1,0,0,0.55,5.627,274
2024-11-04,Frankfurt,1,0,0,0.44,5.385,274
2024-11-11,Frankfurt,1,0,0,0.55,5.58,274
2024-11-18,Frankfurt,1,0,0,0.36,5.754,274
2024-11-25,Frankfurt,1,0,0,0.35,5.289,274
2024-12-02,Frankfurt,1,0,0,0.58,5.702,274
2024-12-09,Frankfurt,1,0,0,0.46,5.007,274
2024-12-16,Frankfurt,1,0,0,0.47,5.899,274
2024-12-23,Frankfurt,1,0,0,0.55,5.568,274
2024-12-30,Frankfurt,1,0,0,0.4,6.1,274
2025-01-06,Frankfurt,1,0,0,0.4,5.724,274
2025-01-13,Frankfurt,1,0,0,0.51,6.191,274
2025-01-20,Frankfurt,1,0,0,0.47,5.933,274
2025-01-27,Frankfurt,1,0,0,0.44,5.49,274
2025-02-03,Frankfurt,1,0,0,0.44,5.877,274
2025-02-10,Frankfurt,1,0,0,0.32,5.332,274
2025-02-17,Frankfurt,1,0,0,0.43,5.226,274
2025-02-24,Frankfurt,1,0,0,0.39,5.298,274
2025-03-03,Frankfurt,1,0,0,0.46,5.438,274
2025-03-10,Frankfurt,1,0,0,0.42,4.88,274
2025-03-17,Frankfurt,1,0,0,0.36,5.187,274
2025-03-24,Frankfurt,1,0,0,0.4,4.991,274
2025-03-31,Frankfurt,1,0,0,0.46,5.004,274
2025-04-07,Frankfurt,1,0,0,0.39,4.991,274
2025-04-14,Frankfurt,1,0,0,0.46,4.726,274
2025-04-21,Frankfurt,1,0,0,0.26,4.572,274
2025-04-28,Frankfurt,1,0,0,0.46,4.326,274
2025-05-05,Frankfurt,1,0,0,0.46,4.07,274
2025-05-12,Frankfurt,1,0,0,0.39,4.154,274
2025-05-19,Frankfurt,1,0,0,0.3,4.282,274
2025-05-26,Frankfurt,1,0,0,0.47,3.951,274
2025-06-02,Frankfurt,1,0,0,0.34,4.045,274
2025-06-09,Frankfurt,1,0,0,0.55,3.846,274
2025-06-16,Frankfurt,1,0,0,0.69,3.781,274
2025-06-23,Frankfurt,1,0,0,0.42,3.793,274
2025-06-30,Frankfurt,1,0,0,0.44,3.803,274
2025-07-07,Frankfurt,1,0,0,0.42,3.808,274
2025-07-14,Frankfurt,1,0,0,0.33,3.846,274
2025-07-21,Frankfurt,1,0,0,0.42,3.954,274
2025-07-28,Frankfurt,1,0,0,0.31,4.119,274
2025-08-04,Frankfurt,1,0,0,0.29,4.393,274
2025-08-11,Frankfurt,1,0,0,0.5,3.992,274
2025-08-18,Frankfurt,1,0,0,0.49,4.543,274
2025-08-25,Frankfurt,1,0,0,0.31,4.803,274
2025-09-01,Frankfurt,1,0,0,0.36,4.729,274
2025-09-08,Frankfurt,1,1,0,0.91,5.123,274
2025-09-15,Frankfurt,1,1,0,0.73,4.837,274
2025-09-22,Frankfurt,1,1,0,1.1,5.242,274
2025-09-29,Frankfurt,1,1,0,0.6,4.93,274
2025-10-06,Frankfurt,1,1,0,0.77,5.899,274
2025-10-13,Frankfurt,1,1,0,1.12,5.717,274
2025-10-20,Frankfurt,1,1,0,0.87,6.009,274
2025-10-27,Frankfurt,1,1,0,1.21,6.185,274
2025-11-03,Frankfurt,1,0,1,0.33,6.118,274
2025-11-10,Frankfurt,1,0,1,0.35,6.156,274
2025-11-17,Frankfurt,1,0,1,0.53,5.61,274
2025-11-24,Frankfurt,1,0,1,0.36,5.559,274
2025-12-01,Frankfurt,1,0,1,0.39,6.29,274
2025-12-08,Frankfurt,1,0,1,0.24,6.048,274
2025-12-15,Frankfurt,1,0,1,0.48,6.169,274
2025-12-22,Frankfurt,1,0,1,0.48,6.182,274
2024-10-07,Stuttgart,1,0,0,0.69,8.81,485
2024-10-14,Stuttgart,1,0,0,0.66,9.497,485
2024-10-21,Stuttgart,1,0,0,0.61,9.448,485
2024-10-28,Stuttgart,1,0,0,0.86,10.275,485
2024-11-04,Stuttgart,1,0,0,0.7,9.802,485
2024-11-11,Stuttgart,1,0,0,0.64,9.819,485
2024-11-18,Stuttgart,1,0,0,0.96,9.667,485
2024-11-25,Stuttgart,1,0,0,0.84,10.884,485
2024-12-02,Stuttgart,1,0,0,0.71,10.304,485
2024-12-09,Stuttgart,1,0,0,0.51,10.222,485
2024-12-16,Stuttgart,1,0,0,0.53,10.702,485
2024-12-23,Stuttgart,1,0,0,0.78,10.165,485
2024-12-30,Stuttgart,1,0,0,0.79,10.518,485
2025-01-06,Stuttgart,1,0,0,0.55,10.201,485
2025-01-13,Stuttgart,1,0,0,0.55,9.664,485
2025-01-20,Stuttgart,1,0,0,0.75,10.049,485
2025-01-27,Stuttgart,1,0,0,0.48,9.584,485
2025-02-03,Stuttgart,1,0,0,0.65,9.817,485
2025-02-10,Stuttgart,1,0,0,0.76,10.918,485
2025-02-17,Stuttgart,1,0,0,0.89,9.516,485
2025-02-24,Stuttgart,1,0,0,0.74,9.215,485
2025-03-03,Stuttgart,1,0,0,0.7,9.583,485
2025-03-10,Stuttgart,1,0,0,0.76,9.353,485
2025-03-17,Stuttgart,1,0,0,0.93,9.126,485
2025-03-24,Stuttgart,1,0,0,0.94,8.929,485
2025-03-31,Stuttgart,1,0,0,0.63,8.538,485
2025-04-07,Stuttgart,1,0,0,0.62,7.876,485
2025-04-14,Stuttgart,1,0,0,0.93,8.021,485
2025-04-21,Stuttgart,1,0,0,0.81,8.047,485
2025-04-28,Stuttgart,1,0,0,0.95,8.191,485
2025-05-05,Stuttgart,1,0,0,0.55,7.037,485
2025-05-12,Stuttgart,1,0,0,0.78,7.436,485
2025-05-19,Stuttgart,1,0,0,0.7,7.218,485
2025-05-26,Stuttgart,1,0,0,0.57,7.222,485
2025-06-02,Stuttgart,1,0,0,0.8,6.677,485
2025-06-09,Stuttgart,1,0,0,0.51,7.374,485
2025-06-16,Stuttgart,1,0,0,0.74,7.352,485
2025-06-23,Stuttgart,1,0,0,0.55,7.017,485
2025-06-30,Stuttgart,1,0,0,0.66,6.458,485
2025-07-07,Stuttgart,1,0,0,0.73,6.576,485
2025-07-14,Stuttgart,1,0,0,0.53,6.641,485
2025-07-21,Stuttgart,1,0,0,0.69,7.269,485
2025-07-28,Stuttgart,1,0,0,0.7,6.66,485
2025-08-04,Stuttgart,1,0,0,0.62,7.239,485
2025-08-11,Stuttgart,1,0,0,0.74,7.127,485
2025-08-18,Stuttgart,1,0,0,0.74,7.35,485
2025-08-25,Stuttgart,1,0,0,0.54,8.064,485
2025-09-01,Stuttgart,1,0,0,0.56,8.423,485
2025-09-08,Stuttgart,1,1,0,2.8,9.201,485
2025-09-15,Stuttgart,1,1,0,2.42,8.918,485
2025-09-22,Stuttgart,1,1,0,2.14,9.028,485
2025-09-29,Stuttgart,1,1,0,1.95,9.737,485
2025-10-06,Stuttgart,1,1,0,1.49,9.971,485
2025-10-13,Stuttgart,1,1,0,1.8,9.658,485
2025-10-20,Stuttgart,1,1,0,1.42,11.009,485
2025-10-27,Stuttgart,1,1,0,1.9,10.614,485
2025-11-03,Stuttgart,1,0,1,0.67,10.173,485
2025-11-10,Stuttgart,1,0,1,0.58,9.836,485
2025-11-17,Stuttgart,1,0,1,0.89,10.365,485
2025-11-24,Stuttgart,1,0,1,0.81,10.314,485
2025-12-01,Stuttgart,1,0,1,0.87,10.869,485
2025-12-08,Stuttgart,1,0,1,0.84,10.446,485
2025-12-15,Stuttgart,1,0,1,0.69,10.251,485
2025-12-22,Stuttgart,1,0,1,0.74,10.339,485
2024-10-07,Düsseldorf,1,0,0,2.86,32.141,1675
2024-10-14,Düsseldorf,1,0,0,2.2,32.348,1675
2024-10-21,Düsseldorf,1,0,0,3.4,32.259,1675
2024-10-28,Düsseldorf,1,0,0,3.86,32.193,1675
2024-11-04,Düsseldorf,1,0,0,2.28,33.075,1675
2024-11-11,Düsseldorf,1,0,0,2.54,33.047,1675
2024-11-18,Düsseldorf,1,0,0,2.5,34.014,1675
2024-11-25,Düsseldorf,1,0,0,3.11,35.051,1675
2024-12-02,Düsseldorf,1,0,0,2.24,34.612,1675
2024-12-09,Düsseldorf,1,0,0,2.07,35.802,1675
2024-12-16,Düsseldorf,1,0,0,2.64,34.279,1675
2024-12-23,Düsseldorf,1,0,0,1.93,36.414,1675
2024-12-30,Düsseldorf,1,0,0,3.17,37.265,1675
2025-01-06,Düsseldorf,1,0,0,3.65,33.951,1675
2025-01-13,Düsseldorf,1,0,0,2.95,36.34,1675
2025-01-20,Düsseldorf,1,0,0,1.55,35.765,1675
2025-01-27,Düsseldorf,1,0,0,1.86,33.415,1675
2025-02-03,Düsseldorf,1,0,0,3.13,31.427,1675
2025-02-10,Düsseldorf,1,0,0,2.43,37.038,1675
2025-02-17,Düsseldorf,1,0,0,3.39,33.557,1675
2025-02-24,Düsseldorf,1,0,0,2.45,33.226,1675
2025-03-03,Düsseldorf,1,0,0,2.3,31.5,1675
2025-03-10,Düsseldorf,1,0,0,2.79,33.275,1675
2025-03-17,Düsseldorf,1,0,0,2.9,32.896,1675
2025-03-24,Düsseldorf,1,0,0,1.79,30.718,1675
2025-03-31,Düsseldorf,1,0,0,2.25,28.858,1675
2025-04-07,Düsseldorf,1,0,0,2.8,28.75,1675
2025-04-14,Düsseldorf,1,0,0,2.06,27.478,1675
2025-04-21,Düsseldorf,1,0,0,1.95,25.889,1675
2025-04-28,Düsseldorf,1,0,0,2.61,26.841,1675
2025-05-05,Düsseldorf,1,0,0,1.82,25.277,1675
2025-05-12,Düsseldorf,1,0,0,3.08,23.686,1675
2025-05-19,Düsseldorf,1,0,0,2.13,25.457,1675
2025-05-26,Düsseldorf,1,0,0,1.85,23.864,1675
2025-06-02,Düsseldorf,1,0,0,2.22,22.872,1675
2025-06-09,Düsseldorf,1,0,0,2.63,25.475,1675
2025-06-16,Düsseldorf,1,0,0,2.97,22.196,1675
2025-06-23,Düsseldorf,1,0,0,2.47,22.472,1675
2025-06-30,Düsseldorf,1,0,0,1.99,22.758,1675
2025-07-07,Düsseldorf,1,0,0,1.44,22.444,1675
2025-07-14,Düsseldorf,1,0,0,2.62,21.148,1675
2025-07-21,Düsseldorf,1,0,0,2.2,22.797,1675
2025-07-28,Düsseldorf,1,0,0,2.26,24.03,1675
2025-08-04,Düsseldorf,1,0,0,2.96,25.693,1675
2025-08-11,Düsseldorf,1,0,0,2.43,25.17,1675
2025-08-18,Düsseldorf,1,0,0,2.15,26.232,1675
2025-08-25,Düsseldorf,1,0,0,2.55,29.221,1675
2025-09-01,Düsseldorf,1,0,0,2.81,28.607,1675
2025-09-08,Düsseldorf,1,1,0,6.88,32.004,1675
2025-09-15,Düsseldorf,1,1,0,5.91,32.486,1675
2025-09-22,Düsseldorf,1,1,0,8.14,32.266,1675
2025-09-29,Düsseldorf,1,1,0,6.14,33.326,1675
2025-10-06,Düsseldorf,1,1,0,6.1,32.549,1675
2025-10-13,Düsseldorf,1,1,0,6.4,33.441,1675
2025-10-20,Düsseldorf,1,1,0,6.48,32.332,1675
2025-10-27,Düsseldorf,1,1,0,3.79,38.228,1675
2025-11-03,Düsseldorf,1,0,1,3.41,36.14,1675
2025-11-10,Düsseldorf,1,0,1,2.09,37.063,1675
2025-11-17,Düsseldorf,1,0,1,2.39,36.499,1675
2025-11-24,Düsseldorf,1,0,1,2.39,34.496,1675
2025-12-01,Düsseldorf,1,0,1,3.15,37.864,1675
2025-12-08,Düsseldorf,1,0,1,2.67,36.687,1675
2025-12-15,Düsseldorf,1,0,1,2.55,38.8,1675
2025-12-22,Düsseldorf,1,0,1,2.83,36.766,1675
2024-10-07,Leipzig,1,0,0,1.51,20.465,1077
2024-10-14,Leipzig,1,0,0,1.79,21.576,1077
2024-10-21,Leipzig,1,0,0,1.75,20.405,1077
2024-10-28,Leipzig,1,0,0,2.09,21.131,1077
2024-11-04,Leipzig,1,0,0,1.55,21.359,1077
2024-11-11,Leipzig,1,0,0,1.86,20.033,1077
2024-11-18,Leipzig,1,0,0,2.17,23.538,1077
2024-11-25,Leipzig,1,0,0,1.61,23.273,1077
2024-12-02,Leipzig,1,0,0,1.09,20.781,1077
2024-12-09,Leipzig,1,0,0,1.57,21.552,1077
2024-12-16,Leipzig,1,0,0,1.69,23.378,1077
2024-12-23,Leipzig,1,0,0,1.66,23.141,1077
2024-12-30,Leipzig,1,0,0,1.9,23.139,1077
2025-01-06,Leipzig,1,0,0,1.61,24.017,1077
2025-01-13,Leipzig,1,0,0,1.68,22.543,1077
2025-01-20,Leipzig,1,0,0,1.43,22.371,1077
2025-01-27,Leipzig,1,0,0,1.29,21.819,1077
2025-02-03,Leipzig,1,0,0,1.36,21.854,1077
2025-02-10,Leipzig,1,0,0,1.26,21.901,1077
2025-02-17,Leipzig,1,0,0,2.17,22.715,1077
2025-02-24,Leipzig,1,0,0,1.48,20.269,1077
2025-03-03,Leipzig,1,0,0,1.15,20.579,1077
2025-03-10,Leipzig,1,0,0,2.78,21.36,1077
2025-03-17,Leipzig,1,0,0,2.02,20.643,1077
2025-03-24,Leipzig,1,0,0,1.21,21.405,1077
2025-03-31,Leipzig,1,0,0,1.27,18.902,1077
2025-04-07,Leipzig,1,0,0,1.76,17.818,1077
2025-04-14,Leipzig,1,0,0,1.67,18.026,1077
2025-04-21,Leipzig,1,0,0,1.76,18.369,1077
2025-04-28,Leipzig,1,0,0,1.6,17.411,1077
2025-05-05,Leipzig,1,0,0,2.03,16.406,1077
2025-05-12,Leipzig,1,0,0,2.39,15.631,1077
2025-05-19,Leipzig,1,0,0,1.52,17.369,1077
2025-05-26,Leipzig,1,0,0,2.59,17.226,1077
2025-06-02,Leipzig,1,0,0,1.38,14.55,1077
2025-06-09,Leipzig,1,0,0,1.23,15.86,1077
2025-06-16,Leipzig,1,0,0,1.52,15.42,1077
2025-06-23,Leipzig,1,0,0,1.78,14.946,1077
2025-06-30,Leipzig,1,0,0,2.01,14.72,1077
2025-07-07,Leipzig,1,0,0,1.54,14.037,1077
2025-07-14,Leipzig,1,0,0,1.76,14.97,1077
2025-07-21,Leipzig,1,0,0,2.7,15.191,1077
2025-07-28,Leipzig,1,0,0,1.62,15.199,1077
2025-08-04,Leipzig,1,0,0,1.66,16.44,1077
2025-08-11,Leipzig,1,0,0,1.45,17.368,1077
2025-08-18,Leipzig,1,0,0,1.51,17.193,1077
2025-08-25,Leipzig,1,0,0,2.27,18.045,1077
2025-09-01,Leipzig,1,0,0,1.75,18.861,1077
2025-09-08,Leipzig,1,1,0,3.75,19.165,1077
2025-09-15,Leipzig,1,1,0,2.85,19.933,1077
2025-09-22,Leipzig,1,1,0,2.82,20.989,1077
2025-09-29,Leipzig,1,1,0,3.77,21.325,1077
2025-10-06,Leipzig,1,1,0,2.6,21.667,1077
2025-10-13,Leipzig,1,1,0,5.6,21.535,1077
2025-10-20,Leipzig,1,1,0,4.86,22.036,1077
2025-10-27,Leipzig,1,1,0,5.46,22.084,1077
2025-11-03,Leipzig,1,0,1,2.0,23.438,1077
2025-11-10,Leipzig,1,0,1,2.02,23.62,1077
2025-11-17,Leipzig,1,0,1,1.47,24.276,1077
2025-11-24,Leipzig,1,0,1,1.15,24.339,1077
2025-12-01,Leipzig,1,0,1,1.68,23.328,1077
2025-12-08,Leipzig,1,0,1,1.13,24.605,1077
2025-12-15,Leipzig,1,0,1,1.91,25.281,1077
2025-12-22,Leipzig,1,0,1,1.71,24.447,1077
2024-10-07,Dortmund,0,0,0,1.28,14.179,735
2024-10-14,Dortmund,0,0,0,1.12,14.086,735
2024-10-21,Dortmund,0,0,0,0.72,14.415,735
2024-10-28,Dortmund,0,0,0,1.32,15.524,735
2024-11-04,Dortmund,0,0,0,0.74,14.513,735
2024-11-11,Dortmund,0,0,0,1.09,14.477,735
2024-11-18,Dortmund,0,0,0,0.89,15.416,735
2024-11-25,Dortmund,0,0,0,0.91,14.937,735
2024-12-02,Dortmund,0,0,0,1.11,14.724,735
2024-12-09,Dortmund,0,0,0,0.85,15.63,735
2024-12-16,Dortmund,0,0,0,1.27,15.02,735
2024-12-23,Dortmund,0,0,0,0.94,15.459,735
2024-12-30,Dortmund,0,0,0,0.99,15.729,735
2025-01-06,Dortmund,0,0,0,0.87,15.32,735
2025-01-13,Dortmund,0,0,0,1.31,15.335,735
2025-01-20,Dortmund,0,0,0,1.45,15.006,735
2025-01-27,Dortmund,0,0,0,1.27,14.746,735
2025-02-03,Dortmund,0,0,0,1.32,15.786,735
2025-02-10,Dortmund,0,0,0,1.02,16.769,735
2025-02-17,Dortmund,0,0,0,1.05,13.763,735
2025-02-24,Dortmund,0,0,0,0.66,14.661,735
2025-03-03,Dortmund,0,0,0,1.1,14.049,735
2025-03-10,Dortmund,0,0,0,1.09,13.955,735
2025-03-17,Dortmund,0,0,0,0.92,12.776,735
2025-03-24,Dortmund,0,0,0,1.56,13.634,735
2025-03-31,Dortmund,0,0,0,1.0,12.617,735
2025-04-07,Dortmund,0,0,0,0.9,12.902,735
2025-04-14,Dortmund,0,0,0,1.15,12.587,735
2025-04-21,Dortmund,0,0,0,1.12,12.738,735
2025-04-28,Dortmund,0,0,0,1.06,11.944,735
2025-05-05,Dortmund,0,0,0,1.02,11.777,735
2025-05-12,Dortmund,0,0,0,0.78,10.753,735
2025-05-19,Dortmund,0,0,0,1.59,11.026,735
2025-05-26,Dortmund,0,0,0,0.64,10.139,735
2025-06-02,Dortmund,0,0,0,1.04,10.787,735
2025-06-09,Dortmund,0,0,0,0.76,10.486,735
2025-06-16,Dortmund,0,0,0,1.16,10.301,735
2025-06-23,Dortmund,0,0,0,1.33,9.559,735
2025-06-30,Dortmund,0,0,0,0.94,9.575,735
2025-07-07,Dortmund,0,0,0,1.01,9.311,735
2025-07-14,Dortmund,0,0,0,1.1,10.045,735
2025-07-21,Dortmund,0,0,0,1.01,9.909,735
2025-07-28,Dortmund,0,0,0,1.23,10.072,735
2025-08-04,Dortmund,0,0,0,1.13,9.991,735
2025-08-11,Dortmund,0,0,0,1.03,11.057,735
2025-08-18,Dortmund,0,0,0,0.87,11.505,735
2025-08-25,Dortmund,0,0,0,1.36,12.427,735
2025-09-01,Dortmund,0,0,0,1.15,11.505,735
2025-09-08,Dortmund,0,1,0,1.22,12.45,735
2025-09-15,Dortmund,0,1,0,1.08,13.174,735
2025-09-22,Dortmund,0,1,0,1.03,12.7,735
2025-09-29,Dortmund,0,1,0,1.04,13.666,735
2025-10-06,Dortmund,0,1,0,1.49,13.245,735
2025-10-13,Dortmund,0,1,0,1.04,14.969,735
2025-10-20,Dortmund,0,1,0,1.1,14.532,735
2025-10-27,Dortmund,0,1,0,1.15,14.792,735
2025-11-03,Dortmund,0,0,1,0.96,15.487,735
2025-11-10,Dortmund,0,0,1,1.57,15.041,735
2025-11-17,Dortmund,0,0,1,0.71,13.787,735
2025-11-24,Dortmund,0,0,1,1.2,15.276,735
2025-12-01,Dortmund,0,0,1,1.13,15.504,735
2025-12-08,Dortmund,0,0,1,0.99,16.226,735
2025-12-15,Dortmund,0,0,1,0.87,16.168,735
2025-12-22,Dortmund,0,0,1,1.31,15.28,735
2024-10-07,Essen,0,0,0,0.27,3.596,197
2024-10-14,Essen,0,0,0,0.25,4.048,197
2024-10-21,Essen,0,0,0,0.24,4.071,197
2024-10-28,Essen,0,0,0,0.27,4.002,197
2024-11-04,Essen,0,0,0,0.36,3.996,197
2024-11-11,Essen,0,0,0,0.37,3.942,197
2024-11-18,Essen,0,0,0,0.3,3.866,197
2024-11-25,Essen,0,0,0,0.31,4.207,197
2024-12-02,Essen,0,0,0,0.43,4.178,197
2024-12-09,Essen,0,0,0,0.27,4.21,197
2024-12-16,Essen,0,0,0,0.36,4.104,197
2024-12-23,Essen,0,0,0,0.29,4.185,197
2024-12-30,Essen,0,0,0,0.32,4.025,197
2025-01-06,Essen,0,0,0,0.26,4.06,197
2025-01-13,Essen,0,0,0,0.24,4.093,197
2025-01-20,Essen,0,0,0,0.29,4.24,197
2025-01-27,Essen,0,0,0,0.21,3.856,197
2025-02-03,Essen,0,0,0,0.32,3.947,197
2025-02-10,Essen,0,0,0,0.3,4.204,197
2025-02-17,Essen,0,0,0,0.3,3.589,197
2025-02-24,Essen,0,0,0,0.21,3.949,197
2025-03-03,Essen,0,0,0,0.38,3.902,197
2025-03-10,Essen,0,0,0,0.31,3.663,197
2025-03-17,Essen,0,0,0,0.27,3.772,197
2025-03-24,Essen,0,0,0,0.28,3.686,197
2025-03-31,Essen,0,0,0,0.36,3.316,197
2025-04-07,Essen,0,0,0,0.28,3.515,197
2025-04-14,Essen,0,0,0,0.47,3.167,197
2025-04-21,Essen,0,0,0,0.28,3.297,197
2025-04-28,Essen,0,0,0,0.22,2.923,197
2025-05-05,Essen,0,0,0,0.28,3.043,197
2025-05-12,Essen,0,0,0,0.28,3.022,197
2025-05-19,Essen,0,0,0,0.24,3.09,197
2025-05-26,Essen,0,0,0,0.18,2.939,197
2025-06-02,Essen,0,0,0,0.28,2.812,197
2025-06-09,Essen,0,0,0,0.27,2.794,197
2025-06-16,Essen,0,0,0,0.38,2.798,197
2025-06-23,Essen,0,0,0,0.28,2.806,197
2025-06-30,Essen,0,0,0,0.33,2.867,197
2025-07-07,Essen,0,0,0,0.28,2.591,197
2025-07-14,Essen,0,0,0,0.39,2.642,197
2025-07-21,Essen,0,0,0,0.25,2.738,197
2025-07-28,Essen,0,0,0,0.31,2.68,197
2025-08-04,Essen,0,0,0,0.3,2.702,197
2025-08-11,Essen,0,0,0,0.28,2.932,197
2025-08-18,Essen,0,0,0,0.3,3.06,197
2025-08-25,Essen,0,0,0,0.33,3.364,197
2025-09-01,Essen,0,0,0,0.24,3.284,197
2025-09-08,Essen,0,1,0,0.28,3.479,197
2025-09-15,Essen,0,1,0,0.36,3.503,197
2025-09-22,Essen,0,1,0,0.38,3.457,197
2025-09-29,Essen,0,1,0,0.22,3.774,197
2025-10-06,Essen,0,1,0,0.35,3.626,197
2025-10-13,Essen,0,1,0,0.27,3.962,197
2025-10-20,Essen,0,1,0,0.3,3.894,197
2025-10-27,Essen,0,1,0,0.24,3.987,197
2025-11-03,Essen,0,0,1,0.44,4.274,197
2025-11-10,Essen,0,0,1,0.23,4.069,197
2025-11-17,Essen,0,0,1,0.29,4.206,197
2025-11-24,Essen,0,0,1,0.26,4.207,197
2025-12-01,Essen,0,0,1,0.33,4.059,197
2025-12-08,Essen,0,0,1,0.31,4.057,197
2025-12-15,Essen,0,0,1,0.3,4.323,197
2025-12-22,Essen,0,0,1,0.32,4.343,197
2024-10-07,Bremen,0,0,0,2.05,27.315,1468
2024-10-14,Bremen,0,0,0,1.77,27.347,1468
2024-10-21,Bremen,0,0,0,2.03,28.971,1468
2024-10-28,Bremen,0,0,0,2.15,28.656,1468
2024-11-04,Bremen,0,0,0,2.13,29.526,1468
2024-11-11,Bremen,0,0,0,1.33,29.296,1468
2024-11-18,Bremen,0,0,0,2.05,30.491,1468
2024-11-25,Bremen,0,0,0,1.96,30.603,1468
2024-12-02,Bremen,0,0,0,2.26,29.641,1468
2024-12-09,Bremen,0,0,0,1.72,32.1,1468
2024-12-16,Bremen,0,0,0,1.89,31.042,1468
2024-12-23,Bremen,0,0,0,2.39,29.862,1468
2024-12-30,Bremen,0,0,0,2.37,32.09,1468
2025-01-06,Bremen,0,0,0,1.56,32.525,1468
2025-01-13,Bremen,0,0,0,1.83,31.79,1468
2025-01-20,Bremen,0,0,0,2.47,31.245,1468
2025-01-27,Bremen,0,0,0,2.67,27.19,1468
2025-02-03,Bremen,0,0,0,3.46,30.489,1468
2025-02-10,Bremen,0,0,0,1.9,32.107,1468
2025-02-17,Bremen,0,0,0,2.61,28.171,1468
2025-02-24,Bremen,0,0,0,1.93,29.713,1468
2025-03-03,Bremen,0,0,0,2.66,29.047,1468
2025-03-10,Bremen,0,0,0,2.3,28.126,1468
2025-03-17,Bremen,0,0,0,2.54,28.691,1468
2025-03-24,Bremen,0,0,0,2.03,28.337,1468
2025-03-31,Bremen,0,0,0,1.6,26.161,1468
2025-04-07,Bremen,0,0,0,2.64,25.215,1468
2025-04-14,Bremen,0,0,0,1.75,26.869,1468
2025-04-21,Bremen,0,0,0,2.02,24.272,1468
2025-04-28,Bremen,0,0,0,1.43,22.629,1468
2025-05-05,Bremen,0,0,0,1.9,22.967,1468
2025-05-12,Bremen,0,0,0,2.67,23.678,1468
2025-05-19,Bremen,0,0,0,1.81,22.492,1468
2025-05-26,Bremen,0,0,0,1.98,21.557,1468
2025-06-02,Bremen,0,0,0,1.71,21.208,1468
2025-06-09,Bremen,0,0,0,2.03,21.762,1468
2025-06-16,Bremen,0,0,0,2.18,20.514,1468
2025-06-23,Bremen,0,0,0,1.9,21.612,1468
2025-06-30,Bremen,0,0,0,1.93,19.54,1468
2025-07-07,Bremen,0,0,0,1.61,19.785,1468
2025-07-14,Bremen,0,0,0,2.41,20.822,1468
2025-07-21,Bremen,0,0,0,2.15,21.387,1468
2025-07-28,Bremen,0,0,0,1.93,20.986,1468
2025-08-04,Bremen,0,0,0,2.17,24.129,1468
2025-08-11,Bremen,0,0,0,2.45,21.876,1468
2025-08-18,Bremen,0,0,0,1.72,24.982,1468
2025-08-25,Bremen,0,0,0,2.7,24.526,1468
2025-09-01,Bremen,0,0,0,1.62,24.007,1468
2025-09-08,Bremen,0,1,0,1.7,23.467,1468
2025-09-15,Bremen,0,1,0,2.23,26.421,1468
2025-09-22,Bremen,0,1,0,2.32,25.551,1468
2025-09-29,Bremen,0,1,0,1.28,26.094,1468
2025-10-06,Bremen,0,1,0,1.68,28.708,1468
2025-10-13,Bremen,0,1,0,2.87,28.467,1468
2025-10-20,Bremen,0,1,0,2.03,30.472,1468
2025-10-27,Bremen,0,1,0,2.35,28.456,1468
2025-11-03,Bremen,0,0,1,2.58,31.42,1468
2025-11-10,Bremen,0,0,1,1.72,34.283,1468
2025-11-17,Bremen,0,0,1,2.3,31.139,1468
2025-11-24,Bremen,0,0,1,1.94,29.451,1468
2025-12-01,Bremen,0,0,1,2.27,32.062,1468
2025-12-08,Bremen,0,0,1,1.63,33.163,1468
2025-12-15,Bremen,0,0,1,3.05,34.982,1468
2025-12-22,Bremen,0,0,1,2.73,32.013,1468
2024-10-07,Dresden,1,0,0,1.16,14.606,787
2024-10-14,Dresden,1,0,0,1.43,15.208,787
2024-10-21,Dresden,1,0,0,1.06,15.864,787
2024-10-28,Dresden,1,0,0,0.8,16.256,787
2024-11-04,Dresden,1,0,0,1.07,16.035,787
2024-11-11,Dresden,1,0,0,1.3,16.404,787
2024-11-18,Dresden,1,0,0,0.98,15.909,787
2024-11-25,Dresden,1,0,0,0.92,16.864,787
2024-12-02,Dresden,1,0,0,0.99,15.936,787
2024-12-09,Dresden,1,0,0,1.12,15.369,787
2024-12-16,Dresden,1,0,0,1.02,16.145,787
2024-12-23,Dresden,1,0,0,1.03,16.873,787
2024-12-30,Dresden,1,0,0,0.97,17.814,787
2025-01-06,Dresden,1,0,0,1.22,17.026,787
2025-01-13,Dresden,1,0,0,1.22,16.485,787
2025-01-20,Dresden,1,0,0,1.29,15.602,787
2025-01-27,Dresden,1,0,0,1.81,16.115,787
2025-02-03,Dresden,1,0,0,0.83,17.09,787
2025-02-10,Dresden,1,0,0,1.14,15.481,787
2025-02-17,Dresden,1,0,0,0.95,14.805,787
2025-02-24,Dresden,1,0,0,1.29,16.227,787
2025-03-03,Dresden,1,0,0,1.19,14.959,787
2025-03-10,Dresden,1,0,0,1.48,14.513,787
2025-03-17,Dresden,1,0,0,1.45,14.597,787
2025-03-24,Dresden,1,0,0,1.33,14.148,787
2025-03-31,Dresden,1,0,0,1.43,13.298,787
2025-04-07,Dresden,1,0,0,1.09,13.508,787
2025-04-14,Dresden,1,0,0,0.89,13.485,787
2025-04-21,Dresden,1,0,0,1.56,12.775,787
2025-04-28,Dresden,1,0,0,0.96,12.597,787
2025-05-05,Dresden,1,0,0,1.62,13.492,787
2025-05-12,Dresden,1,0,0,1.19,11.49,787
2025-05-19,Dresden,1,0,0,1.01,12.316,787
2025-05-26,Dresden,1,0,0,1.12,11.227,787
2025-06-02,Dresden,1,0,0,1.09,11.403,787
2025-06-09,Dresden,1,0,0,1.02,11.125,787
2025-06-16,Dresden,1,0,0,1.2,11.394,787
2025-06-23,Dresden,1,0,0,1.15,10.879,787
2025-06-30,Dresden,1,0,0,1.48,10.529,787
2025-07-07,Dresden,1,0,0,1.19,11.343,787
2025-07-14,Dresden,1,0,0,0.94,11.721,787
2025-07-21,Dresden,1,0,0,1.04,10.491,787
2025-07-28,Dresden,1,0,0,0.95,11.048,787
2025-08-04,Dresden,1,0,0,1.42,11.833,787
2025-08-11,Dresden,1,0,0,1.3,11.521,787
2025-08-18,Dresden,1,0,0,0.94,12.289,787
2025-08-25,Dresden,1,0,0,1.03,13.365,787
2025-09-01,Dresden,1,0,0,1.01,13.553,787
2025-09-08,Dresden,1,1,0,2.48,14.104,787
2025-09-15,Dresden,1,1,0,4.22,15.074,787
2025-09-22,Dresden,1,1,0,2.53,15.309,787
2025-09-29,Dresden,1,1,0,2.48,15.435,787
2025-10-06,Dresden,1,1,0,2.26,16.185,787
2025-10-13,Dresden,1,1,0,2.1,17.427,787
2025-10-20,Dresden,1,1,0,3.01,16.236,787
2025-10-27,Dresden,1,1,0,1.72,17.53,787
2025-11-03,Dresden,1,0,1,1.24,17.45,787
2025-11-10,Dresden,1,0,1,0.9,17.423,787
2025-11-17,Dresden,1,0,1,1.86,17.203,787
2025-11-24,Dresden,1,0,1,1.14,16.618,787
2025-12-01,Dresden,1,0,1,1.07,17.173,787
2025-12-08,Dresden,1,0,1,1.11,17.451,787
2025-12-15,Dresden,1,0,1,0.87,18.174,787
2025-12-22,Dresden,1,0,1,1.27,18.242,787
2024-10-07,Hannover,1,0,0,0.62,6.832,359
2024-10-14,Hannover,1,0,0,0.46,6.53,359
2024-10-21,Hannover,1,0,0,0.4,7.377,359
2024-10-28,Hannover,1,0,0,0.49,7.601,359
2024-11-04,Hannover,1,0,0,0.43,7.335,359
2024-11-11,Hannover,1,0,0,0.5,6.954,359
2024-11-18,Hannover,1,0,0,0.63,7.304,359
2024-11-25,Hannover,1,0,0,0.71,7.281,359
2024-12-02,Hannover,1,0,0,0.51,7.3,359
2024-12-09,Hannover,1,0,0,0.56,7.84,359
2024-12-16,Hannover,1,0,0,0.71,7.576,359
2024-12-23,Hannover,1,0,0,0.62,7.702,359
2024-12-30,Hannover,1,0,0,0.63,7.899,359
2025-01-06,Hannover,1,0,0,0.42,7.505,359
2025-01-13,Hannover,1,0,0,0.43,7.674,359
2025-01-20,Hannover,1,0,0,0.33,7.866,359
2025-01-27,Hannover,1,0,0,0.5,7.386,359
2025-02-03,Hannover,1,0,0,0.54,7.667,359
2025-02-10,Hannover,1,0,0,0.58,7.66,359
2025-02-17,Hannover,1,0,0,0.75,7.811,359
2025-02-24,Hannover,1,0,0,0.46,6.909,359
2025-03-03,Hannover,1,0,0,0.64,6.99,359
2025-03-10,Hannover,1,0,0,0.53,6.352,359
2025-03-17,Hannover,1,0,0,0.57,6.687,359
2025-03-24,Hannover,1,0,0,0.49,6.905,359
2025-03-31,Hannover,1,0,0,0.39,6.489,359
2025-04-07,Hannover,1,0,0,0.47,6.356,359
2025-04-14,Hannover,1,0,0,0.93,6.284,359
2025-04-21,Hannover,1,0,0,0.47,6.161,359
2025-04-28,Hannover,1,0,0,0.73,6.124,359
2025-05-05,Hannover,1,0,0,0.59,5.459,359
2025-05-12,Hannover,1,0,0,0.37,5.695,359
2025-05-19,Hannover,1,0,0,0.59,5.654,359
2025-05-26,Hannover,1,0,0,0.44,5.198,359
2025-06-02,Hannover,1,0,0,0.44,5.349,359
2025-06-09,Hannover,1,0,0,0.64,5.021,359
2025-06-16,Hannover,1,0,0,0.53,4.968,359
2025-06-23,Hannover,1,0,0,0.45,4.576,359
2025-06-30,Hannover,1,0,0,0.43,4.972,359
2025-07-07,Hannover,1,0,0,0.65,5.05,359
2025-07-14,Hannover,1,0,0,0.45,5.225,359
2025-07-21,Hannover,1,0,0,0.48,4.832,359
2025-07-28,Hannover,1,0,0,0.75,5.535,359
2025-08-04,Hannover,1,0,0,0.54,5.091,359
2025-08-11,Hannover,1,0,0,0.48,6.243,359
2025-08-18,Hannover,1,0,0,0.5,5.716,359
2025-08-25,Hannover,1,0,0,0.4,5.521,359
2025-09-01,Hannover,1,0,0,0.54,6.385,359
2025-09-08,Hannover,1,1,0,1.2,6.387,359
2025-09-15,Hannover,1,1,0,1.35,7.548,359
2025-09-22,Hannover,1,1,0,0.99,7.039,359
2025-09-29,Hannover,1,1,0,1.39,6.984,359
2025-10-06,Hannover,1,1,0,0.81,6.904,359
2025-10-13,Hannover,1,1,0,1.07,7.709,359
2025-10-20,Hannover,1,1,0,1.62,7.765,359
2025-10-27,Hannover,1,1,0,1.11,7.251,359
2025-11-03,Hannover,1,0,1,0.62,8.049,359
2025-11-10,Hannover,1,0,1,0.41,7.003,359
2025-11-17,Hannover,1,0,1,0.37,7.621,359
2025-11-24,Hannover,1,0,1,0.43,7.815,359
2025-12-01,Hannover,1,0,1,0.47,8.119,359
2025-12-08,Hannover,1,0,1,0.51,8.234,359
2025-12-15,Hannover,1,0,1,0.47,8.654,359
2025-12-22,Hannover,1,0,1,0.55,8.418,359
2024-10-07,Nürnberg,0,0,0,0.68,9.825,508
2024-10-14,Nürnberg,0,0,0,0.7,9.868,508
2024-10-21,Nürnberg,0,0,0,0.82,10.268,508
2024-10-28,Nürnberg,0,0,0,0.79,10.37,508
2024-11-04,Nürnberg,0,0,0,0.93,10.74,508
2024-11-11,Nürnberg,0,0,0,0.83,9.688,508
2024-11-18,Nürnberg,0,0,0,0.8,11.37,508
2024-11-25,Nürnberg,0,0,0,0.73,10.892,508
2024-12-02,Nürnberg,0,0,0,0.65,10.096,508
2024-12-09,Nürnberg,0,0,0,0.77,11.3,508
2024-12-16,Nürnberg,0,0,0,1.02,11.274,508
2024-12-23,Nürnberg,0,0,0,0.68,10.574,508
2024-12-30,Nürnberg,0,0,0,0.92,10.67,508
2025-01-06,Nürnberg,0,0,0,0.92,10.084,508
2025-01-13,Nürnberg,0,0,0,0.52,10.69,508
2025-01-20,Nürnberg,0,0,0,0.73,10.802,508
2025-01-27,Nürnberg,0,0,0,0.58,10.089,508
2025-02-03,Nürnberg,0,0,0,1.05,10.192,508
2025-02-10,Nürnberg,0,0,0,0.97,9.852,508
2025-02-17,Nürnberg,0,0,0,1.14,9.877,508
2025-02-24,Nürnberg,0,0,0,0.88,9.042,508
2025-03-03,Nürnberg,0,0,0,0.9,10.135,508
2025-03-10,Nürnberg,0,0,0,0.89,9.541,508
2025-03-17,Nürnberg,0,0,0,0.62,9.347,508
2025-03-24,Nürnberg,0,0,0,0.7,9.322,508
2025-03-31,Nürnberg,0,0,0,0.79,8.819,508
2025-04-07,Nürnberg,0,0,0,0.68,8.865,508
2025-04-14,Nürnberg,0,0,0,0.47,8.627,508
2025-04-21,Nürnberg,0,0,0,0.77,8.064,508
2025-04-28,Nürnberg,0,0,0,0.89,8.008,508
2025-05-05,Nürnberg,0,0,0,0.77,8.402,508
2025-05-12,Nürnberg,0,0,0,1.22,8.076,508
2025-05-19,Nürnberg,0,0,0,0.87,7.569,508
2025-05-26,Nürnberg,0,0,0,0.88,7.931,508
2025-06-02,Nürnberg,0,0,0,0.93,6.584,508
2025-06-09,Nürnberg,0,0,0,1.03,7.236,508
2025-06-16,Nürnberg,0,0,0,0.63,7.486,508
2025-06-23,Nürnberg,0,0,0,0.81,7.418,508
2025-06-30,Nürnberg,0,0,0,0.67,7.476,508
2025-07-07,Nürnberg,0,0,0,0.55,6.846,508
2025-07-14,Nürnberg,0,0,0,0.76,7.029,508
2025-07-21,Nürnberg,0,0,0,0.88,7.44,508
2025-07-28,Nürnberg,0,0,0,1.14,7.107,508
2025-08-04,Nürnberg,0,0,0,0.78,7.175,508
2025-08-11,Nürnberg,0,0,0,0.78,8.393,508
2025-08-18,Nürnberg,0,0,0,0.81,7.696,508
2025-08-25,Nürnberg,0,0,0,0.77,8.333,508
2025-09-01,Nürnberg,0,0,0,0.61,8.387,508
2025-09-08,Nürnberg,0,1,0,0.88,8.759,508
2025-09-15,Nürnberg,0,1,0,0.77,8.465,508
2025-09-22,Nürnberg,0,1,0,0.77,9.857,508
2025-09-29,Nürnberg,0,1,0,0.65,9.648,508
2025-10-06,Nürnberg,0,1,0,1.1,9.471,508
2025-10-13,Nürnberg,0,1,0,0.73,10.032,508
2025-10-20,Nürnberg,0,1,0,0.78,10.321,508
2025-10-27,Nürnberg,0,1,0,0.62,10.385,508
2025-11-03,Nürnberg,0,0,1,0.58,10.433,508
2025-11-10,Nürnberg,0,0,1,0.7,10.951,508
2025-11-17,Nürnberg,0,0,1,1.06,10.103,508
2025-11-24,Nürnberg,0,0,1,0.44,10.668,508
2025-12-01,Nürnberg,0,0,1,0.73,11.128,508
2025-12-08,Nürnberg,0,0,1,0.68,11.41,508
2025-12-15,Nürnberg,0,0,1,0.61,11.508,508
2025-12-22,Nürnberg,0,0,1,0.71,11.904,508
2024-10-07,Duisburg,0,0,0,0.92,11.837,662
2024-10-14,Duisburg,0,0,0,1.01,12.586,662
2024-10-21,Duisburg,0,0,0,0.94,12.542,662
2024-10-28,Duisburg,0,0,0,0.75,12.955,662
2024-11-04,Duisburg,0,0,0,0.9,12.81,662
2024-11-11,Duisburg,0,0,0,0.72,12.656,662
2024-11-18,Duisburg,0,0,0,1.03,13.988,662
2024-11-25,Duisburg,0,0,0,1.32,13.013,662
2024-12-02,Duisburg,0,0,0,1.08,14.641,662
2024-12-09,Duisburg,0,0,0,0.94,13.382,662
2024-12-16,Duisburg,0,0,0,0.73,13.966,662
2024-12-23,Duisburg,0,0,0,1.12,14.673,662
2024-12-30,Duisburg,0,0,0,0.67,14.775,662
2025-01-06,Duisburg,0,0,0,1.05,14.657,662
2025-01-13,Duisburg,0,0,0,0.93,13.704,662
2025-01-20,Duisburg,0,0,0,0.82,14.485,662
2025-01-27,Duisburg,0,0,0,0.96,13.231,662
2025-02-03,Duisburg,0,0,0,0.95,12.538,662
2025-02-10,Duisburg,0,0,0,0.92,13.572,662
2025-02-17,Duisburg,0,0,0,0.82,12.386,662
2025-02-24,Duisburg,0,0,0,0.99,13.271,662
2025-03-03,Duisburg,0,0,0,0.7,12.883,662
2025-03-10,Duisburg,0,0,0,1.14,12.307,662
2025-03-17,Duisburg,0,0,0,0.87,11.419,662
2025-03-24,Duisburg,0,0,0,0.93,12.274,662
2025-03-31,Duisburg,0,0,0,0.66,11.485,662
2025-04-07,Duisburg,0,0,0,1.02,10.105,662
2025-04-14,Duisburg,0,0,0,0.89,10.74,662
2025-04-21,Duisburg,0,0,0,1.34,11.17,662
2025-04-28,Duisburg,0,0,0,0.95,10.799,662
2025-05-05,Duisburg,0,0,0,0.95,9.726,662
2025-05-12,Duisburg,0,0,0,0.87,10.929,662
2025-05-19,Duisburg,0,0,0,0.81,9.294,662
2025-05-26,Duisburg,0,0,0,1.0,9.367,662
2025-06-02,Duisburg,0,0,0,0.91,8.948,662
2025-06-09,Duisburg,0,0,0,0.79,9.92,662
2025-06-16,Duisburg,0,0,0,1.17,9.326,662
2025-06-23,Duisburg,0,0,0,0.87,9.024,662
2025-06-30,Duisburg,0,0,0,1.66,8.984,662
2025-07-07,Duisburg,0,0,0,1.23,8.937,662
2025-07-14,Duisburg,0,0,0,0.97,8.758,662
2025-07-21,Duisburg,0,0,0,1.23,8.744,662
2025-07-28,Duisburg,0,0,0,0.8,8.628,662
2025-08-04,Duisburg,0,0,0,0.9,9.364,662
2025-08-11,Duisburg,0,0,0,0.81,10.525,662
2025-08-18,Duisburg,0,0,0,0.87,11.002,662
2025-08-25,Duisburg,0,0,0,1.14,10.857,662
2025-09-01,Duisburg,0,0,0,0.82,10.02,662
2025-09-08,Duisburg,0,1,0,0.91,11.269,662
2025-09-15,Duisburg,0,1,0,1.05,10.973,662
2025-09-22,Duisburg,0,1,0,0.5,12.01,662
2025-09-29,Duisburg,0,1,0,0.88,12.227,662
2025-10-06,Duisburg,0,1,0,0.95,13.306,662
2025-10-13,Duisburg,0,1,0,1.2,12.164,662
2025-10-20,Duisburg,0,1,0,1.09,13.285,662
2025-10-27,Duisburg,0,1,0,0.82,14.107,662
2025-11-03,Duisburg,0,0,1,1.33,13.917,662
2025-11-10,Duisburg,0,0,1,1.2,14.186,662
2025-11-17,Duisburg,0,0,1,0.95,12.724,662
2025-11-24,Duisburg,0,0,1,0.75,14.028,662
2025-12-01,Duisburg,0,0,1,0.77,15.124,662
2025-12-08,Duisburg,0,0,1,1.08,13.684,662
2025-12-15,Duisburg,0,0,1,0.67,14.294,662
2025-12-22,Duisburg,0,0,1,1.27,14.32,662
2024-10-07,Bochum,0,0,0,0.7,11.275,565
2024-10-14,Bochum,0,0,0,0.92,10.957,565
2024-10-21,Bochum,0,0,0,0.73,10.318,565
2024-10-28,Bochum,0,0,0,0.73,11.554,565
2024-11-04,Bochum,0,0,0,0.81,11.326,565
2024-11-11,Bochum,0,0,0,0.8,11.293,565
2024-11-18,Bochum,0,0,0,0.82,11.06,565
2024-11-25,Bochum,0,0,0,0.86,12.29,565
2024-12-02,Bochum,0,0,0,1.29,12.088,565
2024-12-09,Bochum,0,0,0,0.78,11.137,565
2024-12-16,Bochum,0,0,0,0.69,12.362,565
2024-12-23,Bochum,0,0,0,1.14,12.413,565
2024-12-30,Bochum,0,0,0,0.64,12.388,565
2025-01-06,Bochum,0,0,0,1.02,11.685,565
2025-01-13,Bochum,0,0,0,0.89,11.515,565
2025-01-20,Bochum,0,0,0,1.11,12.314,565
2025-01-27,Bochum,0,0,0,0.99,11.393,565
2025-02-03,Bochum,0,0,0,0.95,11.618,565
2025-02-10,Bochum,0,0,0,0.88,10.451,565
2025-02-17,Bochum,0,0,0,0.7,11.037,565
2025-02-24,Bochum,0,0,0,0.54,11.168,565
2025-03-03,Bochum,0,0,0,0.73,11.041,565
2025-03-10,Bochum,0,0,0,0.73,10.125,565
2025-03-17,Bochum,0,0,0,1.03,10.992,565
2025-03-24,Bochum,0,0,0,0.68,10.299,565
2025-03-31,Bochum,0,0,0,0.86,9.586,565
2025-04-07,Bochum,0,0,0,0.59,9.858,565
2025-04-14,Bochum,0,0,0,0.91,9.915,565
2025-04-21,Bochum,0,0,0,0.92,9.212,565
2025-04-28,Bochum,0,0,0,0.73,8.526,565
2025-05-05,Bochum,0,0,0,0.94,8.991,565
2025-05-12,Bochum,0,0,0,0.67,8.894,565
2025-05-19,Bochum,0,0,0,0.83,8.829,565
2025-05-26,Bochum,0,0,0,0.72,8.589,565
2025-06-02,Bochum,0,0,0,0.81,8.611,565
2025-06-09,Bochum,0,0,0,0.75,7.705,565
2025-06-16,Bochum,0,0,0,0.7,8.294,565
2025-06-23,Bochum,0,0,0,0.98,8.34,565
2025-06-30,Bochum,0,0,0,0.9,8.451,565
2025-07-07,Bochum,0,0,0,0.97,7.635,565
2025-07-14,Bochum,0,0,0,0.75,7.411,565
2025-07-21,Bochum,0,0,0,0.8,7.995,565
2025-07-28,Bochum,0,0,0,0.65,7.883,565
2025-08-04,Bochum,0,0,0,0.7,8.606,565
2025-08-11,Bochum,0,0,0,0.97,9.261,565
2025-08-18,Bochum,0,0,0,0.7,8.831,565
2025-08-25,Bochum,0,0,0,0.59,9.089,565
2025-09-01,Bochum,0,0,0,0.69,9.045,565
2025-09-08,Bochum,0,1,0,0.7,9.649,565
2025-09-15,Bochum,0,1,0,0.65,10.533,565
2025-09-22,Bochum,0,1,0,0.78,10.007,565
2025-09-29,Bochum,0,1,0,0.85,10.743,565
2025-10-06,Bochum,0,1,0,0.69,11.091,565
2025-10-13,Bochum,0,1,0,0.86,10.678,565
2025-10-20,Bochum,0,1,0,0.86,12.151,565
2025-10-27,Bochum,0,1,0,1.18,11.094,565
2025-11-03,Bochum,0,0,1,0.72,12.079,565
2025-11-10,Bochum,0,0,1,0.88,12.251,565
2025-11-17,Bochum,0,0,1,0.86,12.392,565
2025-11-24,Bochum,0,0,1,0.82,12.908,565
2025-12-01,Bochum,0,0,1,1.12,13.933,565
2025-12-08,Bochum,0,0,1,0.75,13.085,565
2025-12-15,Bochum,0,0,1,0.88,12.745,565
2025-12-22,Bochum,0,0,1,0.81,12.357,565
2024-10-07,Wuppertal,1,0,0,0.97,10.933,554
2024-10-14,Wuppertal,1,0,0,0.63,11.189,554
2024-10-21,Wuppertal,1,0,0,0.54,10.886,554
2024-10-28,Wuppertal,1,0,0,0.77,11.143,554
2024-11-04,Wuppertal,1,0,0,0.59,10.316,554
2024-11-11,Wuppertal,1,0,0,1.23,10.696,554
2024-11-18,Wuppertal,1,0,0,1.5,11.934,554
2024-11-25,Wuppertal,1,0,0,0.9,11.652,554
2024-12-02,Wuppertal,1,0,0,0.93,11.787,554
2024-12-09,Wuppertal,1,0,0,0.89,11.911,554
2024-12-16,Wuppertal,1,0,0,0.97,12.405,554
2024-12-23,Wuppertal,1,0,0,0.57,11.848,554
2024-12-30,Wuppertal,1,0,0,1.02,11.398,554
2025-01-06,Wuppertal,1,0,0,0.96,11.833,554
2025-01-13,Wuppertal,1,0,0,0.74,11.401,554
2025-01-20,Wuppertal,1,0,0,1.0,11.088,554
2025-01-27,Wuppertal,1,0,0,0.85,11.758,554
2025-02-03,Wuppertal,1,0,0,0.81,10.933,554
2025-02-10,Wuppertal,1,0,0,0.85,11.019,554
2025-02-17,Wuppertal,1,0,0,0.82,11.217,554
2025-02-24,Wuppertal,1,0,0,0.67,11.346,554
2025-03-03,Wuppertal,1,0,0,0.75,11.215,554
2025-03-10,Wuppertal,1,0,0,0.8,10.09,554
2025-03-17,Wuppertal,1,0,0,0.64,10.446,554
2025-03-24,Wuppertal,1,0,0,0.66,10.376,554
2025-03-31,Wuppertal,1,0,0,0.96,9.743,554
2025-04-07,Wuppertal,1,0,0,0.88,9.383,554
2025-04-14,Wuppertal,1,0,0,0.77,8.802,554
2025-04-21,Wuppertal,1,0,0,0.72,9.987,554
2025-04-28,Wuppertal,1,0,0,1.53,8.434,554
2025-05-05,Wuppertal,1,0,0,0.94,9.55,554
2025-05-12,Wuppertal,1,0,0,1.22,7.989,554
2025-05-19,Wuppertal,1,0,0,0.8,8.258,554
2025-05-26,Wuppertal,1,0,0,0.8,8.929,554
2025-06-02,Wuppertal,1,0,0,0.85,7.622,554
2025-06-09,Wuppertal,1,0,0,0.75,8.26,554
2025-06-16,Wuppertal,1,0,0,0.86,7.926,554
2025-06-23,Wuppertal,1,0,0,0.74,7.841,554
2025-06-30,Wuppertal,1,0,0,0.69,7.696,554
2025-07-07,Wuppertal,1,0,0,0.72,7.531,554
2025-07-14,Wuppertal,1,0,0,0.75,7.43,554
2025-07-21,Wuppertal,1,0,0,0.73,7.514,554
2025-07-28,Wuppertal,1,0,0,0.79,8.02,554
2025-08-04,Wuppertal,1,0,0,1.04,8.282,554
2025-08-11,Wuppertal,1,0,0,0.94,8.502,554
2025-08-18,Wuppertal,1,0,0,1.0,8.903,554
2025-08-25,Wuppertal,1,0,0,0.73,8.899,554
2025-09-01,Wuppertal,1,0,0,0.98,9.26,554
2025-09-08,Wuppertal,1,1,0,3.02,9.941,554
2025-09-15,Wuppertal,1,1,0,2.11,10.972,554
2025-09-22,Wuppertal,1,1,0,2.72,10.999,554
2025-09-29,Wuppertal,1,1,0,2.11,10.471,554
2025-10-06,Wuppertal,1,1,0,1.56,11.477,554
2025-10-13,Wuppertal,1,1,0,2.32,11.95,554
2025-10-20,Wuppertal,1,1,0,2.05,11.71,554
2025-10-27,Wuppertal,1,1,0,2.04,12.116,554
2025-11-03,Wuppertal,1,0,1,0.8,11.303,554
2025-11-10,Wuppertal,1,0,1,0.7,12.27,554
2025-11-17,Wuppertal,1,0,1,0.77,12.271,554
2025-11-24,Wuppertal,1,0,1,0.8,12.64,554
2025-12-01,Wuppertal,1,0,1,1.17,11.938,554
2025-12-08,Wuppertal,1,0,1,0.55,12.061,554
2025-12-15,Wuppertal,1,0,1,0.7,11.645,554
2025-12-22,Wuppertal,1,0,1,0.9,11.909,554
2024-10-07,Bielefeld,0,0,0,2.15,18.8,1012
2024-10-14,Bielefeld,0,0,0,1.29,20.363,1012
2024-10-21,Bielefeld,0,0,0,1.38,20.294,1012
2024-10-28,Bielefeld,0,0,0,1.69,18.72,1012
2024-11-04,Bielefeld,0,0,0,1.47,20.102,1012
2024-11-11,Bielefeld,0,0,0,1.18,20.571,1012
2024-11-18,Bielefeld,0,0,0,2.23,19.082,1012
2024-11-25,Bielefeld,0,0,0,1.71,21.071,1012
2024-12-02,Bielefeld,0,0,0,1.77,21.125,1012
2024-12-09,Bielefeld,0,0,0,1.8,19.758,1012
2024-12-16,Bielefeld,0,0,0,2.23,22.268,1012
2024-12-23,Bielefeld,0,0,0,1.27,20.72,1012
2024-12-30,Bielefeld,0,0,0,1.62,23.29,1012
2025-01-06,Bielefeld,0,0,0,1.8,19.849,1012
2025-01-13,Bielefeld,0,0,0,1.41,21.546,1012
2025-01-20,Bielefeld,0,0,0,1.43,21.096,1012
2025-01-27,Bielefeld,0,0,0,1.72,20.122,1012
2025-02-03,Bielefeld,0,0,0,1.29,20.826,1012
2025-02-10,Bielefeld,0,0,0,1.42,18.938,1012
2025-02-17,Bielefeld,0,0,0,1.02,21.063,1012
2025-02-24,Bielefeld,0,0,0,1.88,19.418,1012
2025-03-03,Bielefeld,0,0,0,1.37,18.663,1012
2025-03-10,Bielefeld,0,0,0,1.32,18.932,1012
2025-03-17,Bielefeld,0,0,0,1.52,17.883,1012
2025-03-24,Bielefeld,0,0,0,1.17,17.942,1012
2025-03-31,Bielefeld,0,0,0,1.44,17.255,1012
2025-04-07,Bielefeld,0,0,0,1.84,15.968,1012
2025-04-14,Bielefeld,0,0,0,1.61,17.275,1012
2025-04-21,Bielefeld,0,0,0,1.75,18.061,1012
2025-04-28,Bielefeld,0,0,0,1.92,16.131,1012
2025-05-05,Bielefeld,0,0,0,1.24,14.444,1012
2025-05-12,Bielefeld,0,0,0,1.7,15.858,1012
2025-05-19,Bielefeld,0,0,0,1.62,15.443,1012
2025-05-26,Bielefeld,0,0,0,2.09,15.078,1012
2025-06-02,Bielefeld,0,0,0,0.92,15.848,1012
2025-06-09,Bielefeld,0,0,0,1.49,14.534,1012
2025-06-16,Bielefeld,0,0,0,1.4,14.709,1012
2025-06-23,Bielefeld,0,0,0,1.33,14.407,1012
2025-06-30,Bielefeld,0,0,0,1.39,15.017,1012
2025-07-07,Bielefeld,0,0,0,1.6,13.596,1012
2025-07-14,Bielefeld,0,0,0,1.63,14.074,1012
2025-07-21,Bielefeld,0,0,0,1.2,14.766,1012
2025-07-28,Bielefeld,0,0,0,1.9,13.645,1012
2025-08-04,Bielefeld,0,0,0,2.64,13.847,1012
2025-08-11,Bielefeld,0,0,0,1.5,16.324,1012
2025-08-18,Bielefeld,0,0,0,1.9,16.751,1012
2025-08-25,Bielefeld,0,0,0,1.26,16.285,1012
2025-09-01,Bielefeld,0,0,0,1.31,16.901,1012
2025-09-08,Bielefeld,0,1,0,1.54,16.774,1012
2025-09-15,Bielefeld,0,1,0,2.16,17.411,1012
2025-09-22,Bielefeld,0,1,0,1.43,17.568,1012
2025-09-29,Bielefeld,0,1,0,1.46,19.025,1012
2025-10-06,Bielefeld,0,1,0,1.29,21.174,1012
2025-10-13,Bielefeld,0,1,0,1.22,17.678,1012
2025-10-20,Bielefeld,0,1,0,1.5,19.988,1012
2025-10-27,Bielefeld,0,1,0,1.95,21.094,1012
2025-11-03,Bielefeld,0,0,1,1.71,21.359,1012
2025-11-10,Bielefeld,0,0,1,1.51,22.249,1012
2025-11-17,Bielefeld,0,0,1,1.38,21.565,1012
2025-11-24,Bielefeld,0,0,1,1.78,21.023,1012
2025-12-01,Bielefeld,0,0,1,1.01,20.934,1012
2025-12-08,Bielefeld,0,0,1,1.41,20.918,1012
2025-12-15,Bielefeld,0,0,1,1.5,23.279,1012
2025-12-22,Bielefeld,0,0,1,2.2,22.637,1012
2024-10-07,Bonn,0,0,0,0.48,7.064,373
2024-10-14,Bonn,0,0,0,0.43,6.589,373
2024-10-21,Bonn,0,0,0,0.55,7.459,373
2024-10-28,Bonn,0,0,0,0.44,7.939,373
2024-11-04,Bonn,0,0,0,0.53,7.209,373
2024-11-11,Bonn,0,0,0,0.62,7.882,373
2024-11-18,Bonn,0,0,0,0.95,6.948,373
2024-11-25,Bonn,0,0,0,0.54,7.764,373
2024-12-02,Bonn,0,0,0,0.45,7.566,373
2024-12-09,Bonn,0,0,0,0.92,7.69,373
2024-12-16,Bonn,0,0,0,0.38,8.025,373
2024-12-23,Bonn,0,0,0,0.44,8.345,373
2024-12-30,Bonn,0,0,0,0.75,8.139,373
2025-01-06,Bonn,0,0,0,0.68,7.768,373
2025-01-13,Bonn,0,0,0,0.38,7.468,373
2025-01-20,Bonn,0,0,0,0.49,7.618,373
2025-01-27,Bonn,0,0,0,0.58,7.446,373
2025-02-03,Bonn,0,0,0,0.38,7.73,373
2025-02-10,Bonn,0,0,0,0.5,7.635,373
2025-02-17,Bonn,0,0,0,0.59,7.461,373
2025-02-24,Bonn,0,0,0,0.46,7.485,373
2025-03-03,Bonn,0,0,0,0.45,7.306,373
2025-03-10,Bonn,0,0,0,0.4,6.869,373
2025-03-17,Bonn,0,0,0,0.55,6.909,373
2025-03-24,Bonn,0,0,0,0.67,6.625,373
2025-03-31,Bonn,0,0,0,0.43,6.986,373
2025-04-07,Bonn,0,0,0,0.66,6.625,373
2025-04-14,Bonn,0,0,0,0.68,5.995,373
2025-04-21,Bonn,0,0,0,0.55,5.75,373
2025-04-28,Bonn,0,0,0,0.36,5.805,373
2025-05-05,Bonn,0,0,0,0.69,5.723,373
2025-05-12,Bonn,0,0,0,0.46,5.89,373
2025-05-19,Bonn,0,0,0,0.51,6.278,373
2025-05-26,Bonn,0,0,0,0.62,5.4,373
2025-06-02,Bonn,0,0,0,0.45,5.229,373
2025-06-09,Bonn,0,0,0,0.54,5.28,373
2025-06-16,Bonn,0,0,0,0.72,5.273,373
2025-06-23,Bonn,0,0,0,0.61,4.924,373
2025-06-30,Bonn,0,0,0,0.6,5.15,373
2025-07-07,Bonn,0,0,0,0.58,5.101,373
2025-07-14,Bonn,0,0,0,0.61,5.223,373
2025-07-21,Bonn,0,0,0,0.59,5.644,373
2025-07-28,Bonn,0,0,0,0.53,5.409,373
2025-08-04,Bonn,0,0,0,0.55,5.584,373
2025-08-11,Bonn,0,0,0,0.63,5.868,373
2025-08-18,Bonn,0,0,0,0.48,5.868,373
2025-08-25,Bonn,0,0,0,0.49,6.08,373
2025-09-01,Bonn,0,0,0,0.51,5.957,373
2025-09-08,Bonn,0,1,0,0.39,6.639,373
2025-09-15,Bonn,0,1,0,0.51,6.795,373
2025-09-22,Bonn,0,1,0,0.52,6.836,373
2025-09-29,Bonn,0,1,0,0.72,6.852,373
2025-10-06,Bonn,0,1,0,0.51,6.804,373
2025-10-13,Bonn,0,1,0,0.52,7.606,373
2025-10-20,Bonn,0,1,0,0.56,7.669,373
2025-10-27,Bonn,0,1,0,0.58,7.888,373
2025-11-03,Bonn,0,0,1,0.51,7.984,373
2025-11-10,Bonn,0,0,1,0.93,8.225,373
2025-11-17,Bonn,0,0,1,0.45,8.236,373
2025-11-24,Bonn,0,0,1,0.6,7.471,373
2025-12-01,Bonn,0,0,1,0.6,7.889,373
2025-12-08,Bonn,0,0,1,0.58,7.962,373
2025-12-15,Bonn,0,0,1,0.45,8.598,373
2025-12-22,Bonn,0,0,1,0.56,8.104,373
2024-10-07,Münster,0,0,0,0.43,5.794,326
2024-10-14,Münster,0,0,0,0.57,6.157,326
2024-10-21,Münster,0,0,0,0.52,6.025,326
2024-10-28,Münster,0,0,0,0.42,5.924,326
2024-11-04,Münster,0,0,0,0.45,6.854,326
2024-11-11,Münster,0,0,0,0.65,6.102,326
2024-11-18,Münster,0,0,0,0.59,6.355,326
2024-11-25,Münster,0,0,0,0.54,6.819,326
2024-12-02,Münster,0,0,0,0.48,7.16,326
2024-12-09,Münster,0,0,0,0.52,6.625,326
2024-12-16,Münster,0,0,0,0.46,7.241,326
2024-12-23,Münster,0,0,0,0.46,6.594,326
2024-12-30,Münster,0,0,0,0.5,7.162,326
2025-01-06,Münster,0,0,0,0.58,7.077,326
2025-01-13,Münster,0,0,0,0.46,6.638,326
2025-01-20,Münster,0,0,0,0.54,6.845,326
2025-01-27,Münster,0,0,0,0.44,6.439,326
2025-02-03,Münster,0,0,0,0.33,6.373,326
2025-02-10,Münster,0,0,0,0.38,6.524,326
2025-02-17,Münster,0,0,0,0.43,6.484,326
2025-02-24,Münster,0,0,0,0.56,6.398,326
2025-03-03,Münster,0,0,0,0.54,5.802,326
2025-03-10,Münster,0,0,0,0.46,6.045,326
2025-03-17,Münster,0,0,0,0.47,6.054,326
2025-03-24,Münster,0,0,0,0.55,6.536,326
2025-03-31,Münster,0,0,0,0.4,5.947,326
2025-04-07,Münster,0,0,0,0.45,5.654,326
2025-04-14,Münster,0,0,0,0.46,5.485,326
2025-04-21,Münster,0,0,0,0.34,5.176,326
2025-04-28,Münster,0,0,0,0.58,4.958,326
2025-05-05,Münster,0,0,0,0.61,5.296,326
2025-05-12,Münster,0,0,0,0.52,5.202,326
2025-05-19,Münster,0,0,0,0.57,5.372,326
2025-05-26,Münster,0,0,0,0.57,4.741,326
2025-06-02,Münster,0,0,0,0.58,4.928,326
2025-06-09,Münster,0,0,0,0.49,4.716,326
2025-06-16,Münster,0,0,0,0.49,4.63,326
2025-06-23,Münster,0,0,0,0.32,4.763,326
2025-06-30,Münster,0,0,0,0.56,4.549,326
2025-07-07,Münster,0,0,0,0.43,4.409,326
2025-07-14,Münster,0,0,0,0.34,4.829,326
2025-07-21,Münster,0,0,0,0.43,4.465,326
2025-07-28,Münster,0,0,0,0.51,4.862,326
2025-08-04,Münster,0,0,0,0.51,5.123,326
2025-08-11,Münster,0,0,0,0.46,5.094,326
2025-08-18,Münster,0,0,0,0.48,5.027,326
2025-08-25,Münster,0,0,0,0.3,5.147,326
2025-09-01,Münster,0,0,0,0.64,5.17,326
2025-09-08,Münster,0,1,0,0.27,5.921,326
2025-09-15,Münster,0,1,0,0.41,5.72,326
2025-09-22,Münster,0,1,0,0.63,5.864,326
2025-09-29,Münster,0,1,0,0.48,6.199,326
2025-10-06,Münster,0,1,0,0.41,6.367,326
2025-10-13,Münster,0,1,0,0.5,6.194,326
2025-10-20,Münster,0,1,0,0.42,6.554,326
2025-10-27,Münster,0,1,0,0.58,6.937,326
2025-11-03,Münster,0,0,1,0.43,7.573,326
2025-11-10,Münster,0,0,1,0.5,6.892,326
2025-11-17,Münster,0,0,1,0.49,7.061,326
2025-11-24,Münster,0,0,1,0.36,7.102,326
2025-12-01,Münster,0,0,1,0.38,7.41,326
2025-12-08,Münster,0,0,1,0.47,7.673,326
2025-12-15,Münster,0,0,1,0.36,7.234,326
2025-12-22,Münster,0,0,1,0.49,6.901,326
2024-10-07,Mannheim,0,0,0,1.4,14.671,701
2024-10-14,Mannheim,0,0,0,1.06,13.775,701
2024-10-21,Mannheim,0,0,0,0.92,14.067,701
2024-10-28,Mannheim,0,0,0,0.79,13.405,701
2024-11-04,Mannheim,0,0,0,0.93,14.0,701
2024-11-11,Mannheim,0,0,0,0.95,14.309,701
2024-11-18,Mannheim,0,0,0,0.81,13.732,701
2024-11-25,Mannheim,0,0,0,0.88,14.755,701
2024-12-02,Mannheim,0,0,0,0.76,14.214,701
2024-12-09,Mannheim,0,0,0,0.77,15.93,701
2024-12-16,Mannheim,0,0,0,0.93,14.398,701
2024-12-23,Mannheim,0,0,0,0.98,15.227,701
2024-12-30,Mannheim,0,0,0,1.26,15.716,701
2025-01-06,Mannheim,0,0,0,1.11,14.379,701
2025-01-13,Mannheim,0,0,0,1.26,14.224,701
2025-01-20,Mannheim,0,0,0,1.06,14.28,701
2025-01-27,Mannheim,0,0,0,1.16,15.073,701
2025-02-03,Mannheim,0,0,0,1.18,14.219,701
2025-02-10,Mannheim,0,0,0,1.13,14.652,701
2025-02-17,Mannheim,0,0,0,0.79,14.764,701
2025-02-24,Mannheim,0,0,0,1.27,13.863,701
2025-03-03,Mannheim,0,0,0,1.09,13.106,701
2025-03-10,Mannheim,0,0,0,0.83,12.347,701
2025-03-17,Mannheim,0,0,0,0.84,12.855,701
2025-03-24,Mannheim,0,0,0,1.18,12.999,701
2025-03-31,Mannheim,0,0,0,1.15,12.657,701
2025-04-07,Mannheim,0,0,0,1.09,11.2,701
2025-04-14,Mannheim,0,0,0,0.78,11.249,701
2025-04-21,Mannheim,0,0,0,1.09,11.548,701
2025-04-28,Mannheim,0,0,0,1.6,11.979,701
2025-05-05,Mannheim,0,0,0,1.16,10.707,701
2025-05-12,Mannheim,0,0,0,1.45,11.229,701
2025-05-19,Mannheim,0,0,0,0.81,11.302,701
2025-05-26,Mannheim,0,0,0,0.62,10.494,701
2025-06-02,Mannheim,0,0,0,0.76,10.533,701
2025-06-09,Mannheim,0,0,0,1.3,9.424,701
2025-06-16,Mannheim,0,0,0,1.46,10.899,701
2025-06-23,Mannheim,0,0,0,0.87,9.522,701
2025-06-30,Mannheim,0,0,0,1.01,9.741,701
2025-07-07,Mannheim,0,0,0,1.08,9.731,701
2025-07-14,Mannheim,0,0,0,0.98,10.568,701
2025-07-21,Mannheim,0,0,0,1.07,10.604,701
2025-07-28,Mannheim,0,0,0,1.08,10.05,701
2025-08-04,Mannheim,0,0,0,1.04,10.584,701
2025-08-11,Mannheim,0,0,0,0.94,10.902,701
2025-08-18,Mannheim,0,0,0,1.27,11.439,701
2025-08-25,Mannheim,0,0,0,1.27,11.396,701
2025-09-01,Mannheim,0,0,0,0.91,11.538,701
2025-09-08,Mannheim,0,1,0,1.13,11.69,701
2025-09-15,Mannheim,0,1,0,1.21,12.351,701
2025-09-22,Mannheim,0,1,0,1.08,12.278,701
2025-09-29,Mannheim,0,1,0,1.02,12.185,701
2025-10-06,Mannheim,0,1,0,1.25,13.036,701
2025-10-13,Mannheim,0,1,0,1.0,13.912,701
2025-10-20,Mannheim,0,1,0,0.97,14.434,701
2025-10-27,Mannheim,0,1,0,1.36,15.04,701
2025-11-03,Mannheim,0,0,1,1.09,14.129,701
2025-11-10,Mannheim,0,0,1,1.09,15.317,701
2025-11-17,Mannheim,0,0,1,0.82,15.072,701
2025-11-24,Mannheim,0,0,1,1.04,13.872,701
2025-12-01,Mannheim,0,0,1,1.33,15.902,701
2025-12-08,Mannheim,0,0,1,1.31,15.385,701
2025-12-15,Mannheim,0,0,1,1.14,16.75,701
2025-12-22,Mannheim,0,0,1,0.83,15.258,701
2024-10-07,Karlsruhe,1,0,0,1.18,13.483,718
2024-10-14,Karlsruhe,1,0,0,0.95,14.34,718
2024-10-21,Karlsruhe,1,0,0,0.81,13.877,718
2024-10-28,Karlsruhe,1,0,0,1.04,14.242,718
2024-11-04,Karlsruhe,1,0,0,1.04,14.19,718
2024-11-11,Karlsruhe,1,0,0,1.56,14.786,718
2024-11-18,Karlsruhe,1,0,0,1.29,15.14,718
2024-11-25,Karlsruhe,1,0,0,1.0,14.262,718
2024-12-02,Karlsruhe,1,0,0,0.77,15.651,718
2024-12-09,Karlsruhe,1,0,0,0.98,14.036,718
2024-12-16,Karlsruhe,1,0,0,0.92,16.246,718
2024-12-23,Karlsruhe,1,0,0,0.79,15.34,718
2024-12-30,Karlsruhe,1,0,0,1.09,14.443,718
2025-01-06,Karlsruhe,1,0,0,0.85,16.096,718
2025-01-13,Karlsruhe,1,0,0,0.85,15.798,718
2025-01-20,Karlsruhe,1,0,0,1.01,15.067,718
2025-01-27,Karlsruhe,1,0,0,0.76,15.22,718
2025-02-03,Karlsruhe,1,0,0,1.19,15.539,718
2025-02-10,Karlsruhe,1,0,0,1.26,15.861,718
2025-02-17,Karlsruhe,1,0,0,1.03,14.827,718
2025-02-24,Karlsruhe,1,0,0,1.35,13.923,718
2025-03-03,Karlsruhe,1,0,0,1.11,13.474,718
2025-03-10,Karlsruhe,1,0,0,0.97,13.514,718
2025-03-17,Karlsruhe,1,0,0,0.96,13.469,718
2025-03-24,Karlsruhe,1,0,0,1.66,14.87,718
2025-03-31,Karlsruhe,1,0,0,0.85,12.19,718
2025-04-07,Karlsruhe,1,0,0,0.72,12.991,718
2025-04-14,Karlsruhe,1,0,0,0.92,11.739,718
2025-04-21,Karlsruhe,1,0,0,1.22,11.391,718
2025-04-28,Karlsruhe,1,0,0,0.95,11.596,718
2025-05-05,Karlsruhe,1,0,0,1.01,11.47,718
2025-05-12,Karlsruhe,1,0,0,0.82,11.265,718
2025-05-19,Karlsruhe,1,0,0,0.86,11.375,718
2025-05-26,Karlsruhe,1,0,0,1.05,11.134,718
2025-06-02,Karlsruhe,1,0,0,0.64,9.523,718
2025-06-09,Karlsruhe,1,0,0,0.67,11.191,718
2025-06-16,Karlsruhe,1,0,0,1.17,11.233,718
2025-06-23,Karlsruhe,1,0,0,1.18,10.332,718
2025-06-30,Karlsruhe,1,0,0,1.07,10.585,718
2025-07-07,Karlsruhe,1,0,0,1.65,10.138,718
2025-07-14,Karlsruhe,1,0,0,1.07,9.783,718
2025-07-21,Karlsruhe,1,0,0,1.16,10.182,718
2025-07-28,Karlsruhe,1,0,0,1.26,9.728,718
2025-08-04,Karlsruhe,1,0,0,0.75,11.344,718
2025-08-11,Karlsruhe,1,0,0,0.99,11.322,718
2025-08-18,Karlsruhe,1,0,0,1.0,11.024,718
2025-08-25,Karlsruhe,1,0,0,1.11,11.759,718
2025-09-01,Karlsruhe,1,0,0,0.78,12.174,718
2025-09-08,Karlsruhe,1,1,0,2.72,13.268,718
2025-09-15,Karlsruhe,1,1,0,2.51,13.488,718
2025-09-22,Karlsruhe,1,1,0,3.06,14.152,718
2025-09-29,Karlsruhe,1,1,0,2.8,14.023,718
2025-10-06,Karlsruhe,1,1,0,2.76,14.036,718
2025-10-13,Karlsruhe,1,1,0,4.85,14.703,718
2025-10-20,Karlsruhe,1,1,0,3.81,15.341,718
2025-10-27,Karlsruhe,1,1,0,2.83,15.674,718
2025-11-03,Karlsruhe,1,0,1,1.27,16.264,718
2025-11-10,Karlsruhe,1,0,1,1.05,15.45,718
2025-11-17,Karlsruhe,1,0,1,1.16,16.068,718
2025-11-24,Karlsruhe,1,0,1,0.99,16.685,718
2025-12-01,Karlsruhe,1,0,1,1.39,16.764,718
2025-12-08,Karlsruhe,1,0,1,1.3,15.497,718
2025-12-15,Karlsruhe,1,0,1,0.8,17.278,718
2025-12-22,Karlsruhe,1,0,1,0.75,16.415,718
2024-10-07,Augsburg,1,0,0,0.82,12.324,616
2024-10-14,Augsburg,1,0,0,0.88,12.101,616
2024-10-21,Augsburg,1,0,0,0.74,13.002,616
2024-10-28,Augsburg,1,0,0,1.12,12.533,616
2024-11-04,Augsburg,1,0,0,1.06,12.284,616
2024-11-11,Augsburg,1,0,0,1.16,11.568,616
2024-11-18,Augsburg,1,0,0,0.84,11.694,616
2024-11-25,Augsburg,1,0,0,1.05,13.505,616
2024-12-02,Augsburg,1,0,0,1.32,12.43,616
2024-12-09,Augsburg,1,0,0,0.68,12.317,616
2024-12-16,Augsburg,1,0,0,1.69,13.601,616
2024-12-23,Augsburg,1,0,0,0.93,13.106,616
2024-12-30,Augsburg,1,0,0,0.96,14.023,616
2025-01-06,Augsburg,1,0,0,1.17,11.961,616
2025-01-13,Augsburg,1,0,0,1.38,12.451,616
2025-01-20,Augsburg,1,0,0,0.69,13.353,616
2025-01-27,Augsburg,1,0,0,0.77,12.849,616
2025-02-03,Augsburg,1,0,0,0.82,12.998,616
2025-02-10,Augsburg,1,0,0,0.9,12.612,616
2025-02-17,Augsburg,1,0,0,1.19,12.178,616
2025-02-24,Augsburg,1,0,0,1.57,11.461,616
2025-03-03,Augsburg,1,0,0,0.83,12.664,616
2025-03-10,Augsburg,1,0,0,0.92,12.095,616
2025-03-17,Augsburg,1,0,0,0.87,11.902,616
2025-03-24,Augsburg,1,0,0,0.84,11.118,616
2025-03-31,Augsburg,1,0,0,0.69,10.592,616
2025-04-07,Augsburg,1,0,0,0.74,10.618,616
2025-04-14,Augsburg,1,0,0,0.81,10.114,616
2025-04-21,Augsburg,1,0,0,0.54,10.834,616
2025-04-28,Augsburg,1,0,0,1.17,9.739,616
2025-05-05,Augsburg,1,0,0,0.9,9.94,616
2025-05-12,Augsburg,1,0,0,0.86,9.264,616
2025-05-19,Augsburg,1,0,0,0.95,9.742,616
2025-05-26,Augsburg,1,0,0,0.77,8.987,616
2025-06-02,Augsburg,1,0,0,1.34,8.84,616
2025-06-09,Augsburg,1,0,0,0.88,8.566,616
2025-06-16,Augsburg,1,0,0,0.92,9.146,616
2025-06-23,Augsburg,1,0,0,1.44,8.856,616
2025-06-30,Augsburg,1,0,0,0.5,8.732,616
2025-07-07,Augsburg,1,0,0,0.77,8.967,616
2025-07-14,Augsburg,1,0,0,0.81,8.179,616
2025-07-21,Augsburg,1,0,0,0.69,8.297,616
2025-07-28,Augsburg,1,0,0,0.78,8.671,616
2025-08-04,Augsburg,1,0,0,0.99,9.618,616
2025-08-11,Augsburg,1,0,0,0.94,8.964,616
2025-08-18,Augsburg,1,0,0,0.72,9.107,616
2025-08-25,Augsburg,1,0,0,0.9,10.164,616
2025-09-01,Augsburg,1,0,0,1.06,10.895,616
2025-09-08,Augsburg,1,1,0,1.56,11.084,616
2025-09-15,Augsburg,1,1,0,2.36,12.04,616
2025-09-22,Augsburg,1,1,0,2.2,12.091,616
2025-09-29,Augsburg,1,1,0,2.07,11.517,616
2025-10-06,Augsburg,1,1,0,2.94,12.926,616
2025-10-13,Augsburg,1,1,0,2.18,12.91,616
2025-10-20,Augsburg,1,1,0,2.47,12.589,616
2025-10-27,Augsburg,1,1,0,1.56,13.284,616
2025-11-03,Augsburg,1,0,1,0.96,12.562,616
2025-11-10,Augsburg,1,0,1,1.21,13.724,616
2025-11-17,Augsburg,1,0,1,1.07,13.258,616
2025-11-24,Augsburg,1,0,1,1.49,12.742,616
2025-12-01,Augsburg,1,0,1,1.5,13.196,616
2025-12-08,Augsburg,1,0,1,0.85,13.583,616
2025-12-15,Augsburg,1,0,1,0.88,14.765,616
2025-12-22,Augsburg,1,0,1,0.96,13.156,616
2024-10-07,Wiesbaden,0,0,0,2.53,43.892,2191
2024-10-14,Wiesbaden,0,0,0,3.9,40.986,2191
2024-10-21,Wiesbaden,0,0,0,2.49,49.027,2191
2024-10-28,Wiesbaden,0,0,0,2.9,43.739,2191
2024-11-04,Wiesbaden,0,0,0,2.82,44.959,2191
2024-11-11,Wiesbaden,0,0,0,2.87,45.382,2191
2024-11-18,Wiesbaden,0,0,0,3.52,43.329,2191
2024-11-25,Wiesbaden,0,0,0,3.47,44.439,2191
2024-12-02,Wiesbaden,0,0,0,2.81,45.217,2191
2024-12-09,Wiesbaden,0,0,0,3.05,43.454,2191
2024-12-16,Wiesbaden,0,0,0,3.7,48.072,2191
2024-12-23,Wiesbaden,0,0,0,3.51,46.653,2191
2024-12-30,Wiesbaden,0,0,0,3.17,46.484,2191
2025-01-06,Wiesbaden,0,0,0,4.01,45.385,2191
2025-01-13,Wiesbaden,0,0,0,4.43,48.02,2191
2025-01-20,Wiesbaden,0,0,0,2.56,48.013,2191
2025-01-27,Wiesbaden,0,0,0,2.85,46.059,2191
2025-02-03,Wiesbaden,0,0,0,3.28,42.383,2191
2025-02-10,Wiesbaden,0,0,0,3.66,46.992,2191
2025-02-17,Wiesbaden,0,0,0,3.2,40.094,2191
2025-02-24,Wiesbaden,0,0,0,4.51,39.472,2191
2025-03-03,Wiesbaden,0,0,0,3.91,42.691,2191
2025-03-10,Wiesbaden,0,0,0,3.73,38.463,2191
2025-03-17,Wiesbaden,0,0,0,3.24,40.213,2191
2025-03-24,Wiesbaden,0,0,0,4.24,39.653,2191
2025-03-31,Wiesbaden,0,0,0,3.56,39.516,2191
2025-04-07,Wiesbaden,0,0,0,4.46,35.341,2191
2025-04-14,Wiesbaden,0,0,0,3.38,37.085,2191
2025-04-21,Wiesbaden,0,0,0,3.21,37.764,2191
2025-04-28,Wiesbaden,0,0,0,3.49,34.231,2191
2025-05-05,Wiesbaden,0,0,0,3.31,35.066,2191
2025-05-12,Wiesbaden,0,0,0,2.85,31.484,2191
2025-05-19,Wiesbaden,0,0,0,3.91,32.709,2191
2025-05-26,Wiesbaden,0,0,0,3.55,34.497,2191
2025-06-02,Wiesbaden,0,0,0,4.15,31.851,2191
2025-06-09,Wiesbaden,0,0,0,3.1,33.054,2191
2025-06-16,Wiesbaden,0,0,0,2.42,31.609,2191
2025-06-23,Wiesbaden,0,0,0,3.72,30.051,2191
2025-06-30,Wiesbaden,0,0,0,2.38,29.949,2191
2025-07-07,Wiesbaden,0,0,0,2.32,28.647,2191
2025-07-14,Wiesbaden,0,0,0,2.99,27.115,2191
2025-07-21,Wiesbaden,0,0,0,2.87,30.056,2191
2025-07-28,Wiesbaden,0,0,0,3.16,30.201,2191
2025-08-04,Wiesbaden,0,0,0,3.51,31.528,2191
2025-08-11,Wiesbaden,0,0,0,2.47,33.119,2191
2025-08-18,Wiesbaden,0,0,0,2.65,35.56,2191
2025-08-25,Wiesbaden,0,0,0,2.57,36.133,2191
2025-09-01,Wiesbaden,0,0,0,2.98,34.286,2191
2025-09-08,Wiesbaden,0,1,0,3.83,37.821,2191
2025-09-15,Wiesbaden,0,1,0,4.11,35.592,2191
2025-09-22,Wiesbaden,0,1,0,4.6,36.527,2191
2025-09-29,Wiesbaden,0,1,0,3.42,37.958,2191
2025-10-06,Wiesbaden,0,1,0,3.39,42.855,2191
2025-10-13,Wiesbaden,0,1,0,3.67,40.523,2191
2025-10-20,Wiesbaden,0,1,0,2.74,42.702,2191
2025-10-27,Wiesbaden,0,1,0,3.6,45.039,2191
2025-11-03,Wiesbaden,0,0,1,4.89,46.584,2191
2025-11-10,Wiesbaden,0,0,1,3.71,48.47,2191
2025-11-17,Wiesbaden,0,0,1,3.17,44.32,2191
2025-11-24,Wiesbaden,0,0,1,3.28,46.885,2191
2025-12-01,Wiesbaden,0,0,1,3.52,44.72,2191
2025-12-08,Wiesbaden,0,0,1,3.57,45.986,2191
2025-12-15,Wiesbaden,0,0,1,3.66,48.738,2191
2025-12-22,Wiesbaden,0,0,1,2.41,47.463,2191
2024-10-07,Mönchengladbach,0,0,0,0.37,5.582,283
2024-10-14,Mönchengladbach,0,0,0,0.63,5.245,283
2024-10-21,Mönchengladbach,0,0,0,0.46,5.676,283
2024-10-28,Mönchengladbach,0,0,0,0.54,5.691,283
2024-11-04,Mönchengladbach,0,0,0,0.53,5.779,283
2024-11-11,Mönchengladbach,0,0,0,0.51,5.432,283
2024-11-18,Mönchengladbach,0,0,0,0.31,5.671,283
2024-11-25,Mönchengladbach,0,0,0,0.34,5.871,283
2024-12-02,Mönchengladbach,0,0,0,0.42,6.023,283
2024-12-09,Mönchengladbach,0,0,0,0.54,6.339,283
2024-12-16,Mönchengladbach,0,0,0,0.51,6.093,283
2024-12-23,Mönchengladbach,0,0,0,0.45,6.189,283
2024-12-30,Mönchengladbach,0,0,0,0.53,5.909,283
2025-01-06,Mönchengladbach,0,0,0,0.44,5.939,283
2025-01-13,Mönchengladbach,0,0,0,0.54,5.915,283
2025-01-20,Mönchengladbach,0,0,0,0.4,6.06,283
2025-01-27,Mönchengladbach,0,0,0,0.33,5.685,283
2025-02-03,Mönchengladbach,0,0,0,0.31,5.501,283
2025-02-10,Mönchengladbach,0,0,0,0.32,5.794,283
2025-02-17,Mönchengladbach,0,0,0,0.37,5.522,283
2025-02-24,Mönchengladbach,0,0,0,0.37,5.501,283
2025-03-03,Mönchengladbach,0,0,0,0.47,5.608,283
2025-03-10,Mönchengladbach,0,0,0,0.29,5.079,283
2025-03-17,Mönchengladbach,0,0,0,0.37,5.037,283
2025-03-24,Mönchengladbach,0,0,0,0.36,5.054,283
2025-03-31,Mönchengladbach,0,0,0,0.31,5.242,283
2025-04-07,Mönchengladbach,0,0,0,0.33,4.792,283
2025-04-14,Mönchengladbach,0,0,0,0.4,4.733,283
2025-04-21,Mönchengladbach,0,0,0,0.37,4.694,283
2025-04-28,Mönchengladbach,0,0,0,0.58,4.8,283
2025-05-05,Mönchengladbach,0,0,0,0.53,4.342,283
2025-05-12,Mönchengladbach,0,0,0,0.44,4.655,283
2025-05-19,Mönchengladbach,0,0,0,0.53,4.364,283
2025-05-26,Mönchengladbach,0,0,0,0.36,4.059,283
2025-06-02,Mönchengladbach,0,0,0,0.41,4.012,283
2025-06-09,Mönchengladbach,0,0,0,0.5,4.021,283
2025-06-16,Mönchengladbach,0,0,0,0.42,3.928,283
2025-06-23,Mönchengladbach,0,0,0,0.56,3.729,283
2025-06-30,Mönchengladbach,0,0,0,0.48,3.814,283
2025-07-07,Mönchengladbach,0,0,0,0.29,3.807,283
2025-07-14,Mönchengladbach,0,0,0,0.46,4.195,283
2025-07-21,Mönchengladbach,0,0,0,0.35,4.15,283
2025-07-28,Mönchengladbach,0,0,0,0.36,4.041,283
2025-08-04,Mönchengladbach,0,0,0,0.45,4.231,283
2025-08-11,Mönchengladbach,0,0,0,0.63,4.237,283
2025-08-18,Mönchengladbach,0,0,0,0.7,4.618,283
2025-08-25,Mönchengladbach,0,0,0,0.38,4.772,283
2025-09-01,Mönchengladbach,0,0,0,0.38,4.783,283
2025-09-08,Mönchengladbach,0,1,0,0.32,4.68,283
2025-09-15,Mönchengladbach,0,1,0,0.32,5.101,283
2025-09-22,Mönchengladbach,0,1,0,0.39,5.314,283
2025-09-29,Mönchengladbach,0,1,0,0.48,4.857,283
2025-10-06,Mönchengladbach,0,1,0,0.39,5.342,283
2025-10-13,Mönchengladbach,0,1,0,0.53,5.415,283
2025-10-20,Mönchengladbach,0,1,0,0.43,5.714,283
2025-10-27,Mönchengladbach,0,1,0,0.51,5.528,283
2025-11-03,Mönchengladbach,0,0,1,0.35,5.526,283
2025-11-10,Mönchengladbach,0,0,1,0.35,6.146,283
2025-11-17,Mönchengladbach,0,0,1,0.35,6.201,283
2025-11-24,Mönchengladbach,0,0,1,0.49,6.538,283
2025-12-01,Mönchengladbach,0,0,1,0.45,6.122,283
2025-12-08,Mönchengladbach,0,0,1,0.27,6.176,283
2025-12-15,Mönchengladbach,0,0,1,0.38,6.897,283
2025-12-22,Mönchengladbach,0,0,1,0.43,6.23,283
2024-10-07,Gelsenkirchen,0,0,0,4.18,34.27,1713
2024-10-14,Gelsenkirchen,0,0,0,2.11,33.871,1713
2024-10-21,Gelsenkirchen,0,0,0,1.58,31.815,1713
2024-10-28,Gelsenkirchen,0,0,0,2.83,32.703,1713
2024-11-04,Gelsenkirchen,0,0,0,2.03,34.042,1713
2024-11-11,Gelsenkirchen,0,0,0,2.93,34.592,1713
2024-11-18,Gelsenkirchen,0,0,0,2.4,36.138,1713
2024-11-25,Gelsenkirchen,0,0,0,2.58,34.496,1713
2024-12-02,Gelsenkirchen,0,0,0,2.05,35.955,1713
2024-12-09,Gelsenkirchen,0,0,0,1.9,36.471,1713
2024-12-16,Gelsenkirchen,0,0,0,2.47,38.136,1713
2024-12-23,Gelsenkirchen,0,0,0,2.21,34.764,1713
2024-12-30,Gelsenkirchen,0,0,0,1.95,36.365,1713
2025-01-06,Gelsenkirchen,0,0,0,2.36,37.465,1713
2025-01-13,Gelsenkirchen,0,0,0,2.34,32.804,1713
2025-01-20,Gelsenkirchen,0,0,0,2.95,35.757,1713
2025-01-27,Gelsenkirchen,0,0,0,3.14,35.499,1713
2025-02-03,Gelsenkirchen,0,0,0,2.31,33.352,1713
2025-02-10,Gelsenkirchen,0,0,0,2.35,34.482,1713
2025-02-17,Gelsenkirchen,0,0,0,2.04,34.604,1713
2025-02-24,Gelsenkirchen,0,0,0,1.98,33.841,1713
2025-03-03,Gelsenkirchen,0,0,0,2.67,31.171,1713
2025-03-10,Gelsenkirchen,0,0,0,2.51,32.095,1713
2025-03-17,Gelsenkirchen,0,0,0,2.64,31.638,1713
2025-03-24,Gelsenkirchen,0,0,0,2.96,30.017,1713
2025-03-31,Gelsenkirchen,0,0,0,3.1,28.664,1713
2025-04-07,Gelsenkirchen,0,0,0,2.46,31.684,1713
2025-04-14,Gelsenkirchen,0,0,0,2.92,29.217,1713
2025-04-21,Gelsenkirchen,0,0,0,1.97,29.635,1713
2025-04-28,Gelsenkirchen,0,0,0,3.72,27.916,1713
2025-05-05,Gelsenkirchen,0,0,0,2.81,28.768,1713
2025-05-12,Gelsenkirchen,0,0,0,1.74,25.199,1713
2025-05-19,Gelsenkirchen,0,0,0,2.41,24.544,1713
2025-05-26,Gelsenkirchen,0,0,0,1.93,25.391,1713
2025-06-02,Gelsenkirchen,0,0,0,2.37,24.784,1713
2025-06-09,Gelsenkirchen,0,0,0,1.92,23.201,1713
2025-06-16,Gelsenkirchen,0,0,0,2.8,21.966,1713
2025-06-23,Gelsenkirchen,0,0,0,2.31,24.478,1713
2025-06-30,Gelsenkirchen,0,0,0,2.41,23.743,1713
2025-07-07,Gelsenkirchen,0,0,0,2.41,23.785,1713
2025-07-14,Gelsenkirchen,0,0,0,2.33,22.293,1713
2025-07-21,Gelsenkirchen,0,0,0,1.9,24.929,1713
2025-07-28,Gelsenkirchen,0,0,0,3.64,25.289,1713
2025-08-04,Gelsenkirchen,0,0,0,1.94,26.08,1713
2025-08-11,Gelsenkirchen,0,0,0,2.37,26.763,1713
2025-08-18,Gelsenkirchen,0,0,0,3.36,27.952,1713
2025-08-25,Gelsenkirchen,0,0,0,1.85,27.469,1713
2025-09-01,Gelsenkirchen,0,0,0,2.33,27.379,1713
2025-09-08,Gelsenkirchen,0,1,0,2.62,27.182,1713
2025-09-15,Gelsenkirchen,0,1,0,2.47,31.085,1713
2025-09-22,Gelsenkirchen,0,1,0,2.78,32.129,1713
2025-09-29,Gelsenkirchen,0,1,0,2.89,33.721,1713
2025-10-06,Gelsenkirchen,0,1,0,3.02,32.863,1713
2025-10-13,Gelsenkirchen,0,1,0,2.31,31.123,1713
2025-10-20,Gelsenkirchen,0,1,0,2.2,35.701,1713
2025-10-27,Gelsenkirchen,0,1,0,3.59,34.244,1713
2025-11-03,Gelsenkirchen,0,0,1,2.43,37.227,1713
2025-11-10,Gelsenkirchen,0,0,1,2.63,36.591,1713
2025-11-17,Gelsenkirchen,0,0,1,3.73,34.224,1713
2025-11-24,Gelsenkirchen,0,0,1,3.71,36.009,1713
2025-12-01,Gelsenkirchen,0,0,1,2.54,39.768,1713
2025-12-08,Gelsenkirchen,0,0,1,2.21,37.929,1713
2025-12-15,Gelsenkirchen,0,0,1,2.38,38.386,1713
2025-12-22,Gelsenkirchen,0,0,1,1.74,40.104,1713
2024-10-07,Aachen,0,0,0,1.29,14.371,774
2024-10-14,Aachen,0,0,0,0.95,15.077,774
2024-10-21,Aachen,0,0,0,1.48,15.778,774
2024-10-28,Aachen,0,0,0,1.06,14.307,774
2024-11-04,Aachen,0,0,0,0.89,15.155,774
2024-11-11,Aachen,0,0,0,1.11,14.916,774
2024-11-18,Aachen,0,0,0,1.15,15.234,774
2024-11-25,Aachen,0,0,0,1.23,15.564,774
2024-12-02,Aachen,0,0,0,0.94,16.524,774
2024-12-09,Aachen,0,0,0,1.38,16.431,774
2024-12-16,Aachen,0,0,0,0.88,17.107,774
2024-12-23,Aachen,0,0,0,1.1,15.703,774
2024-12-30,Aachen,0,0,0,0.8,16.355,774
2025-01-06,Aachen,0,0,0,1.17,16.577,774
2025-01-13,Aachen,0,0,0,0.91,15.82,774
2025-01-20,Aachen,0,0,0,1.44,16.693,774
2025-01-27,Aachen,0,0,0,0.88,15.069,774
2025-02-03,Aachen,0,0,0,1.17,15.217,774
2025-02-10,Aachen,0,0,0,1.25,15.217,774
2025-02-17,Aachen,0,0,0,1.27,15.515,774
2025-02-24,Aachen,0,0,0,0.96,15.315,774
2025-03-03,Aachen,0,0,0,0.92,15.283,774
2025-03-10,Aachen,0,0,0,1.07,14.115,774
2025-03-17,Aachen,0,0,0,1.47,14.969,774
2025-03-24,Aachen,0,0,0,0.85,14.127,774
2025-03-31,Aachen,0,0,0,1.29,13.731,774
2025-04-07,Aachen,0,0,0,1.4,13.461,774
2025-04-14,Aachen,0,0,0,1.0,13.474,774
2025-04-21,Aachen,0,0,0,1.51,13.06,774
2025-04-28,Aachen,0,0,0,0.88,11.666,774
2025-05-05,Aachen,0,0,0,1.06,12.3,774
2025-05-12,Aachen,0,0,0,1.13,11.897,774
2025-05-19,Aachen,0,0,0,0.92,12.657,774
2025-05-26,Aachen,0,0,0,1.34,11.701,774
2025-06-02,Aachen,0,0,0,1.25,11.603,774
2025-06-09,Aachen,0,0,0,1.2,10.929,774
2025-06-16,Aachen,0,0,0,1.0,10.807,774
2025-06-23,Aachen,0,0,0,0.96,11.392,774
2025-06-30,Aachen,0,0,0,1.01,10.334,774
2025-07-07,Aachen,0,0,0,1.4,10.872,774
2025-07-14,Aachen,0,0,0,1.01,10.176,774
2025-07-21,Aachen,0,0,0,0.79,10.832,774
2025-07-28,Aachen,0,0,0,1.56,10.862,774
2025-08-04,Aachen,0,0,0,1.29,11.929,774
2025-08-11,Aachen,0,0,0,1.49,12.548,774
2025-08-18,Aachen,0,0,0,1.51,11.509,774
2025-08-25,Aachen,0,0,0,0.72,12.08,774
2025-09-01,Aachen,0,0,0,1.01,13.408,774
2025-09-08,Aachen,0,1,0,1.16,13.595,774
2025-09-15,Aachen,0,1,0,1.02,14.6,774
2025-09-22,Aachen,0,1,0,0.88,15.106,774
2025-09-29,Aachen,0,1,0,0.89,13.802,774
2025-10-06,Aachen,0,1,0,0.71,14.625,774
2025-10-13,Aachen,0,1,0,1.3,14.387,774
2025-10-20,Aachen,0,1,0,1.47,15.029,774
2025-10-27,Aachen,0,1,0,1.44,15.608,774
2025-11-03,Aachen,0,0,1,0.99,16.545,774
2025-11-10,Aachen,0,0,1,1.23,16.709,774
2025-11-17,Aachen,0,0,1,1.42,15.589,774
2025-11-24,Aachen,0,0,1,1.06,17.6,774
2025-12-01,Aachen,0,0,1,1.02,15.993,774
2025-12-08,Aachen,0,0,1,1.22,16.32,774
2025-12-15,Aachen,0,0,1,1.19,17.189,774
2025-12-22,Aachen,0,0,1,0.84,17.301,774
2024-10-07,Braunschweig,0,0,0,1.5,18.614,976
2024-10-14,Braunschweig,0,0,0,1.53,19.303,976
2024-10-21,Braunschweig,0,0,0,1.74,17.934,976
2024-10-28,Braunschweig,0,0,0,1.11,20.249,976
2024-11-04,Braunschweig,0,0,0,1.62,20.036,976
2024-11-11,Braunschweig,0,0,0,1.34,18.823,976
2024-11-18,Braunschweig,0,0,0,1.39,18.233,976
2024-11-25,Braunschweig,0,0,0,1.28,19.666,976
2024-12-02,Braunschweig,0,0,0,0.99,20.962,976
2024-12-09,Braunschweig,0,0,0,1.37,19.118,976
2024-12-16,Braunschweig,0,0,0,1.71,18.983,976
2024-12-23,Braunschweig,0,0,0,1.79,20.472,976
2024-12-30,Braunschweig,0,0,0,1.59,19.461,976
2025-01-06,Braunschweig,0,0,0,1.24,19.963,976
2025-01-13,Braunschweig,0,0,0,1.33,20.025,976
2025-01-20,Braunschweig,0,0,0,1.02,19.895,976
2025-01-27,Braunschweig,0,0,0,1.42,19.225,976
2025-02-03,Braunschweig,0,0,0,1.47,20.03,976
2025-02-10,Braunschweig,0,0,0,1.72,19.552,976
2025-02-17,Braunschweig,0,0,0,1.4,18.451,976
2025-02-24,Braunschweig,0,0,0,1.71,18.251,976
2025-03-03,Braunschweig,0,0,0,1.84,19.223,976
2025-03-10,Braunschweig,0,0,0,1.7,18.935,976
2025-03-17,Braunschweig,0,0,0,1.58,17.76,976
2025-03-24,Braunschweig,0,0,0,1.41,18.525,976
2025-03-31,Braunschweig,0,0,0,1.01,17.482,976
2025-04-07,Braunschweig,0,0,0,1.03,16.883,976
2025-04-14,Braunschweig,0,0,0,0.92,16.751,976
2025-04-21,Braunschweig,0,0,0,1.47,16.344,976
2025-04-28,Braunschweig,0,0,0,1.33,15.794,976
2025-05-05,Braunschweig,0,0,0,1.8,14.81,976
2025-05-12,Braunschweig,0,0,0,1.77,15.93,976
2025-05-19,Braunschweig,0,0,0,1.51,13.436,976
2025-05-26,Braunschweig,0,0,0,1.07,14.14,976
2025-06-02,Braunschweig,0,0,0,1.58,13.621,976
2025-06-09,Braunschweig,0,0,0,0.94,13.754,976
2025-06-16,Braunschweig,0,0,0,1.2,13.738,976
2025-06-23,Braunschweig,0,0,0,1.58,13.838,976
2025-06-30,Braunschweig,0,0,0,1.64,13.51,976
2025-07-07,Braunschweig,0,0,0,1.67,13.502,976
2025-07-14,Braunschweig,0,0,0,1.55,14.611,976
2025-07-21,Braunschweig,0,0,0,0.99,13.79,976
2025-07-28,Braunschweig,0,0,0,1.22,13.834,976
2025-08-04,Braunschweig,0,0,0,1.38,14.567,976
2025-08-11,Braunschweig,0,0,0,1.0,14.84,976
2025-08-18,Braunschweig,0,0,0,1.47,15.26,976
2025-08-25,Braunschweig,0,0,0,1.26,15.315,976
2025-09-01,Braunschweig,0,0,0,1.79,16.307,976
2025-09-08,Braunschweig,0,1,0,1.32,17.304,976
2025-09-15,Braunschweig,0,1,0,1.74,18.385,976
2025-09-22,Braunschweig,0,1,0,2.35,17.367,976
2025-09-29,Braunschweig,0,1,0,1.39,18.103,976
2025-10-06,Braunschweig,0,1,0,1.41,18.435,976
2025-10-13,Braunschweig,0,1,0,1.76,18.199,976
2025-10-20,Braunschweig,0,1,0,1.09,20.121,976
2025-10-27,Braunschweig,0,1,0,2.1,17.798,976
2025-11-03,Braunschweig,0,0,1,1.09,19.911,976
2025-11-10,Braunschweig,0,0,1,1.27,20.759,976
2025-11-17,Braunschweig,0,0,1,1.55,20.764,976
2025-11-24,Braunschweig,0,0,1,1.21,19.926,976
2025-12-01,Braunschweig,0,0,1,1.62,20.368,976
2025-12-08,Braunschweig,0,0,1,1.75,21.08,976
2025-12-15,Braunschweig,0,0,1,1.48,21.824,976
2025-12-22,Braunschweig,0,0,1,1.65,21.775,976
2024-10-07,Chemnitz,0,0,0,1.66,15.767,838
2024-10-14,Chemnitz,0,0,0,1.65,16.471,838
2024-10-21,Chemnitz,0,0,0,1.44,14.982,838
2024-10-28,Chemnitz,0,0,0,0.87,16.884,838
2024-11-04,Chemnitz,0,0,0,1.28,16.742,838
2024-11-11,Chemnitz,0,0,0,1.32,17.329,838
2024-11-18,Chemnitz,0,0,0,1.48,16.656,838
2024-11-25,Chemnitz,0,0,0,0.95,17.005,838
2024-12-02,Chemnitz,0,0,0,1.65,16.351,838
2024-12-09,Chemnitz,0,0,0,1.18,17.612,838
2024-12-16,Chemnitz,0,0,0,1.18,17.35,838
2024-12-23,Chemnitz,0,0,0,1.48,17.6,838
2024-12-30,Chemnitz,0,0,0,1.21,19.487,838
2025-01-06,Chemnitz,0,0,0,1.35,18.029,838
2025-01-13,Chemnitz,0,0,0,1.29,17.161,838
2025-01-20,Chemnitz,0,0,0,1.23,16.899,838
2025-01-27,Chemnitz,0,0,0,1.21,17.445,838
2025-02-03,Chemnitz,0,0,0,1.19,18.089,838
2025-02-10,Chemnitz,0,0,0,0.97,18.169,838
2025-02-17,Chemnitz,0,0,0,1.01,15.536,838
2025-02-24,Chemnitz,0,0,0,1.41,15.842,838
2025-03-03,Chemnitz,0,0,0,1.0,15.484,838
2025-03-10,Chemnitz,0,0,0,1.22,15.285,838
2025-03-17,Chemnitz,0,0,0,1.49,15.21,838
2025-03-24,Chemnitz,0,0,0,0.98,16.139,838
2025-03-31,Chemnitz,0,0,0,0.92,15.125,838
2025-04-07,Chemnitz,0,0,0,1.13,14.78,838
2025-04-14,Chemnitz,0,0,0,1.27,13.746,838
2025-04-21,Chemnitz,0,0,0,1.21,14.405,838
2025-04-28,Chemnitz,0,0,0,1.09,12.931,838
2025-05-05,Chemnitz,0,0,0,0.89,13.046,838
2025-05-12,Chemnitz,0,0,0,1.36,12.2,838
2025-05-19,Chemnitz,0,0,0,1.28,12.405,838
2025-05-26,Chemnitz,0,0,0,1.09,12.14,838
2025-06-02,Chemnitz,0,0,0,1.05,11.482,838
2025-06-09,Chemnitz,0,0,0,2.04,12.368,838
2025-06-16,Chemnitz,0,0,0,1.32,11.4,838
2025-06-23,Chemnitz,0,0,0,1.25,11.93,838
2025-06-30,Chemnitz,0,0,0,1.09,11.727,838
2025-07-07,Chemnitz,0,0,0,2.05,11.996,838
2025-07-14,Chemnitz,0,0,0,1.3,11.03,838
2025-07-21,Chemnitz,0,0,0,0.98,10.577,838
2025-07-28,Chemnitz,0,0,0,1.42,11.954,838
2025-08-04,Chemnitz,0,0,0,1.01,11.154,838
2025-08-11,Chemnitz,0,0,0,1.16,12.774,838
2025-08-18,Chemnitz,0,0,0,1.58,13.893,838
2025-08-25,Chemnitz,0,0,0,1.39,13.345,838
2025-09-01,Chemnitz,0,0,0,1.13,14.703,838
2025-09-08,Chemnitz,0,1,0,1.61,15.101,838
2025-09-15,Chemnitz,0,1,0,1.39,14.547,838
2025-09-22,Chemnitz,0,1,0,1.02,14.998,838
2025-09-29,Chemnitz,0,1,0,0.95,15.396,838
2025-10-06,Chemnitz,0,1,0,1.43,16.956,838
2025-10-13,Chemnitz,0,1,0,1.57,15.643,838
2025-10-20,Chemnitz,0,1,0,1.38,16.626,838
2025-10-27,Chemnitz,0,1,0,1.1,17.244,838
2025-11-03,Chemnitz,0,0,1,1.01,18.205,838
2025-11-10,Chemnitz,0,0,1,0.92,17.725,838
2025-11-17,Chemnitz,0,0,1,1.28,17.264,838
2025-11-24,Chemnitz,0,0,1,1.24,17.55,838
2025-12-01,Chemnitz,0,0,1,1.04,17.845,838
2025-12-08,Chemnitz,0,0,1,1.17,18.533,838
2025-12-15,Chemnitz,0,0,1,1.36,18.094,838
2025-12-22,Chemnitz,0,0,1,1.18,16.89,838
2024-10-07,Kiel,0,0,0,2.18,31.857,1726
2024-10-14,Kiel,0,0,0,2.52,33.893,1726
2024-10-21,Kiel,0,0,0,2.38,34.33,1726
2024-10-28,Kiel,0,0,0,2.81,35.78,1726
2024-11-04,Kiel,0,0,0,2.5,37.94,1726
2024-11-11,Kiel,0,0,0,1.93,33.222,1726
2024-11-18,Kiel,0,0,0,2.54,35.949,1726
2024-11-25,Kiel,0,0,0,2.57,35.11,1726
2024-12-02,Kiel,0,0,0,2.36,34.719,1726
2024-12-09,Kiel,0,0,0,1.58,38.289,1726
2024-12-16,Kiel,0,0,0,2.06,36.669,1726
2024-12-23,Kiel,0,0,0,2.27,37.864,1726
2024-12-30,Kiel,0,0,0,3.64,38.013,1726
2025-01-06,Kiel,0,0,0,2.03,37.763,1726
2025-01-13,Kiel,0,0,0,2.49,35.722,1726
2025-01-20,Kiel,0,0,0,2.04,35.3,1726
2025-01-27,Kiel,0,0,0,2.13,35.352,1726
2025-02-03,Kiel,0,0,0,2.13,36.972,1726
2025-02-10,Kiel,0,0,0,1.9,36.483,1726
2025-02-17,Kiel,0,0,0,3.34,32.23,1726
2025-02-24,Kiel,0,0,0,3.48,32.353,1726
2025-03-03,Kiel,0,0,0,2.96,32.985,1726
2025-03-10,Kiel,0,0,0,2.35,31.123,1726
2025-03-17,Kiel,0,0,0,3.16,33.405,1726
2025-03-24,Kiel,0,0,0,2.52,33.139,1726
2025-03-31,Kiel,0,0,0,2.57,29.536,1726
2025-04-07,Kiel,0,0,0,2.22,29.658,1726
2025-04-14,Kiel,0,0,0,2.96,28.533,1726
2025-04-21,Kiel,0,0,0,2.79,27.579,1726
2025-04-28,Kiel,0,0,0,2.2,27.058,1726
2025-05-05,Kiel,0,0,0,3.16,26.37,1726
2025-05-12,Kiel,0,0,0,2.08,26.694,1726
2025-05-19,Kiel,0,0,0,2.62,27.236,1726
2025-05-26,Kiel,0,0,0,2.66,25.634,1726
2025-06-02,Kiel,0,0,0,3.79,23.311,1726
2025-06-09,Kiel,0,0,0,1.99,25.23,1726
2025-06-16,Kiel,0,0,0,2.35,25.096,1726
2025-06-23,Kiel,0,0,0,2.27,24.565,1726
2025-06-30,Kiel,0,0,0,2.53,24.393,1726
2025-07-07,Kiel,0,0,0,2.23,23.845,1726
2025-07-14,Kiel,0,0,0,2.54,22.01,1726
2025-07-21,Kiel,0,0,0,1.85,23.831,1726
2025-07-28,Kiel,0,0,0,2.67,23.281,1726
2025-08-04,Kiel,0,0,0,2.26,24.842,1726
2025-08-11,Kiel,0,0,0,1.43,26.582,1726
2025-08-18,Kiel,0,0,0,2.0,28.928,1726
2025-08-25,Kiel,0,0,0,3.03,29.957,1726
2025-09-01,Kiel,0,0,0,3.03,27.777,1726
2025-09-08,Kiel,0,1,0,4.28,29.001,1726
2025-09-15,Kiel,0,1,0,2.12,31.228,1726
2025-09-22,Kiel,0,1,0,1.86,32.647,1726
2025-09-29,Kiel,0,1,0,3.12,33.273,1726
2025-10-06,Kiel,0,1,0,2.15,33.743,1726
2025-10-13,Kiel,0,1,0,2.89,35.553,1726
2025-10-20,Kiel,0,1,0,3.09,35.523,1726
2025-10-27,Kiel,0,1,0,1.78,36.754,1726
2025-11-03,Kiel,0,0,1,3.56,35.034,1726
2025-11-10,Kiel,0,0,1,2.44,35.285,1726
2025-11-17,Kiel,0,0,1,3.03,37.034,1726
2025-11-24,Kiel,0,0,1,4.07,37.134,1726
2025-12-01,Kiel,0,0,1,3.96,36.606,1726
2025-12-08,Kiel,0,0,1,2.13,36.966,1726
2025-12-15,Kiel,0,0,1,2.93,40.135,1726
2025-12-22,Kiel,0,0,1,2.37,39.94,1726
2024-10-07,Halle,0,0,0,0.68,10.039,545
2024-10-14,Halle,0,0,0,0.67,10.665,545
2024-10-21,Halle,0,0,0,0.62,10.597,545
2024-10-28,Halle,0,0,0,0.82,11.046,545
2024-11-04,Halle,0,0,0,0.88,11.332,545
2024-11-11,Halle,0,0,0,0.94,10.946,545
2024-11-18,Halle,0,0,0,0.81,10.729,545
2024-11-25,Halle,0,0,0,0.9,11.112,545
2024-12-02,Halle,0,0,0,0.66,11.716,545
2024-12-09,Halle,0,0,0,0.9,11.443,545
2024-12-16,Halle,0,0,0,0.85,11.484,545
2024-12-23,Halle,0,0,0,0.7,11.515,545
2024-12-30,Halle,0,0,0,0.85,11.228,545
2025-01-06,Halle,0,0,0,0.66,10.888,545
2025-01-13,Halle,0,0,0,1.19,11.544,545
2025-01-20,Halle,0,0,0,0.94,11.722,545
2025-01-27,Halle,0,0,0,0.85,11.232,545
2025-02-03,Halle,0,0,0,0.72,11.143,545
2025-02-10,Halle,0,0,0,1.11,11.295,545
2025-02-17,Halle,0,0,0,0.84,11.604,545
2025-02-24,Halle,0,0,0,0.98,10.016,545
2025-03-03,Halle,0,0,0,0.76,11.007,545
2025-03-10,Halle,0,0,0,1.0,10.638,545
2025-03-17,Halle,0,0,0,0.69,10.203,545
2025-03-24,Halle,0,0,0,0.94,9.613,545
2025-03-31,Halle,0,0,0,0.89,9.548,545
2025-04-07,Halle,0,0,0,0.75,9.776,545
2025-04-14,Halle,0,0,0,0.86,9.307,545
2025-04-21,Halle,0,0,0,0.91,9.095,545
2025-04-28,Halle,0,0,0,0.66,8.461,545
2025-05-05,Halle,0,0,0,0.75,8.472,545
2025-05-12,Halle,0,0,0,0.82,8.431,545
2025-05-19,Halle,0,0,0,0.79,8.57,545
2025-05-26,Halle,0,0,0,0.63,8.353,545
2025-06-02,Halle,0,0,0,0.69,7.529,545
2025-06-09,Halle,0,0,0,0.62,7.653,545
2025-06-16,Halle,0,0,0,0.8,7.412,545
2025-06-23,Halle,0,0,0,0.78,7.679,545
2025-06-30,Halle,0,0,0,0.8,7.27,545
2025-07-07,Halle,0,0,0,0.74,7.164,545
2025-07-14,Halle,0,0,0,0.71,8.009,545
2025-07-21,Halle,0,0,0,0.51,7.971,545
2025-07-28,Halle,0,0,0,1.08,7.667,545
2025-08-04,Halle,0,0,0,0.66,7.708,545
2025-08-11,Halle,0,0,0,0.66,8.202,545
2025-08-18,Halle,0,0,0,0.64,8.435,545
2025-08-25,Halle,0,0,0,0.74,8.719,545
2025-09-01,Halle,0,0,0,0.7,8.27,545
2025-09-08,Halle,0,1,0,0.88,9.213,545
2025-09-15,Halle,0,1,0,0.95,9.705,545
2025-09-22,Halle,0,1,0,0.76,9.988,545
2025-09-29,Halle,0,1,0,0.81,9.55,545
2025-10-06,Halle,0,1,0,0.78,10.175,545
2025-10-13,Halle,0,1,0,0.81,10.631,545
2025-10-20,Halle,0,1,0,0.9,10.38,545
2025-10-27,Halle,0,1,0,0.83,11.036,545
2025-11-03,Halle,0,0,1,0.8,11.357,545
2025-11-10,Halle,0,0,1,0.81,10.871,545
2025-11-17,Halle,0,0,1,0.94,11.816,545
2025-11-24,Halle,0,0,1,0.94,10.617,545
2025-12-01,Halle,0,0,1,1.12,11.896,545
2025-12-08,Halle,0,0,1,0.74,10.881,545
2025-12-15,Halle,0,0,1,0.68,12.026,545
2025-12-22,Halle,0,0,1,0.97,12.199,545
2024-10-07,Magdeburg,0,0,0,0.55,7.446,393
2024-10-14,Magdeburg,0,0,0,0.51,7.134,393
2024-10-21,Magdeburg,0,0,0,0.43,7.7,393
2024-10-28,Magdeburg,0,0,0,0.49,7.476,393
2024-11-04,Magdeburg,0,0,0,0.53,8.27,393
2024-11-11,Magdeburg,0,0,0,0.74,7.73,393
2024-11-18,Magdeburg,0,0,0,0.64,8.205,393
2024-11-25,Magdeburg,0,0,0,0.57,8.429,393
2024-12-02,Magdeburg,0,0,0,0.58,8.026,393
2024-12-09,Magdeburg,0,0,0,0.6,8.122,393
2024-12-16,Magdeburg,0,0,0,0.74,8.456,393
2024-12-23,Magdeburg,0,0,0,0.55,8.006,393
2024-12-30,Magdeburg,0,0,0,0.69,8.539,393
2025-01-06,Magdeburg,0,0,0,0.59,8.131,393
2025-01-13,Magdeburg,0,0,0,0.41,8.125,393
2025-01-20,Magdeburg,0,0,0,0.45,8.965,393
2025-01-27,Magdeburg,0,0,0,0.5,8.098,393
2025-02-03,Magdeburg,0,0,0,0.67,8.263,393
2025-02-10,Magdeburg,0,0,0,0.39,7.62,393
2025-02-17,Magdeburg,0,0,0,0.43,7.76,393
2025-02-24,Magdeburg,0,0,0,0.62,7.889,393
2025-03-03,Magdeburg,0,0,0,0.74,7.607,393
2025-03-10,Magdeburg,0,0,0,0.48,7.565,393
2025-03-17,Magdeburg,0,0,0,0.66,7.271,393
2025-03-24,Magdeburg,0,0,0,0.39,7.583,393
2025-03-31,Magdeburg,0,0,0,0.62,6.611,393
2025-04-07,Magdeburg,0,0,0,0.59,6.803,393
2025-04-14,Magdeburg,0,0,0,0.55,6.724,393
2025-04-21,Magdeburg,0,0,0,0.53,6.624,393
2025-04-28,Magdeburg,0,0,0,0.56,6.428,393
2025-05-05,Magdeburg,0,0,0,0.62,6.239,393
2025-05-12,Magdeburg,0,0,0,0.52,6.076,393
2025-05-19,Magdeburg,0,0,0,0.58,5.715,393
2025-05-26,Magdeburg,0,0,0,0.59,5.817,393
2025-06-02,Magdeburg,0,0,0,0.61,5.264,393
2025-06-09,Magdeburg,0,0,0,0.48,5.561,393
2025-06-16,Magdeburg,0,0,0,0.7,5.65,393
2025-06-23,Magdeburg,0,0,0,0.74,4.962,393
2025-06-30,Magdeburg,0,0,0,0.6,5.724,393
2025-07-07,Magdeburg,0,0,0,0.68,5.067,393
2025-07-14,Magdeburg,0,0,0,0.64,5.228,393
2025-07-21,Magdeburg,0,0,0,0.75,5.502,393
2025-07-28,Magdeburg,0,0,0,0.52,5.634,393
2025-08-04,Magdeburg,0,0,0,0.6,5.899,393
2025-08-11,Magdeburg,0,0,0,0.51,5.909,393
2025-08-18,Magdeburg,0,0,0,0.76,5.856,393
2025-08-25,Magdeburg,0,0,0,0.72,6.387,393
2025-09-01,Magdeburg,0,0,0,0.71,6.431,393
2025-09-08,Magdeburg,0,1,0,0.78,6.508,393
2025-09-15,Magdeburg,0,1,0,0.49,6.989,393
2025-09-22,Magdeburg,0,1,0,0.46,7.262,393
2025-09-29,Magdeburg,0,1,0,0.54,7.549,393
2025-10-06,Magdeburg,0,1,0,0.71,7.094,393
2025-10-13,Magdeburg,0,1,0,0.75,7.571,393
2025-10-20,Magdeburg,0,1,0,0.52,7.751,393
2025-10-27,Magdeburg,0,1,0,0.55,8.201,393
2025-11-03,Magdeburg,0,0,1,0.58,8.087,393
2025-11-10,Magdeburg,0,0,1,0.55,7.536,393
2025-11-17,Magdeburg,0,0,1,0.37,7.9,393
2025-11-24,Magdeburg,0,0,1,0.61,8.178,393
2025-12-01,Magdeburg,0,0,1,0.55,8.193,393
2025-12-08,Magdeburg,0,0,1,0.58,8.319,393
2025-12-15,Magdeburg,0,0,1,0.73,8.761,393
2025-12-22,Magdeburg,0,0,1,0.52,8.699,393
2024-10-07,Freiburg,0,0,0,2.06,26.246,1369
2024-10-14,Freiburg,0,0,0,1.99,26.179,1369
2024-10-21,Freiburg,0,0,0,1.93,26.435,1369
2024-10-28,Freiburg,0,0,0,1.49,25.121,1369
2024-11-04,Freiburg,0,0,0,2.23,27.241,1369
2024-11-11,Freiburg,0,0,0,2.07,27.057,1369
2024-11-18,Freiburg,0,0,0,1.69,27.875,1369
2024-11-25,Freiburg,0,0,0,1.87,29.95,1369
2024-12-02,Freiburg,0,0,0,1.85,28.997,1369
2024-12-09,Freiburg,0,0,0,1.81,29.64,1369
2024-12-16,Freiburg,0,0,0,2.02,28.369,1369
2024-12-23,Freiburg,0,0,0,2.42,29.047,1369
2024-12-30,Freiburg,0,0,0,2.05,28.416,1369
2025-01-06,Freiburg,0,0,0,1.35,26.842,1369
2025-01-13,Freiburg,0,0,0,1.76,27.504,1369
2025-01-20,Freiburg,0,0,0,2.08,27.819,1369
2025-01-27,Freiburg,0,0,0,2.02,28.077,1369
2025-02-03,Freiburg,0,0,0,1.78,29.295,1369
2025-02-10,Freiburg,0,0,0,1.91,27.017,1369
2025-02-17,Freiburg,0,0,0,1.86,27.561,1369
2025-02-24,Freiburg,0,0,0,1.53,26.895,1369
2025-03-03,Freiburg,0,0,0,1.64,24.815,1369
2025-03-10,Freiburg,0,0,0,1.63,26.865,1369
2025-03-17,Freiburg,0,0,0,2.07,27.25,1369
2025-03-24,Freiburg,0,0,0,2.29,24.677,1369
2025-03-31,Freiburg,0,0,0,2.21,25.035,1369
2025-04-07,Freiburg,0,0,0,2.04,22.155,1369
2025-04-14,Freiburg,0,0,0,3.05,23.657,1369
2025-04-21,Freiburg,0,0,0,1.91,21.563,1369
2025-04-28,Freiburg,0,0,0,1.55,22.577,1369
2025-05-05,Freiburg,0,0,0,1.39,22.737,1369
2025-05-12,Freiburg,0,0,0,2.73,20.073,1369
2025-05-19,Freiburg,0,0,0,1.96,19.862,1369
2025-05-26,Freiburg,0,0,0,1.92,21.503,1369
2025-06-02,Freiburg,0,0,0,1.91,20.684,1369
2025-06-09,Freiburg,0,0,0,2.33,21.376,1369
2025-06-16,Freiburg,0,0,0,2.22,20.002,1369
2025-06-23,Freiburg,0,0,0,2.0,20.188,1369
2025-06-30,Freiburg,0,0,0,1.67,18.507,1369
2025-07-07,Freiburg,0,0,0,2.3,19.421,1369
2025-07-14,Freiburg,0,0,0,1.4,19.839,1369
2025-07-21,Freiburg,0,0,0,1.8,20.099,1369
2025-07-28,Freiburg,0,0,0,2.35,19.41,1369
2025-08-04,Freiburg,0,0,0,2.74,20.539,1369
2025-08-11,Freiburg,0,0,0,2.59,21.965,1369
2025-08-18,Freiburg,0,0,0,2.41,22.704,1369
2025-08-25,Freiburg,0,0,0,2.48,21.677,1369
2025-09-01,Freiburg,0,0,0,1.58,22.74,1369
2025-09-08,Freiburg,0,1,0,1.43,24.344,1369
2025-09-15,Freiburg,0,1,0,1.47,24.158,1369
2025-09-22,Freiburg,0,1,0,1.74,25.217,1369
2025-09-29,Freiburg,0,1,0,1.59,24.471,1369
2025-10-06,Freiburg,0,1,0,1.96,26.499,1369
2025-10-13,Freiburg,0,1,0,2.96,27.495,1369
2025-10-20,Freiburg,0,1,0,1.92,28.15,1369
2025-10-27,Freiburg,0,1,0,2.68,28.257,1369
2025-11-03,Freiburg,0,0,1,1.68,28.505,1369
2025-11-10,Freiburg,0,0,1,2.06,29.3,1369
2025-11-17,Freiburg,0,0,1,1.89,30.645,1369
2025-11-24,Freiburg,0,0,1,1.62,28.242,1369
2025-12-01,Freiburg,0,0,1,2.15,28.386,1369
2025-12-08,Freiburg,0,0,1,1.91,29.428,1369
2025-12-15,Freiburg,0,0,1,1.84,31.356,1369
2025-12-22,Freiburg,0,0,1,1.99,29.066,1369
2024-10-07,Krefeld,0,0,0,0.83,12.96,715
2024-10-14,Krefeld,0,0,0,0.86,14.082,715
2024-10-21,Krefeld,0,0,0,0.94,13.877,715
2024-10-28,Krefeld,0,0,0,1.15,15.056,715
2024-11-04,Krefeld,0,0,0,1.16,14.51,715
2024-11-11,Krefeld,0,0,0,0.91,14.163,715
2024-11-18,Krefeld,0,0,0,1.88,15.319,715
2024-11-25,Krefeld,0,0,0,1.21,15.385,715
2024-12-02,Krefeld,0,0,0,1.18,14.632,715
2024-12-09,Krefeld,0,0,0,1.25,16.238,715
2024-12-16,Krefeld,0,0,0,0.88,15.468,715
2024-12-23,Krefeld,0,0,0,0.99,16.55,715
2024-12-30,Krefeld,0,0,0,1.15,15.109,715
2025-01-06,Krefeld,0,0,0,0.95,15.058,715
2025-01-13,Krefeld,0,0,0,1.08,14.123,715
2025-01-20,Krefeld,0,0,0,1.15,14.401,715
2025-01-27,Krefeld,0,0,0,1.12,14.2,715
2025-02-03,Krefeld,0,0,0,0.84,14.617,715
2025-02-10,Krefeld,0,0,0,0.85,14.602,715
2025-02-17,Krefeld,0,0,0,0.78,14.308,715
2025-02-24,Krefeld,0,0,0,1.42,14.018,715
2025-03-03,Krefeld,0,0,0,1.08,13.471,715
2025-03-10,Krefeld,0,0,0,1.29,13.505,715
2025-03-17,Krefeld,0,0,0,0.98,12.339,715
2025-03-24,Krefeld,0,0,0,1.08,12.183,715
2025-03-31,Krefeld,0,0,0,1.09,12.809,715
2025-04-07,Krefeld,0,0,0,1.35,12.552,715
2025-04-14,Krefeld,0,0,0,1.14,11.766,715
2025-04-21,Krefeld,0,0,0,1.09,10.783,715
2025-04-28,Krefeld,0,0,0,0.93,10.815,715
2025-05-05,Krefeld,0,0,0,0.96,10.971,715
2025-05-12,Krefeld,0,0,0,1.13,10.858,715
2025-05-19,Krefeld,0,0,0,1.21,10.116,715
2025-05-26,Krefeld,0,0,0,0.98,9.639,715
2025-06-02,Krefeld,0,0,0,1.26,9.921,715
2025-06-09,Krefeld,0,0,0,0.89,9.871,715
2025-06-16,Krefeld,0,0,0,1.24,10.638,715
2025-06-23,Krefeld,0,0,0,1.26,9.908,715
2025-06-30,Krefeld,0,0,0,1.31,9.602,715
2025-07-07,Krefeld,0,0,0,0.87,9.403,715
2025-07-14,Krefeld,0,0,0,1.31,10.034,715
2025-07-21,Krefeld,0,0,0,1.02,10.053,715
2025-07-28,Krefeld,0,0,0,1.15,9.706,715
2025-08-04,Krefeld,0,0,0,1.16,10.048,715
2025-08-11,Krefeld,0,0,0,1.04,10.888,715
2025-08-18,Krefeld,0,0,0,1.13,10.72,715
2025-08-25,Krefeld,0,0,0,1.01,10.307,715
2025-09-01,Krefeld,0,0,0,0.87,11.936,715
2025-09-08,Krefeld,0,1,0,1.13,11.429,715
2025-09-15,Krefeld,0,1,0,1.24,12.867,715
2025-09-22,Krefeld,0,1,0,1.12,13.394,715
2025-09-29,Krefeld,0,1,0,1.01,14.05,715
2025-10-06,Krefeld,0,1,0,1.4,13.348,715
2025-10-13,Krefeld,0,1,0,0.9,12.537,715
2025-10-20,Krefeld,0,1,0,1.0,13.152,715
2025-10-27,Krefeld,0,1,0,0.64,13.622,715
2025-11-03,Krefeld,0,0,1,1.09,15.812,715
2025-11-10,Krefeld,0,0,1,1.05,15.539,715
2025-11-17,Krefeld,0,0,1,0.88,15.409,715
2025-11-24,Krefeld,0,0,1,0.82,14.667,715
2025-12-01,Krefeld,0,0,1,1.18,14.999,715
2025-12-08,Krefeld,0,0,1,1.22,15.063,715
2025-12-15,Krefeld,0,0,1,0.88,14.547,715
2025-12-22,Krefeld,0,0,1,0.93,15.711,715
2024-10-07,Mainz,0,0,0,2.66,37.652,2131
2024-10-14,Mainz,0,0,0,3.59,43.388,2131
2024-10-21,Mainz,0,0,0,3.65,40.486,2131
2024-10-28,Mainz,0,0,0,3.8,40.411,2131
2024-11-04,Mainz,0,0,0,2.81,45.375,2131
2024-11-11,Mainz,0,0,0,2.48,43.236,2131
2024-11-18,Mainz,0,0,0,3.6,44.519,2131
2024-11-25,Mainz,0,0,0,2.7,46.366,2131
2024-12-02,Mainz,0,0,0,2.27,47.229,2131
2024-12-09,Mainz,0,0,0,2.55,46.521,2131
2024-12-16,Mainz,0,0,0,3.29,43.65,2131
2024-12-23,Mainz,0,0,0,2.56,45.522,2131
2024-12-30,Mainz,0,0,0,4.03,44.035,2131
2025-01-06,Mainz,0,0,0,3.28,45.163,2131
2025-01-13,Mainz,0,0,0,3.12,45.556,2131
2025-01-20,Mainz,0,0,0,2.02,43.229,2131
2025-01-27,Mainz,0,0,0,3.61,42.871,2131
2025-02-03,Mainz,0,0,0,4.63,43.845,2131
2025-02-10,Mainz,0,0,0,4.4,45.135,2131
2025-02-17,Mainz,0,0,0,2.49,42.212,2131
2025-02-24,Mainz,0,0,0,4.3,41.36,2131
2025-03-03,Mainz,0,0,0,2.41,40.267,2131
2025-03-10,Mainz,0,0,0,3.04,37.387,2131
2025-03-17,Mainz,0,0,0,3.94,40.051,2131
2025-03-24,Mainz,0,0,0,3.91,39.691,2131
2025-03-31,Mainz,0,0,0,3.83,39.676,2131
2025-04-07,Mainz,0,0,0,3.09,35.294,2131
2025-04-14,Mainz,0,0,0,4.08,34.98,2131
2025-04-21,Mainz,0,0,0,3.01,36.86,2131
2025-04-28,Mainz,0,0,0,2.54,33.351,2131
2025-05-05,Mainz,0,0,0,2.81,32.869,2131
2025-05-12,Mainz,0,0,0,1.93,32.757,2131
2025-05-19,Mainz,0,0,0,2.37,30.639,2131
2025-05-26,Mainz,0,0,0,2.99,29.752,2131
2025-06-02,Mainz,0,0,0,3.71,30.525,2131
2025-06-09,Mainz,0,0,0,3.43,30.597,2131
2025-06-16,Mainz,0,0,0,5.67,31.732,2131
2025-06-23,Mainz,0,0,0,3.07,28.827,2131
2025-06-30,Mainz,0,0,0,4.41,30.361,2131
2025-07-07,Mainz,0,0,0,1.99,26.164,2131
2025-07-14,Mainz,0,0,0,4.22,27.319,2131
2025-07-21,Mainz,0,0,0,2.38,31.011,2131
2025-07-28,Mainz,0,0,0,3.63,32.237,2131
2025-08-04,Mainz,0,0,0,3.21,32.148,2131
2025-08-11,Mainz,0,0,0,4.05,31.102,2131
2025-08-18,Mainz,0,0,0,2.92,32.209,2131
2025-08-25,Mainz,0,0,0,3.68,34.472,2131
2025-09-01,Mainz,0,0,0,2.4,36.899,2131
2025-09-08,Mainz,0,1,0,3.66,37.215,2131
2025-09-15,Mainz,0,1,0,4.0,39.654,2131
2025-09-22,Mainz,0,1,0,3.97,39.483,2131
2025-09-29,Mainz,0,1,0,3.07,41.544,2131
2025-10-06,Mainz,0,1,0,2.73,43.622,2131
2025-10-13,Mainz,0,1,0,2.22,41.003,2131
2025-10-20,Mainz,0,1,0,3.93,44.578,2131
2025-10-27,Mainz,0,1,0,3.67,42.155,2131
2025-11-03,Mainz,0,0,1,2.45,45.817,2131
2025-11-10,Mainz,0,0,1,3.45,43.766,2131
2025-11-17,Mainz,0,0,1,2.77,45.916,2131
2025-11-24,Mainz,0,0,1,2.86,43.819,2131
2025-12-01,Mainz,0,0,1,3.01,45.723,2131
2025-12-08,Mainz,0,0,1,3.25,48.005,2131
2025-12-15,Mainz,0,0,1,3.03,47.394,2131
2025-12-22,Mainz,0,0,1,3.72,50.283,2131
2024-10-07,Lübeck,0,0,0,1.2,15.929,813
2024-10-14,Lübeck,0,0,0,1.15,15.613,813
2024-10-21,Lübeck,0,0,0,1.29,16.385,813
2024-10-28,Lübeck,0,0,0,1.16,15.767,813
2024-11-04,Lübeck,0,0,0,1.08,16.404,813
2024-11-11,Lübeck,0,0,0,1.06,17.613,813
2024-11-18,Lübeck,0,0,0,0.89,16.151,813
2024-11-25,Lübeck,0,0,0,1.12,16.31,813
2024-12-02,Lübeck,0,0,0,1.42,17.156,813
2024-12-09,Lübeck,0,0,0,1.47,16.905,813
2024-12-16,Lübeck,0,0,0,1.21,17.753,813
2024-12-23,Lübeck,0,0,0,1.28,17.617,813
2024-12-30,Lübeck,0,0,0,0.98,17.476,813
2025-01-06,Lübeck,0,0,0,0.94,15.871,813
2025-01-13,Lübeck,0,0,0,1.04,17.01,813
2025-01-20,Lübeck,0,0,0,0.69,17.898,813
2025-01-27,Lübeck,0,0,0,0.96,17.332,813
2025-02-03,Lübeck,0,0,0,1.4,16.596,813
2025-02-10,Lübeck,0,0,0,1.78,18.264,813
2025-02-17,Lübeck,0,0,0,0.89,15.849,813
2025-02-24,Lübeck,0,0,0,1.6,15.318,813
2025-03-03,Lübeck,0,0,0,1.2,15.05,813
2025-03-10,Lübeck,0,0,0,1.21,15.006,813
2025-03-17,Lübeck,0,0,0,0.93,15.64,813
2025-03-24,Lübeck,0,0,0,1.0,15.71,813
2025-03-31,Lübeck,0,0,0,0.99,13.823,813
2025-04-07,Lübeck,0,0,0,1.23,14.202,813
2025-04-14,Lübeck,0,0,0,1.62,14.157,813
2025-04-21,Lübeck,0,0,0,1.03,12.957,813
2025-04-28,Lübeck,0,0,0,1.19,12.336,813
2025-05-05,Lübeck,0,0,0,1.37,12.635,813
2025-05-12,Lübeck,0,0,0,1.24,12.436,813
2025-05-19,Lübeck,0,0,0,1.41,12.807,813
2025-05-26,Lübeck,0,0,0,0.96,11.8,813
2025-06-02,Lübeck,0,0,0,0.96,11.982,813
2025-06-09,Lübeck,0,0,0,1.04,11.115,813
2025-06-16,Lübeck,0,0,0,1.11,11.612,813
2025-06-23,Lübeck,0,0,0,1.55,11.617,813
2025-06-30,Lübeck,0,0,0,1.4,10.8,813
2025-07-07,Lübeck,0,0,0,2.02,10.235,813
2025-07-14,Lübeck,0,0,0,1.39,10.873,813
2025-07-21,Lübeck,0,0,0,0.97,11.395,813
2025-07-28,Lübeck,0,0,0,1.03,11.711,813
2025-08-04,Lübeck,0,0,0,1.1,12.023,813
2025-08-11,Lübeck,0,0,0,0.89,13.228,813
2025-08-18,Lübeck,0,0,0,1.3,13.635,813
2025-08-25,Lübeck,0,0,0,1.34,13.261,813
2025-09-01,Lübeck,0,0,0,1.14,13.701,813
2025-09-08,Lübeck,0,1,0,1.52,12.92,813
2025-09-15,Lübeck,0,1,0,1.03,14.45,813
2025-09-22,Lübeck,0,1,0,1.02,15.231,813
2025-09-29,Lübeck,0,1,0,1.33,15.868,813
2025-10-06,Lübeck,0,1,0,1.28,14.872,813
2025-10-13,Lübeck,0,1,0,1.59,16.963,813
2025-10-20,Lübeck,0,1,0,1.65,17.339,813
2025-10-27,Lübeck,0,1,0,1.54,17.114,813
2025-11-03,Lübeck,0,0,1,1.16,17.163,813
2025-11-10,Lübeck,0,0,1,1.05,17.156,813
2025-11-17,Lübeck,0,0,1,0.98,18.112,813
2025-11-24,Lübeck,0,0,1,1.11,18.107,813
2025-12-01,Lübeck,0,0,1,1.11,17.689,813
2025-12-08,Lübeck,0,0,1,1.4,17.565,813
2025-12-15,Lübeck,0,0,1,1.51,18.157,813
2025-12-22,Lübeck,0,0,1,1.01,19.203,813
2024-10-07,Erfurt,0,0,0,0.98,11.176,592
2024-10-14,Erfurt,0,0,0,0.79,12.052,592
2024-10-21,Erfurt,0,0,0,0.81,11.408,592
2024-10-28,Erfurt,0,0,0,0.94,12.722,592
2024-11-04,Erfurt,0,0,0,0.81,12.395,592
2024-11-11,Erfurt,0,0,0,0.81,12.175,592
2024-11-18,Erfurt,0,0,0,0.65,11.241,592
2024-11-25,Erfurt,0,0,0,0.64,12.033,592
2024-12-02,Erfurt,0,0,0,1.02,11.939,592
2024-12-09,Erfurt,0,0,0,0.92,11.761,592
2024-12-16,Erfurt,0,0,0,1.21,12.333,592
2024-12-23,Erfurt,0,0,0,0.74,12.626,592
2024-12-30,Erfurt,0,0,0,0.7,12.637,592
2025-01-06,Erfurt,0,0,0,0.78,12.763,592
2025-01-13,Erfurt,0,0,0,0.83,12.366,592
2025-01-20,Erfurt,0,0,0,0.94,11.956,592
2025-01-27,Erfurt,0,0,0,0.89,12.321,592
2025-02-03,Erfurt,0,0,0,0.61,11.815,592
2025-02-10,Erfurt,0,0,0,0.9,12.25,592
2025-02-17,Erfurt,0,0,0,1.01,11.183,592
2025-02-24,Erfurt,0,0,0,0.88,12.161,592
2025-03-03,Erfurt,0,0,0,0.94,11.907,592
2025-03-10,Erfurt,0,0,0,0.98,10.948,592
2025-03-17,Erfurt,0,0,0,0.81,10.82,592
2025-03-24,Erfurt,0,0,0,0.95,11.198,592
2025-03-31,Erfurt,0,0,0,0.86,10.81,592
2025-04-07,Erfurt,0,0,0,0.86,9.865,592
2025-04-14,Erfurt,0,0,0,1.22,10.038,592
2025-04-21,Erfurt,0,0,0,0.89,10.539,592
2025-04-28,Erfurt,0,0,0,0.69,9.448,592
2025-05-05,Erfurt,0,0,0,0.73,9.049,592
2025-05-12,Erfurt,0,0,0,0.78,8.961,592
2025-05-19,Erfurt,0,0,0,0.89,9.299,592
2025-05-26,Erfurt,0,0,0,0.81,8.747,592
2025-06-02,Erfurt,0,0,0,1.05,8.122,592
2025-06-09,Erfurt,0,0,0,1.19,8.995,592
2025-06-16,Erfurt,0,0,0,1.21,8.648,592
2025-06-23,Erfurt,0,0,0,0.73,8.036,592
2025-06-30,Erfurt,0,0,0,0.9,7.915,592
2025-07-07,Erfurt,0,0,0,1.1,7.763,592
2025-07-14,Erfurt,0,0,0,1.01,8.724,592
2025-07-21,Erfurt,0,0,0,0.92,7.99,592
2025-07-28,Erfurt,0,0,0,0.55,8.825,592
2025-08-04,Erfurt,0,0,0,0.86,9.019,592
2025-08-11,Erfurt,0,0,0,1.32,9.08,592
2025-08-18,Erfurt,0,0,0,1.01,9.283,592
2025-08-25,Erfurt,0,0,0,0.89,9.857,592
2025-09-01,Erfurt,0,0,0,0.77,10.031,592
2025-09-08,Erfurt,0,1,0,0.85,9.908,592
2025-09-15,Erfurt,0,1,0,0.78,10.248,592
2025-09-22,Erfurt,0,1,0,1.26,11.273,592
2025-09-29,Erfurt,0,1,0,0.79,10.691,592
2025-10-06,Erfurt,0,1,0,0.58,11.986,592
2025-10-13,Erfurt,0,1,0,0.67,11.305,592
2025-10-20,Erfurt,0,1,0,0.57,11.904,592
2025-10-27,Erfurt,0,1,0,0.55,12.596,592
2025-11-03,Erfurt,0,0,1,0.73,13.206,592
2025-11-10,Erfurt,0,0,1,0.77,13.227,592
2025-11-17,Erfurt,0,0,1,0.8,12.364,592
2025-11-24,Erfurt,0,0,1,0.82,13.314,592
2025-12-01,Erfurt,0,0,1,0.86,13.118,592
2025-12-08,Erfurt,0,0,1,1.07,12.782,592
2025-12-15,Erfurt,0,0,1,1.09,14.337,592
2025-12-22,Erfurt,0,0,1,0.93,13.578,592
2024-10-07,Oberhausen,1,0,0,0.64,8.367,440
2024-10-14,Oberhausen,1,0,0,0.59,8.796,440
2024-10-21,Oberhausen,1,0,0,0.51,8.119,440
2024-10-28,Oberhausen,1,0,0,0.66,8.039,440
2024-11-04,Oberhausen,1,0,0,0.47,8.627,440
2024-11-11,Oberhausen,1,0,0,0.66,8.545,440
2024-11-18,Oberhausen,1,0,0,0.53,8.995,440
2024-11-25,Oberhausen,1,0,0,0.69,9.542,440
2024-12-02,Oberhausen,1,0,0,0.66,8.974,440
2024-12-09,Oberhausen,1,0,0,0.47,9.529,440
2024-12-16,Oberhausen,1,0,0,0.56,9.26,440
2024-12-23,Oberhausen,1,0,0,0.68,9.119,440
2024-12-30,Oberhausen,1,0,0,0.66,9.483,440
2025-01-06,Oberhausen,1,0,0,0.77,9.309,440
2025-01-13,Oberhausen,1,0,0,0.64,9.226,440
2025-01-20,Oberhausen,1,0,0,0.59,8.922,440
2025-01-27,Oberhausen,1,0,0,0.75,9.511,440
2025-02-03,Oberhausen,1,0,0,0.73,9.238,440
2025-02-10,Oberhausen,1,0,0,0.84,9.588,440
2025-02-17,Oberhausen,1,0,0,0.67,8.645,440
2025-02-24,Oberhausen,1,0,0,0.61,9.229,440
2025-03-03,Oberhausen,1,0,0,0.61,8.542,440
2025-03-10,Oberhausen,1,0,0,0.5,8.512,440
2025-03-17,Oberhausen,1,0,0,0.82,7.705,440
2025-03-24,Oberhausen,1,0,0,0.56,8.512,440
2025-03-31,Oberhausen,1,0,0,1.07,7.721,440
2025-04-07,Oberhausen,1,0,0,0.59,7.864,440
2025-04-14,Oberhausen,1,0,0,0.63,6.886,440
2025-04-21,Oberhausen,1,0,0,0.82,7.308,440
2025-04-28,Oberhausen,1,0,0,0.96,7.02,440
2025-05-05,Oberhausen,1,0,0,0.7,7.175,440
2025-05-12,Oberhausen,1,0,0,0.7,7.16,440
2025-05-19,Oberhausen,1,0,0,0.68,6.782,440
2025-05-26,Oberhausen,1,0,0,0.73,6.761,440
2025-06-02,Oberhausen,1,0,0,0.56,6.599,440
2025-06-09,Oberhausen,1,0,0,0.5,6.663,440
2025-06-16,Oberhausen,1,0,0,0.59,6.9,440
2025-06-23,Oberhausen,1,0,0,0.69,6.624,440
2025-06-30,Oberhausen,1,0,0,0.53,6.139,440
2025-07-07,Oberhausen,1,0,0,0.61,6.267,440
2025-07-14,Oberhausen,1,0,0,0.8,5.967,440
2025-07-21,Oberhausen,1,0,0,0.6,5.87,440
2025-07-28,Oberhausen,1,0,0,0.61,6.464,440
2025-08-04,Oberhausen,1,0,0,0.6,6.982,440
2025-08-11,Oberhausen,1,0,0,0.65,6.996,440
2025-08-18,Oberhausen,1,0,0,0.49,6.752,440
2025-08-25,Oberhausen,1,0,0,0.62,7.348,440
2025-09-01,Oberhausen,1,0,0,0.54,7.334,440
2025-09-08,Oberhausen,1,1,0,1.35,7.826,440
2025-09-15,Oberhausen,1,1,0,1.15,8.19,440
2025-09-22,Oberhausen,1,1,0,1.76,9.011,440
2025-09-29,Oberhausen,1,1,0,1.29,8.902,440
2025-10-06,Oberhausen,1,1,0,1.51,8.876,440
2025-10-13,Oberhausen,1,1,0,2.16,9.99,440
2025-10-20,Oberhausen,1,1,0,1.61,9.28,440
2025-10-27,Oberhausen,1,1,0,1.95,10.141,440
2025-11-03,Oberhausen,1,0,1,0.57,9.995,440
2025-11-10,Oberhausen,1,0,1,0.64,9.42,440
2025-11-17,Oberhausen,1,0,1,0.67,9.02,440
2025-11-24,Oberhausen,1,0,1,0.69,9.466,440
2025-12-01,Oberhausen,1,0,1,0.66,9.909,440
2025-12-08,Oberhausen,1,0,1,0.63,9.665,440
2025-12-15,Oberhausen,1,0,1,0.58,10.33,440
2025-12-22,Oberhausen,1,0,1,0.5,10.215,440
2024-10-07,Rostock,1,0,0,0.93,13.671,695
2024-10-14,Rostock,1,0,0,0.95,13.847,695
2024-10-21,Rostock,1,0,0,1.08,13.447,695
2024-10-28,Rostock,1,0,0,0.96,14.214,695
2024-11-04,Rostock,1,0,0,0.84,14.524,695
2024-11-11,Rostock,1,0,0,1.04,14.327,695
2024-11-18,Rostock,1,0,0,0.91,13.771,695
2024-11-25,Rostock,1,0,0,1.01,14.007,695
2024-12-02,Rostock,1,0,0,1.07,14.485,695
2024-12-09,Rostock,1,0,0,0.98,13.949,695
2024-12-16,Rostock,1,0,0,1.01,15.284,695
2024-12-23,Rostock,1,0,0,0.92,15.11,695
2024-12-30,Rostock,1,0,0,0.95,15.885,695
2025-01-06,Rostock,1,0,0,1.04,14.174,695
2025-01-13,Rostock,1,0,0,1.22,14.503,695
2025-01-20,Rostock,1,0,0,1.07,14.724,695
2025-01-27,Rostock,1,0,0,1.01,12.702,695
2025-02-03,Rostock,1,0,0,0.85,13.868,695
2025-02-10,Rostock,1,0,0,0.83,13.825,695
2025-02-17,Rostock,1,0,0,0.9,14.694,695
2025-02-24,Rostock,1,0,0,0.84,13.612,695
2025-03-03,Rostock,1,0,0,0.87,13.188,695
2025-03-10,Rostock,1,0,0,0.87,12.47,695
2025-03-17,Rostock,1,0,0,0.85,13.684,695
2025-03-24,Rostock,1,0,0,1.08,12.051,695
2025-03-31,Rostock,1,0,0,0.97,11.849,695
2025-04-07,Rostock,1,0,0,1.14,11.942,695
2025-04-14,Rostock,1,0,0,1.18,11.563,695
2025-04-21,Rostock,1,0,0,0.89,11.646,695
2025-04-28,Rostock,1,0,0,1.3,11.106,695
2025-05-05,Rostock,1,0,0,1.02,10.999,695
2025-05-12,Rostock,1,0,0,1.21,10.994,695
2025-05-19,Rostock,1,0,0,1.12,11.173,695
2025-05-26,Rostock,1,0,0,1.03,10.098,695
2025-06-02,Rostock,1,0,0,1.02,9.062,695
2025-06-09,Rostock,1,0,0,1.25,9.785,695
2025-06-16,Rostock,1,0,0,1.38,10.383,695
2025-06-23,Rostock,1,0,0,0.97,9.59,695
2025-06-30,Rostock,1,0,0,0.9,9.608,695
2025-07-07,Rostock,1,0,0,0.99,9.633,695
2025-07-14,Rostock,1,0,0,0.74,10.094,695
2025-07-21,Rostock,1,0,0,0.96,9.566,695
2025-07-28,Rostock,1,0,0,1.36,9.849,695
2025-08-04,Rostock,1,0,0,1.07,10.287,695
2025-08-11,Rostock,1,0,0,0.96,10.889,695
2025-08-18,Rostock,1,0,0,0.98,11.474,695
2025-08-25,Rostock,1,0,0,0.96,12.193,695
2025-09-01,Rostock,1,0,0,1.01,11.804,695
2025-09-08,Rostock,1,1,0,3.3,12.297,695
2025-09-15,Rostock,1,1,0,2.67,13.325,695
2025-09-22,Rostock,1,1,0,2.77,12.159,695
2025-09-29,Rostock,1,1,0,2.0,12.384,695
2025-10-06,Rostock,1,1,0,1.98,13.607,695
2025-10-13,Rostock,1,1,0,2.31,14.265,695
2025-10-20,Rostock,1,1,0,3.02,14.24,695
2025-10-27,Rostock,1,1,0,2.6,15.924,695
2025-11-03,Rostock,1,0,1,1.12,15.875,695
2025-11-10,Rostock,1,0,1,0.96,15.405,695
2025-11-17,Rostock,1,0,1,1.18,14.603,695
2025-11-24,Rostock,1,0,1,1.08,14.6,695
2025-12-01,Rostock,1,0,1,1.45,15.12,695
2025-12-08,Rostock,1,0,1,1.22,16.247,695
2025-12-15,Rostock,1,0,1,0.97,14.752,695
2025-12-22,Rostock,1,0,1,1.04,15.132,695
2024-10-07,Kassel,0,0,0,2.8,34.079,1785
2024-10-14,Kassel,0,0,0,2.23,30.984,1785
2024-10-21,Kassel,0,0,0,2.56,35.147,1785
2024-10-28,Kassel,0,0,0,2.7,36.331,1785
2024-11-04,Kassel,0,0,0,2.31,38.567,1785
2024-11-11,Kassel,0,0,0,3.08,37.511,1785
2024-11-18,Kassel,0,0,0,2.58,37.883,1785
2024-11-25,Kassel,0,0,0,3.39,36.002,1785
2024-12-02,Kassel,0,0,0,2.65,37.25,1785
2024-12-09,Kassel,0,0,0,3.27,36.429,1785
2024-12-16,Kassel,0,0,0,2.42,37.036,1785
2024-12-23,Kassel,0,0,0,2.92,39.076,1785
2024-12-30,Kassel,0,0,0,1.72,39.413,1785
2025-01-06,Kassel,0,0,0,2.42,37.538,1785
2025-01-13,Kassel,0,0,0,2.18,35.472,1785
2025-01-20,Kassel,0,0,0,3.3,37.528,1785
2025-01-27,Kassel,0,0,0,2.93,37.919,1785
2025-02-03,Kassel,0,0,0,2.82,36.7,1785
2025-02-10,Kassel,0,0,0,1.98,36.439,1785
2025-02-17,Kassel,0,0,0,2.81,36.159,1785
2025-02-24,Kassel,0,0,0,2.65,35.338,1785
2025-03-03,Kassel,0,0,0,2.1,35.585,1785
2025-03-10,Kassel,0,0,0,2.82,33.775,1785
2025-03-17,Kassel,0,0,0,3.3,34.572,1785
2025-03-24,Kassel,0,0,0,2.49,34.677,1785
2025-03-31,Kassel,0,0,0,3.17,30.625,1785
2025-04-07,Kassel,0,0,0,2.81,30.886,1785
2025-04-14,Kassel,0,0,0,2.71,30.027,1785
2025-04-21,Kassel,0,0,0,2.35,30.952,1785
2025-04-28,Kassel,0,0,0,3.15,27.653,1785
2025-05-05,Kassel,0,0,0,2.02,27.4,1785
2025-05-12,Kassel,0,0,0,3.06,26.222,1785
2025-05-19,Kassel,0,0,0,2.42,27.208,1785
2025-05-26,Kassel,0,0,0,2.39,26.263,1785
2025-06-02,Kassel,0,0,0,2.58,25.745,1785
2025-06-09,Kassel,0,0,0,2.22,25.555,1785
2025-06-16,Kassel,0,0,0,3.62,25.175,1785
2025-06-23,Kassel,0,0,0,2.29,26.185,1785
2025-06-30,Kassel,0,0,0,4.08,24.16,1785
2025-07-07,Kassel,0,0,0,2.63,23.768,1785
2025-07-14,Kassel,0,0,0,2.07,23.171,1785
2025-07-21,Kassel,0,0,0,2.28,24.789,1785
2025-07-28,Kassel,0,0,0,2.43,23.941,1785
2025-08-04,Kassel,0,0,0,2.35,26.025,1785
2025-08-11,Kassel,0,0,0,1.86,26.392,1785
2025-08-18,Kassel,0,0,0,2.44,27.266,1785
2025-08-25,Kassel,0,0,0,3.93,30.51,1785
2025-09-01,Kassel,0,0,0,1.88,30.066,1785
2025-09-08,Kassel,0,1,0,2.54,31.275,1785
2025-09-15,Kassel,0,1,0,2.89,30.694,1785
2025-09-22,Kassel,0,1,0,2.63,32.175,1785
2025-09-29,Kassel,0,1,0,3.02,32.711,1785
2025-10-06,Kassel,0,1,0,2.22,31.469,1785
2025-10-13,Kassel,0,1,0,2.8,33.646,1785
2025-10-20,Kassel,0,1,0,2.71,34.049,1785
2025-10-27,Kassel,0,1,0,2.66,39.102,1785
2025-11-03,Kassel,0,0,1,1.88,36.673,1785
2025-11-10,Kassel,0,0,1,2.74,39.633,1785
2025-11-17,Kassel,0,0,1,3.8,39.41,1785
2025-11-24,Kassel,0,0,1,2.72,37.645,1785
2025-12-01,Kassel,0,0,1,2.04,38.008,1785
2025-12-08,Kassel,0,0,1,3.83,37.714,1785
2025-12-15,Kassel,0,0,1,2.69,40.23,1785
2025-12-22,Kassel,0,0,1,2.93,41.231,1785
